event,seq,utc,detail
RECONNECT,3817,2026-09-26T17:10:14.380Z,connected
ACK,3817,2026-09-26T17:10:14.476Z,
ACK,3818,2026-09-26T17:10:14.543Z,
ACK,3819,2026-09-26T17:10:14.649Z,
ACK,3820,2026-09-26T17:10:14.764Z,
ACK,3821,2026-09-26T17:10:14.831Z,
ACK,3822,2026-09-26T17:10:14.954Z,
ACK,3823,2026-09-26T17:10:15.038Z,
ACK,3824,2026-09-26T17:10:15.143Z,
ACK,3825,2026-09-26T17:10:15.247Z,
ACK,3826,2026-09-26T17:10:15.343Z,
ACK,3827,2026-09-26T17:10:15.436Z,
ACK,3828,2026-09-26T17:10:15.544Z,
ACK,3829,2026-09-26T17:10:15.654Z,
ACK,3830,2026-09-26T17:10:15.755Z,
ACK,3831,2026-09-26T17:10:15.851Z,
ACK,3832,2026-09-26T17:10:15.947Z,
ACK,3833,2026-09-26T17:10:16.057Z,
ACK,3834,2026-09-26T17:10:16.154Z,
ACK,3835,2026-09-26T17:10:16.249Z,
ACK,3836,2026-09-26T17:10:16.364Z,
ACK,3837,2026-09-26T17:10:16.444Z,
ACK,3838,2026-09-26T17:10:16.567Z,
ACK,3839,2026-09-26T17:10:16.648Z,
ACK,3840,2026-09-26T17:10:16.758Z,
ACK,3841,2026-09-26T17:10:16.844Z,
ACK,3842,2026-09-26T17:10:16.968Z,
ACK,3843,2026-09-26T17:10:17.047Z,
ACK,3844,2026-09-26T17:10:17.220Z,
ACK,3845,2026-09-26T17:10:17.286Z,
ACK,3846,2026-09-26T17:10:17.380Z,
ACK,3847,2026-09-26T17:10:17.491Z,
ACK,3848,2026-09-26T17:10:17.576Z,
ACK,3849,2026-09-26T17:10:17.686Z,
ACK,3850,2026-09-26T17:10:18.031Z,
ACK,3851,2026-09-26T17:10:18.134Z,
ACK,3852,2026-09-26T17:10:18.203Z,
ACK,3853,2026-09-26T17:10:18.293Z,
ACK,3854,2026-09-26T17:10:18.399Z,
ACK,3855,2026-09-26T17:10:18.493Z,
ACK,3856,2026-09-26T17:10:18.604Z,
ACK,3857,2026-09-26T17:10:18.695Z,
ACK,3858,2026-09-26T17:10:18.799Z,
ACK,3859,2026-09-26T17:10:18.895Z,
ACK,3860,2026-09-26T17:10:19.176Z,
ACK,3861,2026-09-26T17:10:19.245Z,
ACK,3862,2026-09-26T17:10:19.337Z,
ACK,3863,2026-09-26T17:10:19.437Z,
ACK,3864,2026-09-26T17:10:19.535Z,
ACK,3865,2026-09-26T17:10:19.655Z,
ACK,3866,2026-09-26T17:10:19.921Z,
ACK,3867,2026-09-26T17:10:19.997Z,
ACK,3868,2026-09-26T17:10:20.113Z,
ACK,3869,2026-09-26T17:10:20.180Z,
ACK,3870,2026-09-26T17:10:20.345Z,
ACK,3871,2026-09-26T17:10:20.411Z,
ACK,3872,2026-09-26T17:10:20.511Z,
ACK,3873,2026-09-26T17:10:20.628Z,
ACK,3874,2026-09-26T17:10:20.729Z,
ACK,3875,2026-09-26T17:10:20.814Z,
ACK,3876,2026-09-26T17:10:20.921Z,
ACK,3877,2026-09-26T17:10:21.009Z,
ACK,3878,2026-09-26T17:10:21.108Z,
ACK,3879,2026-09-26T17:10:21.209Z,
ACK,3880,2026-09-26T17:10:21.308Z,
ACK,3881,2026-09-26T17:10:21.411Z,
ACK,3882,2026-09-26T17:10:21.514Z,
ACK,3883,2026-09-26T17:10:21.619Z,
ACK,3884,2026-09-26T17:10:21.720Z,
ACK,3885,2026-09-26T17:10:21.828Z,
ACK,3886,2026-09-26T17:10:22.161Z,
ACK,3887,2026-09-26T17:10:22.253Z,
ACK,3888,2026-09-26T17:10:22.321Z,
ACK,3889,2026-09-26T17:10:22.429Z,
ACK,3890,2026-09-26T17:10:22.520Z,
ACK,3891,2026-09-26T17:10:22.626Z,
ACK,3892,2026-09-26T17:10:22.743Z,
ACK,3893,2026-09-26T17:10:22.822Z,
ACK,3894,2026-09-26T17:10:22.922Z,
ACK,3895,2026-09-26T17:10:23.023Z,
ACK,3896,2026-09-26T17:10:23.138Z,
ACK,3897,2026-09-26T17:10:23.227Z,
ACK,3898,2026-09-26T17:10:23.326Z,
ACK,3899,2026-09-26T17:10:23.438Z,
ACK,3900,2026-09-26T17:10:23.523Z,
ACK,3901,2026-09-26T17:10:23.633Z,
ACK,3902,2026-09-26T17:10:23.749Z,
ACK,3903,2026-09-26T17:10:23.828Z,
ACK,3904,2026-09-26T17:10:24.176Z,
ACK,3905,2026-09-26T17:10:24.285Z,
ACK,3906,2026-09-26T17:10:24.357Z,
ACK,3907,2026-09-26T17:10:24.454Z,
ACK,3908,2026-09-26T17:10:24.543Z,
ACK,3909,2026-09-26T17:10:24.656Z,
ACK,3910,2026-09-26T17:10:24.933Z,
ACK,3911,2026-09-26T17:10:25.018Z,
ACK,3912,2026-09-26T17:10:25.231Z,
ACK,3913,2026-09-26T17:10:25.296Z,
ACK,3914,2026-09-26T17:10:25.401Z,
ACK,3915,2026-09-26T17:10:25.491Z,
ACK,3916,2026-09-26T17:10:25.618Z,
ACK,3917,2026-09-26T17:10:25.696Z,
ACK,3918,2026-09-26T17:10:25.803Z,
ACK,3919,2026-09-26T17:10:25.928Z,
ACK,3920,2026-09-26T17:10:26.023Z,
ACK,3921,2026-09-26T17:10:26.099Z,
ACK,3922,2026-09-26T17:10:26.192Z,
ACK,3923,2026-09-26T17:10:26.308Z,
ACK,3924,2026-09-26T17:10:26.397Z,
ACK,3925,2026-09-26T17:10:26.513Z,
ACK,3926,2026-09-26T17:10:26.601Z,
ACK,3927,2026-09-26T17:10:26.720Z,
ACK,3928,2026-09-26T17:10:26.804Z,
ACK,3929,2026-09-26T17:10:26.916Z,
ACK,3930,2026-09-26T17:10:26.998Z,
ACK,3931,2026-09-26T17:10:27.103Z,
ACK,3932,2026-09-26T17:10:27.209Z,
ACK,3933,2026-09-26T17:10:27.302Z,
ACK,3934,2026-09-26T17:10:27.401Z,
ACK,3935,2026-09-26T17:10:27.721Z,
ACK,3936,2026-09-26T17:10:27.811Z,
ACK,3937,2026-09-26T17:10:27.972Z,
ACK,3938,2026-09-26T17:10:28.033Z,
ACK,3939,2026-09-26T17:10:28.139Z,
ACK,3940,2026-09-26T17:10:28.232Z,
ACK,3941,2026-09-26T17:10:28.340Z,
ACK,3942,2026-09-26T17:10:28.435Z,
ACK,3943,2026-09-26T17:10:28.542Z,
ACK,3944,2026-09-26T17:10:28.638Z,
ACK,3945,2026-09-26T17:10:28.733Z,
ACK,3946,2026-09-26T17:10:28.841Z,
ACK,3947,2026-09-26T17:10:28.934Z,
ACK,3948,2026-09-26T17:10:29.038Z,
ACK,3949,2026-09-26T17:10:29.139Z,
ACK,3950,2026-09-26T17:10:29.237Z,
ACK,3951,2026-09-26T17:10:29.352Z,
ACK,3952,2026-09-26T17:10:29.438Z,
ACK,3953,2026-09-26T17:10:29.541Z,
ACK,3954,2026-09-26T17:10:29.639Z,
ACK,3955,2026-09-26T17:10:29.740Z,
ACK,3956,2026-09-26T17:10:29.841Z,
ACK,3957,2026-09-26T17:10:29.942Z,
ACK,3958,2026-09-26T17:10:30.050Z,
ACK,3959,2026-09-26T17:10:30.143Z,
ACK,3960,2026-09-26T17:10:30.242Z,
ACK,3961,2026-09-26T17:10:30.338Z,
ACK,3962,2026-09-26T17:10:30.446Z,
ACK,3963,2026-09-26T17:10:30.546Z,
ACK,3964,2026-09-26T17:10:30.643Z,
ACK,3965,2026-09-26T17:10:30.755Z,
ACK,3966,2026-09-26T17:10:30.918Z,
ACK,3967,2026-09-26T17:10:30.990Z,
ACK,3968,2026-09-26T17:10:31.087Z,
ACK,3969,2026-09-26T17:10:31.177Z,
ACK,3970,2026-09-26T17:10:31.293Z,
ACK,3971,2026-09-26T17:10:31.388Z,
ACK,3972,2026-09-26T17:10:31.490Z,
ACK,3973,2026-09-26T17:10:31.577Z,
ACK,3974,2026-09-26T17:10:31.683Z,
ACK,3975,2026-09-26T17:10:31.776Z,
ACK,3976,2026-09-26T17:10:31.885Z,
ACK,3977,2026-09-26T17:10:31.983Z,
ACK,3978,2026-09-26T17:10:32.081Z,
ACK,3979,2026-09-26T17:10:32.189Z,
ACK,3980,2026-09-26T17:10:32.299Z,
ACK,3981,2026-09-26T17:10:32.419Z,
ACK,3982,2026-09-26T17:10:32.519Z,
ACK,3983,2026-09-26T17:10:32.582Z,
ACK,3984,2026-09-26T17:10:32.686Z,
ACK,3985,2026-09-26T17:10:32.783Z,
ACK,3986,2026-09-26T17:10:32.931Z,
ACK,3987,2026-09-26T17:10:32.996Z,
ACK,3988,2026-09-26T17:10:33.115Z,
ACK,3989,2026-09-26T17:10:33.196Z,
ACK,3990,2026-09-26T17:10:33.296Z,
ACK,3991,2026-09-26T17:10:33.396Z,
ACK,3992,2026-09-26T17:10:33.497Z,
ACK,3993,2026-09-26T17:10:33.596Z,
ACK,3994,2026-09-26T17:10:33.697Z,
ACK,3995,2026-09-26T17:10:33.817Z,
ACK,3996,2026-09-26T17:10:33.898Z,
ACK,3997,2026-09-26T17:10:33.998Z,
ACK,3998,2026-09-26T17:10:34.125Z,
ACK,3999,2026-09-26T17:10:34.205Z,
ACK,4000,2026-09-26T17:10:34.306Z,
ACK,4001,2026-09-26T17:10:34.503Z,
ACK,4002,2026-09-26T17:10:34.572Z,
ACK,4003,2026-09-26T17:10:34.669Z,
ACK,4004,2026-09-26T17:10:34.760Z,
ACK,4005,2026-09-26T17:10:34.860Z,
ACK,4006,2026-09-26T17:10:34.967Z,
ACK,4007,2026-09-26T17:10:35.073Z,
ACK,4008,2026-09-26T17:10:35.166Z,
ACK,4009,2026-09-26T17:10:35.277Z,
ACK,4010,2026-09-26T17:10:35.379Z,
ACK,4011,2026-09-26T17:10:35.465Z,
ACK,4012,2026-09-26T17:10:35.565Z,
ACK,4013,2026-09-26T17:10:35.672Z,
ACK,4014,2026-09-26T17:10:35.771Z,
ACK,4015,2026-09-26T17:10:35.870Z,
ACK,4016,2026-09-26T17:10:35.966Z,
ACK,4017,2026-09-26T17:10:36.072Z,
ACK,4018,2026-09-26T17:10:36.167Z,
ACK,4019,2026-09-26T17:10:36.277Z,
ACK,4020,2026-09-26T17:10:36.368Z,
ACK,4021,2026-09-26T17:10:36.539Z,
ACK,4022,2026-09-26T17:10:36.598Z,
ACK,4023,2026-09-26T17:10:36.696Z,
ACK,4024,2026-09-26T17:10:36.852Z,
ACK,4025,2026-09-26T17:10:36.913Z,
ACK,4026,2026-09-26T17:10:37.013Z,
ACK,4027,2026-09-26T17:10:37.172Z,
ACK,4028,2026-09-26T17:10:37.237Z,
ACK,4029,2026-09-26T17:10:37.338Z,
ACK,4030,2026-09-26T17:10:37.439Z,
ACK,4031,2026-09-26T17:10:37.529Z,
ACK,4032,2026-09-26T17:10:37.689Z,
ACK,4033,2026-09-26T17:10:37.764Z,
ACK,4034,2026-09-26T17:10:37.851Z,
ACK,4035,2026-09-26T17:10:37.970Z,
ACK,4036,2026-09-26T17:10:38.053Z,
ACK,4037,2026-09-26T17:10:38.220Z,
ACK,4038,2026-09-26T17:10:38.290Z,
ACK,4039,2026-09-26T17:10:38.389Z,
ACK,4040,2026-09-26T17:10:38.496Z,
ACK,4041,2026-09-26T17:10:38.603Z,
ACK,4042,2026-09-26T17:10:38.695Z,
ACK,4043,2026-09-26T17:10:38.781Z,
ACK,4044,2026-09-26T17:10:38.885Z,
ACK,4045,2026-09-26T17:10:38.982Z,
ACK,4046,2026-09-26T17:10:39.108Z,
ACK,4047,2026-09-26T17:10:39.191Z,
ACK,4048,2026-09-26T17:10:39.282Z,
ACK,4049,2026-09-26T17:10:39.402Z,
ACK,4050,2026-09-26T17:10:39.495Z,
ACK,4051,2026-09-26T17:10:39.606Z,
ACK,4052,2026-09-26T17:10:39.704Z,
ACK,4053,2026-09-26T17:10:39.811Z,
ACK,4054,2026-09-26T17:10:40.130Z,
ACK,4055,2026-09-26T17:10:40.187Z,
ACK,4056,2026-09-26T17:10:40.293Z,
ACK,4057,2026-09-26T17:10:40.396Z,
ACK,4058,2026-09-26T17:10:40.573Z,
ACK,4059,2026-09-26T17:10:40.631Z,
ACK,4060,2026-09-26T17:10:40.737Z,
ACK,4061,2026-09-26T17:10:40.833Z,
ACK,4062,2026-09-26T17:10:40.942Z,
ACK,4063,2026-09-26T17:10:41.073Z,
ACK,4064,2026-09-26T17:10:41.144Z,
ACK,4065,2026-09-26T17:10:41.251Z,
ACK,4066,2026-09-26T17:10:41.347Z,
ACK,4067,2026-09-26T17:10:41.452Z,
ACK,4068,2026-09-26T17:10:41.552Z,
ACK,4069,2026-09-26T17:10:41.648Z,
ACK,4070,2026-09-26T17:10:41.753Z,
ACK,4071,2026-09-26T17:10:41.851Z,
ACK,4072,2026-09-26T17:10:41.954Z,
ACK,4073,2026-09-26T17:10:42.087Z,
ACK,4074,2026-09-26T17:10:42.173Z,
ACK,4075,2026-09-26T17:10:42.250Z,
ACK,4076,2026-09-26T17:10:42.361Z,
ACK,4077,2026-09-26T17:10:42.523Z,
ACK,4078,2026-09-26T17:10:42.591Z,
ACK,4079,2026-09-26T17:10:42.686Z,
ACK,4080,2026-09-26T17:10:42.792Z,
ACK,4081,2026-09-26T17:10:42.886Z,
ACK,4082,2026-09-26T17:10:42.982Z,
ACK,4083,2026-09-26T17:10:43.087Z,
ACK,4084,2026-09-26T17:10:43.183Z,
ACK,4085,2026-09-26T17:10:43.286Z,
ACK,4086,2026-09-26T17:10:43.393Z,
ACK,4087,2026-09-26T17:10:43.491Z,
ACK,4088,2026-09-26T17:10:43.588Z,
ACK,4089,2026-09-26T17:10:43.687Z,
ACK,4090,2026-09-26T17:10:43.797Z,
ACK,4091,2026-09-26T17:10:43.887Z,
ACK,4092,2026-09-26T17:10:43.992Z,
ACK,4093,2026-09-26T17:10:44.095Z,
ACK,4094,2026-09-26T17:10:44.188Z,
ACK,4095,2026-09-26T17:10:44.290Z,
ACK,4096,2026-09-26T17:10:44.391Z,
ACK,4097,2026-09-26T17:10:44.496Z,
ACK,4098,2026-09-26T17:10:44.590Z,
ACK,4099,2026-09-26T17:10:44.698Z,
ACK,4100,2026-09-26T17:10:44.792Z,
ACK,4101,2026-09-26T17:10:44.892Z,
ACK,4102,2026-09-26T17:10:45.002Z,
ACK,4103,2026-09-26T17:10:45.097Z,
ACK,4104,2026-09-26T17:10:45.196Z,
ACK,4105,2026-09-26T17:10:45.293Z,
ACK,4106,2026-09-26T17:10:45.456Z,
ACK,4107,2026-09-26T17:10:45.514Z,
ACK,4108,2026-09-26T17:10:45.628Z,
ACK,4109,2026-09-26T17:10:45.718Z,
ACK,4110,2026-09-26T17:10:45.839Z,
ACK,4111,2026-09-26T17:10:45.921Z,
ACK,4112,2026-09-26T17:10:46.026Z,
ACK,4113,2026-09-26T17:10:46.134Z,
ACK,4114,2026-09-26T17:10:46.216Z,
ACK,4115,2026-09-26T17:10:46.319Z,
ACK,4116,2026-09-26T17:10:46.420Z,
ACK,4117,2026-09-26T17:10:46.512Z,
ACK,4118,2026-09-26T17:10:46.626Z,
ACK,4119,2026-09-26T17:10:46.718Z,
ACK,4120,2026-09-26T17:10:46.822Z,
ACK,4121,2026-09-26T17:10:46.919Z,
ACK,4122,2026-09-26T17:10:47.122Z,
ACK,4123,2026-09-26T17:10:47.179Z,
ACK,4124,2026-09-26T17:10:47.282Z,
ACK,4125,2026-09-26T17:10:47.548Z,
ACK,4126,2026-09-26T17:10:47.615Z,
ACK,4127,2026-09-26T17:10:47.720Z,
ACK,4128,2026-09-26T17:10:47.815Z,
ACK,4129,2026-09-26T17:10:47.907Z,
ACK,4130,2026-09-26T17:10:48.006Z,
ACK,4131,2026-09-26T17:10:48.118Z,
ACK,4132,2026-09-26T17:10:48.207Z,
ACK,4133,2026-09-26T17:10:48.310Z,
ACK,4134,2026-09-26T17:10:48.412Z,
ACK,4135,2026-09-26T17:10:48.509Z,
ACK,4136,2026-09-26T17:10:48.611Z,
ACK,4137,2026-09-26T17:10:48.718Z,
ACK,4138,2026-09-26T17:10:48.815Z,
ACK,4139,2026-09-26T17:10:48.912Z,
ACK,4140,2026-09-26T17:10:49.019Z,
ACK,4141,2026-09-26T17:10:49.121Z,
ACK,4142,2026-09-26T17:10:49.214Z,
ACK,4143,2026-09-26T17:10:49.623Z,
ACK,4144,2026-09-26T17:10:49.693Z,
ACK,4145,2026-09-26T17:10:49.787Z,
ACK,4146,2026-09-26T17:10:49.883Z,
ACK,4147,2026-09-26T17:10:50.093Z,
ACK,4148,2026-09-26T17:10:50.158Z,
ACK,4149,2026-09-26T17:10:50.251Z,
ACK,4150,2026-09-26T17:10:50.357Z,
ACK,4151,2026-09-26T17:10:50.455Z,
ACK,4152,2026-09-26T17:10:50.554Z,
ACK,4153,2026-09-26T17:10:50.664Z,
ACK,4154,2026-09-26T17:10:50.758Z,
ACK,4155,2026-09-26T17:10:50.861Z,
ACK,4156,2026-09-26T17:10:50.979Z,
ACK,4157,2026-09-26T17:10:51.125Z,
ACK,4158,2026-09-26T17:10:51.200Z,
ACK,4159,2026-09-26T17:10:51.287Z,
ACK,4160,2026-09-26T17:10:51.696Z,
ACK,4161,2026-09-26T17:10:51.761Z,
ACK,4162,2026-09-26T17:10:51.856Z,
ACK,4163,2026-09-26T17:10:51.956Z,
ACK,4164,2026-09-26T17:10:52.058Z,
ACK,4165,2026-09-26T17:10:52.159Z,
ACK,4166,2026-09-26T17:10:52.258Z,
ACK,4167,2026-09-26T17:10:52.357Z,
ACK,4168,2026-09-26T17:10:52.462Z,
ACK,4169,2026-09-26T17:10:52.558Z,
ACK,4170,2026-09-26T17:10:52.657Z,
ACK,4171,2026-09-26T17:10:52.762Z,
ACK,4172,2026-09-26T17:10:52.887Z,
ACK,4173,2026-09-26T17:10:53.098Z,
ACK,4174,2026-09-26T17:10:53.164Z,
ACK,4175,2026-09-26T17:10:53.258Z,
ACK,4176,2026-09-26T17:10:53.358Z,
ACK,4177,2026-09-26T17:10:53.470Z,
ACK,4178,2026-09-26T17:10:53.558Z,
ACK,4179,2026-09-26T17:10:53.658Z,
ACK,4180,2026-09-26T17:10:53.760Z,
ACK,4181,2026-09-26T17:10:53.891Z,
ACK,4182,2026-09-26T17:10:53.981Z,
ACK,4183,2026-09-26T17:10:54.061Z,
ACK,4184,2026-09-26T17:10:54.166Z,
ACK,4185,2026-09-26T17:10:54.263Z,
ACK,4186,2026-09-26T17:10:54.365Z,
ACK,4187,2026-09-26T17:10:54.466Z,
ACK,4188,2026-09-26T17:10:54.566Z,
ACK,4189,2026-09-26T17:10:54.662Z,
ACK,4190,2026-09-26T17:10:54.772Z,
ACK,4191,2026-09-26T17:10:54.868Z,
ACK,4192,2026-09-26T17:10:54.964Z,
ACK,4193,2026-09-26T17:10:55.072Z,
ACK,4194,2026-09-26T17:10:55.163Z,
ACK,4195,2026-09-26T17:10:55.273Z,
ACK,4196,2026-09-26T17:10:55.370Z,
ACK,4197,2026-09-26T17:10:55.467Z,
ACK,4198,2026-09-26T17:10:55.568Z,
ACK,4199,2026-09-26T17:10:55.670Z,
ACK,4200,2026-09-26T17:10:55.766Z,
ACK,4201,2026-09-26T17:10:55.865Z,
ACK,4202,2026-09-26T17:10:55.968Z,
ACK,4203,2026-09-26T17:10:56.080Z,
ACK,4204,2026-09-26T17:10:56.171Z,
ACK,4205,2026-09-26T17:10:56.281Z,
ACK,4206,2026-09-26T17:10:56.378Z,
ACK,4207,2026-09-26T17:10:56.487Z,
ACK,4208,2026-09-26T17:10:56.572Z,
ACK,4209,2026-09-26T17:10:56.678Z,
ACK,4210,2026-09-26T17:10:56.775Z,
ACK,4211,2026-09-26T17:10:56.876Z,
ACK,4212,2026-09-26T17:10:57.004Z,
ACK,4213,2026-09-26T17:10:57.078Z,
ACK,4214,2026-09-26T17:10:57.191Z,
ACK,4215,2026-09-26T17:10:57.275Z,
ACK,4216,2026-09-26T17:10:57.375Z,
ACK,4217,2026-09-26T17:10:57.477Z,
ACK,4218,2026-09-26T17:10:57.572Z,
ACK,4219,2026-09-26T17:10:57.711Z,
ACK,4220,2026-09-26T17:10:57.787Z,
ACK,4221,2026-09-26T17:10:57.876Z,
ACK,4222,2026-09-26T17:10:57.977Z,
ACK,4223,2026-09-26T17:10:58.077Z,
ACK,4224,2026-09-26T17:10:58.176Z,
ACK,4225,2026-09-26T17:10:58.286Z,
ACK,4226,2026-09-26T17:10:58.382Z,
ACK,4227,2026-09-26T17:10:58.481Z,
ACK,4228,2026-09-26T17:10:58.620Z,
ACK,4229,2026-09-26T17:10:58.682Z,
ACK,4230,2026-09-26T17:10:58.887Z,
ACK,4231,2026-09-26T17:10:58.954Z,
ACK,4232,2026-09-26T17:10:59.048Z,
ACK,4233,2026-09-26T17:10:59.158Z,
ACK,4234,2026-09-26T17:10:59.247Z,
ACK,4235,2026-09-26T17:10:59.351Z,
ACK,4236,2026-09-26T17:10:59.450Z,
ACK,4237,2026-09-26T17:10:59.588Z,
ACK,4238,2026-09-26T17:10:59.648Z,
ACK,4239,2026-09-26T17:10:59.777Z,
ACK,4240,2026-09-26T17:10:59.850Z,
ACK,4241,2026-09-26T17:10:59.952Z,
ACK,4242,2026-09-26T17:11:00.076Z,
ACK,4243,2026-09-26T17:11:00.156Z,
ACK,4244,2026-09-26T17:11:00.259Z,
ACK,4245,2026-09-26T17:11:00.365Z,
ACK,4246,2026-09-26T17:11:00.452Z,
ACK,4247,2026-09-26T17:11:00.557Z,
ACK,4248,2026-09-26T17:11:00.662Z,
ACK,4249,2026-09-26T17:11:00.758Z,
ACK,4250,2026-09-26T17:11:00.856Z,
ACK,4251,2026-09-26T17:11:00.968Z,
ACK,4252,2026-09-26T17:11:01.056Z,
ACK,4253,2026-09-26T17:11:01.156Z,
ACK,4254,2026-09-26T17:11:01.262Z,
ACK,4255,2026-09-26T17:11:01.355Z,
ACK,4256,2026-09-26T17:11:01.457Z,
ACK,4257,2026-09-26T17:11:01.561Z,
ACK,4258,2026-09-26T17:11:01.720Z,
ACK,4259,2026-09-26T17:11:01.777Z,
ACK,4260,2026-09-26T17:11:01.881Z,
ACK,4261,2026-09-26T17:11:01.978Z,
ACK,4262,2026-09-26T17:11:02.087Z,
ACK,4263,2026-09-26T17:11:02.182Z,
ACK,4264,2026-09-26T17:11:02.282Z,
ACK,4265,2026-09-26T17:11:02.383Z,
ACK,4266,2026-09-26T17:11:02.657Z,
ACK,4267,2026-09-26T17:11:02.723Z,
ACK,4268,2026-09-26T17:11:02.818Z,
ACK,4269,2026-09-26T17:11:02.918Z,
ACK,4270,2026-09-26T17:11:03.018Z,
ACK,4271,2026-09-26T17:11:03.118Z,
ACK,4272,2026-09-26T17:11:03.224Z,
ACK,4273,2026-09-26T17:11:03.359Z,
ACK,4274,2026-09-26T17:11:03.432Z,
ACK,4275,2026-09-26T17:11:03.516Z,
ACK,4276,2026-09-26T17:11:03.620Z,
ACK,4277,2026-09-26T17:11:03.720Z,
ACK,4278,2026-09-26T17:11:03.819Z,
ACK,4279,2026-09-26T17:11:03.929Z,
ACK,4280,2026-09-26T17:11:04.016Z,
ACK,4281,2026-09-26T17:11:04.141Z,
ACK,4282,2026-09-26T17:11:04.222Z,
ACK,4283,2026-09-26T17:11:04.341Z,
ACK,4284,2026-09-26T17:11:04.422Z,
ACK,4285,2026-09-26T17:11:04.521Z,
ACK,4286,2026-09-26T17:11:04.622Z,
ACK,4287,2026-09-26T17:11:04.726Z,
ACK,4288,2026-09-26T17:11:04.832Z,
ACK,4289,2026-09-26T17:11:04.921Z,
ACK,4290,2026-09-26T17:11:05.074Z,
ACK,4291,2026-09-26T17:11:05.131Z,
ACK,4292,2026-09-26T17:11:05.235Z,
ACK,4293,2026-09-26T17:11:05.336Z,
ACK,4294,2026-09-26T17:11:05.433Z,
ACK,4295,2026-09-26T17:11:05.536Z,
ACK,4296,2026-09-26T17:11:05.647Z,
ACK,4297,2026-09-26T17:11:05.781Z,
ACK,4298,2026-09-26T17:11:05.846Z,
ACK,4299,2026-09-26T17:11:05.944Z,
ACK,4300,2026-09-26T17:11:06.055Z,
ACK,4301,2026-09-26T17:11:06.171Z,
ACK,4302,2026-09-26T17:11:06.281Z,
ACK,4303,2026-09-26T17:11:06.346Z,
ACK,4304,2026-09-26T17:11:06.444Z,
ACK,4305,2026-09-26T17:11:06.549Z,
ACK,4306,2026-09-26T17:11:06.661Z,
ACK,4307,2026-09-26T17:11:06.745Z,
ACK,4308,2026-09-26T17:11:06.843Z,
ACK,4309,2026-09-26T17:11:06.945Z,
ACK,4310,2026-09-26T17:11:07.047Z,
ACK,4311,2026-09-26T17:11:07.141Z,
ACK,4312,2026-09-26T17:11:07.248Z,
ACK,4313,2026-09-26T17:11:07.347Z,
ACK,4314,2026-09-26T17:11:07.470Z,
ACK,4315,2026-09-26T17:11:07.551Z,
ACK,4316,2026-09-26T17:11:07.645Z,
ACK,4317,2026-09-26T17:11:07.893Z,
ACK,4318,2026-09-26T17:11:07.955Z,
ACK,4319,2026-09-26T17:11:08.051Z,
ACK,4320,2026-09-26T17:11:08.151Z,
ACK,4321,2026-09-26T17:11:08.255Z,
ACK,4322,2026-09-26T17:11:08.377Z,
ACK,4323,2026-09-26T17:11:08.455Z,
ACK,4324,2026-09-26T17:11:08.559Z,
ACK,4325,2026-09-26T17:11:08.658Z,
ACK,4326,2026-09-26T17:11:08.765Z,
ACK,4327,2026-09-26T17:11:08.852Z,
ACK,4328,2026-09-26T17:11:08.972Z,
ACK,4329,2026-09-26T17:11:09.058Z,
ACK,4330,2026-09-26T17:11:09.167Z,
ACK,4331,2026-09-26T17:11:09.310Z,
ACK,4332,2026-09-26T17:11:09.379Z,
ACK,4333,2026-09-26T17:11:09.475Z,
ACK,4334,2026-09-26T17:11:09.572Z,
ACK,4335,2026-09-26T17:11:09.707Z,
ACK,4336,2026-09-26T17:11:09.773Z,
ACK,4337,2026-09-26T17:11:09.881Z,
ACK,4338,2026-09-26T17:11:09.977Z,
ACK,4339,2026-09-26T17:11:10.189Z,
ACK,4340,2026-09-26T17:11:10.313Z,
ACK,4341,2026-09-26T17:11:10.371Z,
ACK,4342,2026-09-26T17:11:10.470Z,
ACK,4343,2026-09-26T17:11:10.604Z,
ACK,4344,2026-09-26T17:11:10.693Z,
ACK,4345,2026-09-26T17:11:10.784Z,
ACK,4346,2026-09-26T17:11:10.882Z,
ACK,4347,2026-09-26T17:11:10.978Z,
ACK,4348,2026-09-26T17:11:11.079Z,
ACK,4349,2026-09-26T17:11:11.206Z,
ACK,4350,2026-09-26T17:11:11.301Z,
ACK,4351,2026-09-26T17:11:11.391Z,
ACK,4352,2026-09-26T17:11:11.486Z,
ACK,4353,2026-09-26T17:11:11.582Z,
ACK,4354,2026-09-26T17:11:11.677Z,
ACK,4355,2026-09-26T17:11:11.776Z,
ACK,4356,2026-09-26T17:11:12.131Z,
ACK,4357,2026-09-26T17:11:12.196Z,
ACK,4358,2026-09-26T17:11:12.288Z,
ACK,4359,2026-09-26T17:11:12.495Z,
ACK,4360,2026-09-26T17:11:12.633Z,
ACK,4361,2026-09-26T17:11:12.722Z,
ACK,4362,2026-09-26T17:11:12.838Z,
ACK,4363,2026-09-26T17:11:12.910Z,
ACK,4364,2026-09-26T17:11:13.054Z,
ACK,4365,2026-09-26T17:11:13.164Z,
ACK,4366,2026-09-26T17:11:13.230Z,
ACK,4367,2026-09-26T17:11:13.342Z,
ACK,4368,2026-09-26T17:11:13.471Z,
ACK,4369,2026-09-26T17:11:13.584Z,
ACK,4370,2026-09-26T17:11:13.651Z,
ACK,4371,2026-09-26T17:11:13.858Z,
ACK,4372,2026-09-26T17:11:13.926Z,
ACK,4373,2026-09-26T17:11:14.018Z,
ACK,4374,2026-09-26T17:11:14.121Z,
ACK,4375,2026-09-26T17:11:14.220Z,
ACK,4376,2026-09-26T17:11:14.328Z,
ACK,4377,2026-09-26T17:11:14.421Z,
ACK,4378,2026-09-26T17:11:14.731Z,
ACK,4379,2026-09-26T17:11:14.793Z,
ACK,4380,2026-09-26T17:11:14.897Z,
ACK,4381,2026-09-26T17:11:15.001Z,
ACK,4382,2026-09-26T17:11:15.230Z,
ACK,4383,2026-09-26T17:11:15.292Z,
ACK,4384,2026-09-26T17:11:15.470Z,
ACK,4385,2026-09-26T17:11:15.641Z,
ACK,4386,2026-09-26T17:11:15.734Z,
ACK,4387,2026-09-26T17:11:15.810Z,
ACK,4388,2026-09-26T17:11:15.937Z,
ACK,4389,2026-09-26T17:11:16.004Z,
ACK,4390,2026-09-26T17:11:16.101Z,
ACK,4391,2026-09-26T17:11:16.207Z,
ACK,4392,2026-09-26T17:11:16.303Z,
ACK,4393,2026-09-26T17:11:16.408Z,
ACK,4394,2026-09-26T17:11:16.508Z,
ACK,4395,2026-09-26T17:11:16.605Z,
ACK,4396,2026-09-26T17:11:16.705Z,
ACK,4397,2026-09-26T17:11:16.808Z,
ACK,4398,2026-09-26T17:11:16.977Z,
ACK,4399,2026-09-26T17:11:17.039Z,
ACK,4400,2026-09-26T17:11:17.137Z,
ACK,4401,2026-09-26T17:11:17.303Z,
ACK,4402,2026-09-26T17:11:17.372Z,
ACK,4403,2026-09-26T17:11:17.644Z,
ACK,4404,2026-09-26T17:11:17.707Z,
ACK,4405,2026-09-26T17:11:17.801Z,
ACK,4406,2026-09-26T17:11:17.903Z,
ACK,4407,2026-09-26T17:11:18.011Z,
ACK,4408,2026-09-26T17:11:18.116Z,
ACK,4409,2026-09-26T17:11:18.203Z,
ACK,4410,2026-09-26T17:11:18.308Z,
ACK,4411,2026-09-26T17:11:18.409Z,
ACK,4412,2026-09-26T17:11:18.522Z,
ACK,4413,2026-09-26T17:11:18.616Z,
ACK,4414,2026-09-26T17:11:18.708Z,
ACK,4415,2026-09-26T17:11:18.810Z,
ACK,4416,2026-09-26T17:11:18.907Z,
ACK,4417,2026-09-26T17:11:19.016Z,
ACK,4418,2026-09-26T17:11:19.114Z,
ACK,4419,2026-09-26T17:11:19.262Z,
ACK,4420,2026-09-26T17:11:19.378Z,
ACK,4421,2026-09-26T17:11:19.514Z,
ACK,4422,2026-09-26T17:11:19.586Z,
ACK,4423,2026-09-26T17:11:19.704Z,
ACK,4424,2026-09-26T17:11:19.791Z,
ACK,4425,2026-09-26T17:11:19.890Z,
ACK,4426,2026-09-26T17:11:19.975Z,
ACK,4427,2026-09-26T17:11:20.076Z,
ACK,4428,2026-09-26T17:11:20.190Z,
ACK,4429,2026-09-26T17:11:20.284Z,
ACK,4430,2026-09-26T17:11:20.392Z,
ACK,4431,2026-09-26T17:11:20.487Z,
ACK,4432,2026-09-26T17:11:20.575Z,
ACK,4433,2026-09-26T17:11:20.692Z,
ACK,4434,2026-09-26T17:11:20.795Z,
ACK,4435,2026-09-26T17:11:20.913Z,
ACK,4436,2026-09-26T17:11:20.983Z,
ACK,4437,2026-09-26T17:11:21.109Z,
ACK,4438,2026-09-26T17:11:21.183Z,
ACK,4439,2026-09-26T17:11:21.364Z,
ACK,4440,2026-09-26T17:11:21.422Z,
ACK,4441,2026-09-26T17:11:21.523Z,
ACK,4442,2026-09-26T17:11:21.673Z,
ACK,4443,2026-09-26T17:11:21.737Z,
ACK,4444,2026-09-26T17:11:21.833Z,
ACK,4445,2026-09-26T17:11:21.936Z,
ACK,4446,2026-09-26T17:11:22.033Z,
ACK,4447,2026-09-26T17:11:22.136Z,
ACK,4448,2026-09-26T17:11:22.234Z,
ACK,4449,2026-09-26T17:11:22.350Z,
ACK,4450,2026-09-26T17:11:22.437Z,
ACK,4451,2026-09-26T17:11:22.537Z,
ACK,4452,2026-09-26T17:11:22.687Z,
ACK,4453,2026-09-26T17:11:22.756Z,
ACK,4454,2026-09-26T17:11:22.847Z,
ACK,4455,2026-09-26T17:11:22.953Z,
ACK,4456,2026-09-26T17:11:23.230Z,
ACK,4457,2026-09-26T17:11:23.311Z,
ACK,4458,2026-09-26T17:11:23.392Z,
ACK,4459,2026-09-26T17:11:23.495Z,
ACK,4460,2026-09-26T17:11:23.591Z,
ACK,4461,2026-09-26T17:11:23.693Z,
ACK,4462,2026-09-26T17:11:23.796Z,
ACK,4463,2026-09-26T17:11:23.897Z,
ACK,4464,2026-09-26T17:11:23.993Z,
ACK,4465,2026-09-26T17:11:24.108Z,
ACK,4466,2026-09-26T17:11:24.196Z,
ACK,4467,2026-09-26T17:11:24.303Z,
ACK,4468,2026-09-26T17:11:24.550Z,
ACK,4469,2026-09-26T17:11:24.642Z,
ACK,4470,2026-09-26T17:11:24.712Z,
ACK,4471,2026-09-26T17:11:24.945Z,
ACK,4472,2026-09-26T17:11:25.008Z,
ACK,4473,2026-09-26T17:11:25.108Z,
ACK,4474,2026-09-26T17:11:25.204Z,
ACK,4475,2026-09-26T17:11:25.337Z,
ACK,4476,2026-09-26T17:11:25.407Z,
ACK,4477,2026-09-26T17:11:25.509Z,
ACK,4478,2026-09-26T17:11:25.610Z,
ACK,4479,2026-09-26T17:11:25.706Z,
ACK,4480,2026-09-26T17:11:25.907Z,
ACK,4481,2026-09-26T17:11:25.981Z,
ACK,4482,2026-09-26T17:11:26.070Z,
ACK,4483,2026-09-26T17:11:26.179Z,
ACK,4484,2026-09-26T17:11:26.271Z,
ACK,4485,2026-09-26T17:11:26.371Z,
ACK,4486,2026-09-26T17:11:26.471Z,
ACK,4487,2026-09-26T17:11:26.577Z,
ACK,4488,2026-09-26T17:11:26.681Z,
ACK,4489,2026-09-26T17:11:26.819Z,
ACK,4490,2026-09-26T17:11:26.895Z,
ACK,4491,2026-09-26T17:11:26.986Z,
ACK,4492,2026-09-26T17:11:27.087Z,
ACK,4493,2026-09-26T17:11:27.182Z,
ACK,4494,2026-09-26T17:11:27.300Z,
ACK,4495,2026-09-26T17:11:27.383Z,
ACK,4496,2026-09-26T17:11:27.493Z,
ACK,4497,2026-09-26T17:11:27.583Z,
ACK,4498,2026-09-26T17:11:27.687Z,
ACK,4499,2026-09-26T17:11:27.782Z,
ACK,4500,2026-09-26T17:11:27.885Z,
ACK,4501,2026-09-26T17:11:27.986Z,
ACK,4502,2026-09-26T17:11:28.082Z,
ACK,4503,2026-09-26T17:11:28.193Z,
ACK,4504,2026-09-26T17:11:28.285Z,
ACK,4505,2026-09-26T17:11:28.384Z,
ACK,4506,2026-09-26T17:11:28.487Z,
ACK,4507,2026-09-26T17:11:28.587Z,
ACK,4508,2026-09-26T17:11:28.683Z,
ACK,4509,2026-09-26T17:11:28.791Z,
ACK,4510,2026-09-26T17:11:28.888Z,
ACK,4511,2026-09-26T17:11:28.988Z,
ACK,4512,2026-09-26T17:11:29.097Z,
ACK,4513,2026-09-26T17:11:29.212Z,
ACK,4514,2026-09-26T17:11:29.288Z,
ACK,4515,2026-09-26T17:11:29.392Z,
ACK,4516,2026-09-26T17:11:29.486Z,
ACK,4517,2026-09-26T17:11:29.597Z,
ACK,4518,2026-09-26T17:11:29.697Z,
ACK,4519,2026-09-26T17:11:29.819Z,
ACK,4520,2026-09-26T17:11:29.906Z,
ACK,4521,2026-09-26T17:11:29.996Z,
ACK,4522,2026-09-26T17:11:30.110Z,
ACK,4523,2026-09-26T17:11:30.191Z,
ACK,4524,2026-09-26T17:11:30.330Z,
ACK,4525,2026-09-26T17:11:30.396Z,
ACK,4526,2026-09-26T17:11:30.501Z,
ACK,4527,2026-09-26T17:11:30.596Z,
ACK,4528,2026-09-26T17:11:30.711Z,
ACK,4529,2026-09-26T17:11:30.795Z,
ACK,4530,2026-09-26T17:11:30.896Z,
ACK,4531,2026-09-26T17:11:31.000Z,
ACK,4532,2026-09-26T17:11:31.113Z,
ACK,4533,2026-09-26T17:11:31.197Z,
ACK,4534,2026-09-26T17:11:31.302Z,
ACK,4535,2026-09-26T17:11:31.400Z,
ACK,4536,2026-09-26T17:11:31.501Z,
ACK,4537,2026-09-26T17:11:31.602Z,
ACK,4538,2026-09-26T17:11:31.720Z,
ACK,4539,2026-09-26T17:11:31.800Z,
ACK,4540,2026-09-26T17:11:31.909Z,
ACK,4541,2026-09-26T17:11:32.004Z,
ACK,4542,2026-09-26T17:11:32.098Z,
ACK,4543,2026-09-26T17:11:32.203Z,
ACK,4544,2026-09-26T17:11:32.301Z,
ACK,4545,2026-09-26T17:11:32.645Z,
ACK,4546,2026-09-26T17:11:32.707Z,
ACK,4547,2026-09-26T17:11:32.807Z,
ACK,4548,2026-09-26T17:11:32.905Z,
ACK,4549,2026-09-26T17:11:33.012Z,
ACK,4550,2026-09-26T17:11:33.126Z,
ACK,4551,2026-09-26T17:11:33.218Z,
ACK,4552,2026-09-26T17:11:33.326Z,
ACK,4553,2026-09-26T17:11:33.429Z,
ACK,4554,2026-09-26T17:11:33.510Z,
ACK,4555,2026-09-26T17:11:33.643Z,
ACK,4556,2026-09-26T17:11:33.721Z,
ACK,4557,2026-09-26T17:11:33.819Z,
ACK,4558,2026-09-26T17:11:33.911Z,
ACK,4559,2026-09-26T17:11:34.011Z,
ACK,4560,2026-09-26T17:11:34.142Z,
ACK,4561,2026-09-26T17:11:34.208Z,
ACK,4562,2026-09-26T17:11:34.328Z,
ACK,4563,2026-09-26T17:11:34.422Z,
ACK,4564,2026-09-26T17:11:34.514Z,
ACK,4565,2026-09-26T17:11:34.613Z,
ACK,4566,2026-09-26T17:11:34.711Z,
ACK,4567,2026-09-26T17:11:34.815Z,
ACK,4568,2026-09-26T17:11:34.916Z,
ACK,4569,2026-09-26T17:11:35.012Z,
ACK,4570,2026-09-26T17:11:35.114Z,
ACK,4571,2026-09-26T17:11:35.216Z,
ACK,4572,2026-09-26T17:11:35.316Z,
ACK,4573,2026-09-26T17:11:35.417Z,
ACK,4574,2026-09-26T17:11:35.517Z,
ACK,4575,2026-09-26T17:11:35.617Z,
ACK,4576,2026-09-26T17:11:35.752Z,
ACK,4577,2026-09-26T17:11:35.824Z,
ACK,4578,2026-09-26T17:11:35.951Z,
ACK,4579,2026-09-26T17:11:36.059Z,
ACK,4580,2026-09-26T17:11:36.127Z,
ACK,4581,2026-09-26T17:11:36.217Z,
ACK,4582,2026-09-26T17:11:36.435Z,
ACK,4583,2026-09-26T17:11:36.497Z,
ACK,4584,2026-09-26T17:11:36.596Z,
ACK,4585,2026-09-26T17:11:36.696Z,
ACK,4586,2026-09-26T17:11:36.819Z,
ACK,4587,2026-09-26T17:11:36.897Z,
ACK,4588,2026-09-26T17:11:37.003Z,
ACK,4589,2026-09-26T17:11:37.128Z,
ACK,4590,2026-09-26T17:11:37.209Z,
ACK,4591,2026-09-26T17:11:37.296Z,
ACK,4592,2026-09-26T17:11:37.398Z,
ACK,4593,2026-09-26T17:11:37.501Z,
ACK,4594,2026-09-26T17:11:37.621Z,
ACK,4595,2026-09-26T17:11:37.716Z,
ACK,4596,2026-09-26T17:11:37.810Z,
ACK,4597,2026-09-26T17:11:37.907Z,
ACK,4598,2026-09-26T17:11:37.997Z,
ACK,4599,2026-09-26T17:11:38.107Z,
ACK,4600,2026-09-26T17:11:38.209Z,
ACK,4601,2026-09-26T17:11:38.300Z,
ACK,4602,2026-09-26T17:11:38.409Z,
ACK,4603,2026-09-26T17:11:38.502Z,
ACK,4604,2026-09-26T17:11:38.627Z,
ACK,4605,2026-09-26T17:11:38.709Z,
ACK,4606,2026-09-26T17:11:38.807Z,
ACK,4607,2026-09-26T17:11:39.029Z,
ACK,4608,2026-09-26T17:11:39.096Z,
ACK,4609,2026-09-26T17:11:39.191Z,
ACK,4610,2026-09-26T17:11:39.308Z,
ACK,4611,2026-09-26T17:11:39.397Z,
ACK,4612,2026-09-26T17:11:39.493Z,
ACK,4613,2026-09-26T17:11:39.592Z,
ACK,4614,2026-09-26T17:11:39.701Z,
ACK,4615,2026-09-26T17:11:39.795Z,
ACK,4616,2026-09-26T17:11:39.894Z,
ACK,4617,2026-09-26T17:11:40.015Z,
ACK,4618,2026-09-26T17:11:40.095Z,
ACK,4619,2026-09-26T17:11:40.196Z,
ACK,4620,2026-09-26T17:11:40.292Z,
ACK,4621,2026-09-26T17:11:40.441Z,
ACK,4622,2026-09-26T17:11:40.518Z,
ACK,4623,2026-09-26T17:11:40.602Z,
ACK,4624,2026-09-26T17:11:40.701Z,
ACK,4625,2026-09-26T17:11:40.806Z,
ACK,4626,2026-09-26T17:11:40.907Z,
ACK,4627,2026-09-26T17:11:41.008Z,
ACK,4628,2026-09-26T17:11:41.107Z,
ACK,4629,2026-09-26T17:11:41.230Z,
ACK,4630,2026-09-26T17:11:41.425Z,
ACK,4631,2026-09-26T17:11:41.508Z,
ACK,4632,2026-09-26T17:11:41.584Z,
ACK,4633,2026-09-26T17:11:41.690Z,
ACK,4634,2026-09-26T17:11:41.783Z,
ACK,4635,2026-09-26T17:11:41.905Z,
ACK,4636,2026-09-26T17:11:42.002Z,
ACK,4637,2026-09-26T17:11:42.097Z,
ACK,4638,2026-09-26T17:11:42.182Z,
ACK,4639,2026-09-26T17:11:42.302Z,
ACK,4640,2026-09-26T17:11:42.399Z,
ACK,4641,2026-09-26T17:11:42.521Z,
ACK,4642,2026-09-26T17:11:42.591Z,
ACK,4643,2026-09-26T17:11:42.697Z,
ACK,4644,2026-09-26T17:11:42.792Z,
ACK,4645,2026-09-26T17:11:42.893Z,
ACK,4646,2026-09-26T17:11:42.992Z,
ACK,4647,2026-09-26T17:11:43.123Z,
ACK,4648,2026-09-26T17:11:43.191Z,
ACK,4649,2026-09-26T17:11:43.292Z,
ACK,4650,2026-09-26T17:11:43.392Z,
ACK,4651,2026-09-26T17:11:43.568Z,
ACK,4652,2026-09-26T17:11:43.662Z,
ACK,4653,2026-09-26T17:11:43.730Z,
ACK,4654,2026-09-26T17:11:44.011Z,
ACK,4655,2026-09-26T17:11:44.213Z,
ACK,4656,2026-09-26T17:11:44.289Z,
ACK,4657,2026-09-26T17:11:44.374Z,
ACK,4658,2026-09-26T17:11:44.472Z,
ACK,4659,2026-09-26T17:11:44.576Z,
ACK,4660,2026-09-26T17:11:44.730Z,
ACK,4661,2026-09-26T17:11:44.789Z,
ACK,4662,2026-09-26T17:11:44.906Z,
ACK,4663,2026-09-26T17:11:44.986Z,
ACK,4664,2026-09-26T17:11:45.096Z,
ACK,4665,2026-09-26T17:11:45.202Z,
ACK,4666,2026-09-26T17:11:45.320Z,
ACK,4667,2026-09-26T17:11:45.391Z,
ACK,4668,2026-09-26T17:11:45.496Z,
ACK,4669,2026-09-26T17:11:45.595Z,
ACK,4670,2026-09-26T17:11:45.691Z,
ACK,4671,2026-09-26T17:11:45.811Z,
ACK,4672,2026-09-26T17:11:45.907Z,
ACK,4673,2026-09-26T17:11:45.998Z,
ACK,4674,2026-09-26T17:11:46.107Z,
ACK,4675,2026-09-26T17:11:46.197Z,
ACK,4676,2026-09-26T17:11:46.297Z,
ACK,4677,2026-09-26T17:11:46.397Z,
ACK,4678,2026-09-26T17:11:46.520Z,
ACK,4679,2026-09-26T17:11:46.597Z,
ACK,4680,2026-09-26T17:11:46.725Z,
ACK,4681,2026-09-26T17:11:46.807Z,
ACK,4682,2026-09-26T17:11:46.911Z,
ACK,4683,2026-09-26T17:11:47.108Z,
ACK,4684,2026-09-26T17:11:47.227Z,
ACK,4685,2026-09-26T17:11:47.317Z,
ACK,4686,2026-09-26T17:11:47.391Z,
ACK,4687,2026-09-26T17:11:47.488Z,
ACK,4688,2026-09-26T17:11:47.589Z,
ACK,4689,2026-09-26T17:11:47.689Z,
ACK,4690,2026-09-26T17:11:47.792Z,
ACK,4691,2026-09-26T17:11:47.901Z,
ACK,4692,2026-09-26T17:11:47.989Z,
ACK,4693,2026-09-26T17:11:48.091Z,
ACK,4694,2026-09-26T17:11:48.189Z,
ACK,4695,2026-09-26T17:11:48.290Z,
ACK,4696,2026-09-26T17:11:48.539Z,
ACK,4697,2026-09-26T17:11:48.602Z,
ACK,4698,2026-09-26T17:11:48.705Z,
ACK,4699,2026-09-26T17:11:48.838Z,
ACK,4700,2026-09-26T17:11:48.904Z,
ACK,4701,2026-09-26T17:11:49.007Z,
ACK,4702,2026-09-26T17:11:49.229Z,
ACK,4703,2026-09-26T17:11:49.380Z,
ACK,4704,2026-09-26T17:11:49.445Z,
ACK,4705,2026-09-26T17:11:49.547Z,
ACK,4706,2026-09-26T17:11:49.638Z,
ACK,4707,2026-09-26T17:11:49.740Z,
ACK,4708,2026-09-26T17:11:49.842Z,
ACK,4709,2026-09-26T17:11:49.947Z,
ACK,4710,2026-09-26T17:11:50.042Z,
ACK,4711,2026-09-26T17:11:50.142Z,
ACK,4712,2026-09-26T17:11:50.239Z,
ACK,4713,2026-09-26T17:11:50.340Z,
ACK,4714,2026-09-26T17:11:50.449Z,
ACK,4715,2026-09-26T17:11:50.554Z,
ACK,4716,2026-09-26T17:11:50.641Z,
ACK,4717,2026-09-26T17:11:50.747Z,
ACK,4718,2026-09-26T17:11:50.847Z,
ACK,4719,2026-09-26T17:11:50.947Z,
ACK,4720,2026-09-26T17:11:51.046Z,
ACK,4721,2026-09-26T17:11:51.163Z,
ACK,4722,2026-09-26T17:11:51.256Z,
ACK,4723,2026-09-26T17:11:51.354Z,
ACK,4724,2026-09-26T17:11:51.451Z,
ACK,4725,2026-09-26T17:11:51.548Z,
ACK,4726,2026-09-26T17:11:51.657Z,
ACK,4727,2026-09-26T17:11:51.951Z,
ACK,4728,2026-09-26T17:11:52.017Z,
ACK,4729,2026-09-26T17:11:52.109Z,
ACK,4730,2026-09-26T17:11:52.214Z,
ACK,4731,2026-09-26T17:11:52.314Z,
ACK,4732,2026-09-26T17:11:52.415Z,
ACK,4733,2026-09-26T17:11:52.516Z,
ACK,4734,2026-09-26T17:11:52.611Z,
ACK,4735,2026-09-26T17:11:52.711Z,
ACK,4736,2026-09-26T17:11:52.817Z,
ACK,4737,2026-09-26T17:11:52.953Z,
ACK,4738,2026-09-26T17:11:53.018Z,
ACK,4739,2026-09-26T17:11:53.230Z,
ACK,4740,2026-09-26T17:11:53.292Z,
ACK,4741,2026-09-26T17:11:53.388Z,
ACK,4742,2026-09-26T17:11:53.493Z,
ACK,4743,2026-09-26T17:11:53.589Z,
ACK,4744,2026-09-26T17:11:53.690Z,
ACK,4745,2026-09-26T17:11:53.795Z,
ACK,4746,2026-09-26T17:11:53.895Z,
ACK,4747,2026-09-26T17:11:54.032Z,
ACK,4748,2026-09-26T17:11:54.097Z,
ACK,4749,2026-09-26T17:11:54.196Z,
ACK,4750,2026-09-26T17:11:54.293Z,
ACK,4751,2026-09-26T17:11:54.412Z,
ACK,4752,2026-09-26T17:11:54.499Z,
ACK,4753,2026-09-26T17:11:54.596Z,
ACK,4754,2026-09-26T17:11:54.692Z,
ACK,4755,2026-09-26T17:11:54.794Z,
ACK,4756,2026-09-26T17:11:54.901Z,
ACK,4757,2026-09-26T17:11:55.003Z,
ACK,4758,2026-09-26T17:11:55.105Z,
ACK,4759,2026-09-26T17:11:55.233Z,
ACK,4760,2026-09-26T17:11:55.294Z,
ACK,4761,2026-09-26T17:11:55.395Z,
ACK,4762,2026-09-26T17:11:55.496Z,
ACK,4763,2026-09-26T17:11:55.596Z,
ACK,4764,2026-09-26T17:11:55.718Z,
ACK,4765,2026-09-26T17:11:55.797Z,
ACK,4766,2026-09-26T17:11:55.901Z,
ACK,4767,2026-09-26T17:11:56.006Z,
ACK,4768,2026-09-26T17:11:56.099Z,
ACK,4769,2026-09-26T17:11:56.210Z,
ACK,4770,2026-09-26T17:11:56.311Z,
ACK,4771,2026-09-26T17:11:56.401Z,
ACK,4772,2026-09-26T17:11:56.507Z,
ACK,4773,2026-09-26T17:11:56.602Z,
ACK,4774,2026-09-26T17:11:56.702Z,
ACK,4775,2026-09-26T17:11:56.806Z,
ACK,4776,2026-09-26T17:11:56.911Z,
ACK,4777,2026-09-26T17:11:57.005Z,
ACK,4778,2026-09-26T17:11:57.126Z,
ACK,4779,2026-09-26T17:11:57.210Z,
ACK,4780,2026-09-26T17:11:57.304Z,
ACK,4781,2026-09-26T17:11:57.406Z,
ACK,4782,2026-09-26T17:11:57.511Z,
ACK,4783,2026-09-26T17:11:57.605Z,
ACK,4784,2026-09-26T17:11:57.707Z,
ACK,4785,2026-09-26T17:11:57.813Z,
ACK,4786,2026-09-26T17:11:57.917Z,
ACK,4787,2026-09-26T17:11:58.012Z,
ACK,4788,2026-09-26T17:11:58.106Z,
ACK,4789,2026-09-26T17:11:58.211Z,
ACK,4790,2026-09-26T17:11:58.317Z,
ACK,4791,2026-09-26T17:11:58.407Z,
ACK,4792,2026-09-26T17:11:58.590Z,
ACK,4793,2026-09-26T17:11:58.664Z,
ACK,4794,2026-09-26T17:11:58.794Z,
ACK,4795,2026-09-26T17:11:58.873Z,
ACK,4796,2026-09-26T17:11:58.952Z,
ACK,4797,2026-09-26T17:11:59.122Z,
ACK,4798,2026-09-26T17:11:59.230Z,
ACK,4799,2026-09-26T17:11:59.293Z,
ACK,4800,2026-09-26T17:11:59.388Z,
ACK,4801,2026-09-26T17:11:59.499Z,
ACK,4802,2026-09-26T17:11:59.650Z,
ACK,4803,2026-09-26T17:11:59.730Z,
ACK,4804,2026-09-26T17:11:59.812Z,
ACK,4805,2026-09-26T17:11:59.911Z,
ACK,4806,2026-09-26T17:12:00.011Z,
ACK,4807,2026-09-26T17:12:00.110Z,
ACK,4808,2026-09-26T17:12:00.215Z,
ACK,4809,2026-09-26T17:12:00.315Z,
ACK,4810,2026-09-26T17:12:00.412Z,
ACK,4811,2026-09-26T17:12:00.513Z,
ACK,4812,2026-09-26T17:12:00.611Z,
ACK,4813,2026-09-26T17:12:00.740Z,
ACK,4814,2026-09-26T17:12:00.825Z,
ACK,4815,2026-09-26T17:12:00.945Z,
ACK,4816,2026-09-26T17:12:01.027Z,
ACK,4817,2026-09-26T17:12:01.169Z,
ACK,4818,2026-09-26T17:12:01.236Z,
ACK,4819,2026-09-26T17:12:01.330Z,
ACK,4820,2026-09-26T17:12:01.429Z,
ACK,4821,2026-09-26T17:12:01.530Z,
ACK,4822,2026-09-26T17:12:01.627Z,
ACK,4823,2026-09-26T17:12:01.783Z,
ACK,4824,2026-09-26T17:12:01.851Z,
ACK,4825,2026-09-26T17:12:02.096Z,
ACK,4826,2026-09-26T17:12:02.156Z,
ACK,4827,2026-09-26T17:12:02.255Z,
ACK,4828,2026-09-26T17:12:02.364Z,
ACK,4829,2026-09-26T17:12:02.539Z,
ACK,4830,2026-09-26T17:12:02.620Z,
ACK,4831,2026-09-26T17:12:02.701Z,
ACK,4832,2026-09-26T17:12:02.800Z,
ACK,4833,2026-09-26T17:12:03.123Z,
ACK,4834,2026-09-26T17:12:03.187Z,
ACK,4835,2026-09-26T17:12:03.295Z,
ACK,4836,2026-09-26T17:12:03.395Z,
ACK,4837,2026-09-26T17:12:03.485Z,
ACK,4838,2026-09-26T17:12:03.631Z,
ACK,4839,2026-09-26T17:12:03.697Z,
ACK,4840,2026-09-26T17:12:03.790Z,
ACK,4841,2026-09-26T17:12:03.975Z,
ACK,4842,2026-09-26T17:12:04.153Z,
ACK,4843,2026-09-26T17:12:04.214Z,
ACK,4844,2026-09-26T17:12:04.315Z,
ACK,4845,2026-09-26T17:12:04.413Z,
ACK,4846,2026-09-26T17:12:04.515Z,
ACK,4847,2026-09-26T17:12:04.719Z,
ACK,4848,2026-09-26T17:12:04.780Z,
ACK,4849,2026-09-26T17:12:04.875Z,
ACK,4850,2026-09-26T17:12:05.230Z,
ACK,4851,2026-09-26T17:12:05.286Z,
ACK,4852,2026-09-26T17:12:05.392Z,
ACK,4853,2026-09-26T17:12:05.547Z,
ACK,4854,2026-09-26T17:12:05.613Z,
ACK,4855,2026-09-26T17:12:05.729Z,
ACK,4856,2026-09-26T17:12:05.806Z,
ACK,4857,2026-09-26T17:12:05.907Z,
ACK,4858,2026-09-26T17:12:06.315Z,
ACK,4859,2026-09-26T17:12:06.370Z,
ACK,4860,2026-09-26T17:12:06.472Z,
ACK,4861,2026-09-26T17:12:06.575Z,
ACK,4862,2026-09-26T17:12:06.687Z,
ACK,4863,2026-09-26T17:12:06.771Z,
ACK,4864,2026-09-26T17:12:06.921Z,
ACK,4865,2026-09-26T17:12:06.996Z,
ACK,4866,2026-09-26T17:12:07.087Z,
ACK,4867,2026-09-26T17:12:07.182Z,
ACK,4868,2026-09-26T17:12:07.284Z,
ACK,4869,2026-09-26T17:12:07.382Z,
ACK,4870,2026-09-26T17:12:07.480Z,
ACK,4871,2026-09-26T17:12:07.600Z,
ACK,4872,2026-09-26T17:12:07.685Z,
ACK,4873,2026-09-26T17:12:07.789Z,
ACK,4874,2026-09-26T17:12:07.889Z,
ACK,4875,2026-09-26T17:12:07.986Z,
ACK,4876,2026-09-26T17:12:08.146Z,
ACK,4877,2026-09-26T17:12:08.211Z,
ACK,4878,2026-09-26T17:12:08.307Z,
ACK,4879,2026-09-26T17:12:08.413Z,
ACK,4880,2026-09-26T17:12:08.529Z,
ACK,4881,2026-09-26T17:12:08.605Z,
ACK,4882,2026-09-26T17:12:08.740Z,
ACK,4883,2026-09-26T17:12:08.807Z,
ACK,4884,2026-09-26T17:12:08.915Z,
ACK,4885,2026-09-26T17:12:09.009Z,
ACK,4886,2026-09-26T17:12:09.137Z,
ACK,4887,2026-09-26T17:12:09.227Z,
ACK,4888,2026-09-26T17:12:09.383Z,
ACK,4889,2026-09-26T17:12:09.466Z,
ACK,4890,2026-09-26T17:12:09.542Z,
ACK,4891,2026-09-26T17:12:09.669Z,
ACK,4892,2026-09-26T17:12:09.748Z,
ACK,4893,2026-09-26T17:12:09.965Z,
ACK,4894,2026-09-26T17:12:10.048Z,
ACK,4895,2026-09-26T17:12:10.132Z,
ACK,4896,2026-09-26T17:12:10.230Z,
ACK,4897,2026-09-26T17:12:10.332Z,
ACK,4898,2026-09-26T17:12:10.431Z,
ACK,4899,2026-09-26T17:12:10.526Z,
ACK,4900,2026-09-26T17:12:10.639Z,
ACK,4901,2026-09-26T17:12:10.728Z,
ACK,4902,2026-09-26T17:12:10.826Z,
ACK,4903,2026-09-26T17:12:10.932Z,
ACK,4904,2026-09-26T17:12:11.051Z,
ACK,4905,2026-09-26T17:12:11.132Z,
ACK,4906,2026-09-26T17:12:11.229Z,
ACK,4907,2026-09-26T17:12:11.351Z,
ACK,4908,2026-09-26T17:12:11.431Z,
ACK,4909,2026-09-26T17:12:11.534Z,
ACK,4910,2026-09-26T17:12:11.631Z,
ACK,4911,2026-09-26T17:12:11.730Z,
ACK,4912,2026-09-26T17:12:11.835Z,
ACK,4913,2026-09-26T17:12:12.096Z,
ACK,4914,2026-09-26T17:12:12.162Z,
ACK,4915,2026-09-26T17:12:12.262Z,
ACK,4916,2026-09-26T17:12:12.358Z,
ACK,4917,2026-09-26T17:12:12.458Z,
ACK,4918,2026-09-26T17:12:12.558Z,
ACK,4919,2026-09-26T17:12:12.656Z,
ACK,4920,2026-09-26T17:12:12.757Z,
ACK,4921,2026-09-26T17:12:12.909Z,
ACK,4922,2026-09-26T17:12:12.973Z,
ACK,4923,2026-09-26T17:12:13.075Z,
ACK,4924,2026-09-26T17:12:13.215Z,
ACK,4925,2026-09-26T17:12:13.270Z,
ACK,4926,2026-09-26T17:12:13.385Z,
ACK,4927,2026-09-26T17:12:13.476Z,
ACK,4928,2026-09-26T17:12:13.581Z,
ACK,4929,2026-09-26T17:12:13.695Z,
ACK,4930,2026-09-26T17:12:13.775Z,
ACK,4931,2026-09-26T17:12:13.907Z,
ACK,4932,2026-09-26T17:12:13.976Z,
ACK,4933,2026-09-26T17:12:14.231Z,
ACK,4934,2026-09-26T17:12:14.295Z,
ACK,4935,2026-09-26T17:12:14.391Z,
ACK,4936,2026-09-26T17:12:14.491Z,
ACK,4937,2026-09-26T17:12:14.600Z,
ACK,4938,2026-09-26T17:12:14.692Z,
ACK,4939,2026-09-26T17:12:14.793Z,
ACK,4940,2026-09-26T17:12:14.892Z,
ACK,4941,2026-09-26T17:12:14.991Z,
ACK,4942,2026-09-26T17:12:15.092Z,
ACK,4943,2026-09-26T17:12:15.198Z,
ACK,4944,2026-09-26T17:12:15.295Z,
ACK,4945,2026-09-26T17:12:15.396Z,
ACK,4946,2026-09-26T17:12:15.500Z,
ACK,4947,2026-09-26T17:12:15.601Z,
ACK,4948,2026-09-26T17:12:15.705Z,
ACK,4949,2026-09-26T17:12:15.800Z,
ACK,4950,2026-09-26T17:12:15.900Z,
ACK,4951,2026-09-26T17:12:16.001Z,
ACK,4952,2026-09-26T17:12:16.136Z,
ACK,4953,2026-09-26T17:12:16.199Z,
ACK,4954,2026-09-26T17:12:16.322Z,
ACK,4955,2026-09-26T17:12:16.397Z,
ACK,4956,2026-09-26T17:12:16.502Z,
ACK,4957,2026-09-26T17:12:16.596Z,
ACK,4958,2026-09-26T17:12:16.724Z,
ACK,4959,2026-09-26T17:12:16.803Z,
ACK,4960,2026-09-26T17:12:16.928Z,
ACK,4961,2026-09-26T17:12:17.002Z,
ACK,4962,2026-09-26T17:12:17.131Z,
ACK,4963,2026-09-26T17:12:17.228Z,
ACK,4964,2026-09-26T17:12:17.324Z,
ACK,4965,2026-09-26T17:12:17.441Z,
ACK,4966,2026-09-26T17:12:17.506Z,
ACK,4967,2026-09-26T17:12:17.603Z,
ACK,4968,2026-09-26T17:12:17.705Z,
ACK,4969,2026-09-26T17:12:17.818Z,
ACK,4970,2026-09-26T17:12:17.907Z,
ACK,4971,2026-09-26T17:12:18.037Z,
ACK,4972,2026-09-26T17:12:18.106Z,
ACK,4973,2026-09-26T17:12:18.233Z,
ACK,4974,2026-09-26T17:12:18.305Z,
ACK,4975,2026-09-26T17:12:18.468Z,
ACK,4976,2026-09-26T17:12:18.534Z,
ACK,4977,2026-09-26T17:12:18.657Z,
ACK,4978,2026-09-26T17:12:18.778Z,
ACK,4979,2026-09-26T17:12:18.846Z,
ACK,4980,2026-09-26T17:12:18.944Z,
ACK,4981,2026-09-26T17:12:19.087Z,
ACK,4982,2026-09-26T17:12:19.151Z,
ACK,4983,2026-09-26T17:12:19.289Z,
ACK,4984,2026-09-26T17:12:19.388Z,
ACK,4985,2026-09-26T17:12:19.459Z,
ACK,4986,2026-09-26T17:12:19.588Z,
ACK,4987,2026-09-26T17:12:19.700Z,
ACK,4988,2026-09-26T17:12:19.768Z,
ACK,4989,2026-09-26T17:12:19.866Z,
ACK,4990,2026-09-26T17:12:20.005Z,
ACK,4991,2026-09-26T17:12:20.073Z,
ACK,4992,2026-09-26T17:12:20.211Z,
ACK,4993,2026-09-26T17:12:20.308Z,
ACK,4994,2026-09-26T17:12:20.446Z,
ACK,4995,2026-09-26T17:12:20.508Z,
ACK,4996,2026-09-26T17:12:20.621Z,
ACK,4997,2026-09-26T17:12:20.788Z,
ACK,4998,2026-09-26T17:12:20.856Z,
ACK,4999,2026-09-26T17:12:20.994Z,
ACK,5000,2026-09-26T17:12:21.064Z,
ACK,5001,2026-09-26T17:12:21.230Z,
ACK,5002,2026-09-26T17:12:21.299Z,
ACK,5003,2026-09-26T17:12:21.474Z,
ACK,5004,2026-09-26T17:12:21.543Z,
ACK,5005,2026-09-26T17:12:21.710Z,
ACK,5006,2026-09-26T17:12:21.778Z,
ACK,5007,2026-09-26T17:12:21.916Z,
ACK,5008,2026-09-26T17:12:21.985Z,
ACK,5009,2026-09-26T17:12:22.135Z,
ACK,5010,2026-09-26T17:12:22.206Z,
ACK,5011,2026-09-26T17:12:22.303Z,
ACK,5012,2026-09-26T17:12:22.396Z,
ACK,5013,2026-09-26T17:12:22.497Z,
ACK,5014,2026-09-26T17:12:22.610Z,
ACK,5015,2026-09-26T17:12:22.700Z,
ACK,5016,2026-09-26T17:12:22.798Z,
ACK,5017,2026-09-26T17:12:22.898Z,
ACK,5018,2026-09-26T17:12:23.002Z,
ACK,5019,2026-09-26T17:12:23.097Z,
ACK,5020,2026-09-26T17:12:23.220Z,
ACK,5021,2026-09-26T17:12:23.300Z,
ACK,5022,2026-09-26T17:12:23.409Z,
ACK,5023,2026-09-26T17:12:23.501Z,
ACK,5024,2026-09-26T17:12:23.604Z,
ACK,5025,2026-09-26T17:12:23.700Z,
ACK,5026,2026-09-26T17:12:23.802Z,
ACK,5027,2026-09-26T17:12:23.901Z,
ACK,5028,2026-09-26T17:12:24.003Z,
ACK,5029,2026-09-26T17:12:24.104Z,
ACK,5030,2026-09-26T17:12:24.216Z,
ACK,5031,2026-09-26T17:12:24.304Z,
ACK,5032,2026-09-26T17:12:24.402Z,
ACK,5033,2026-09-26T17:12:24.507Z,
ACK,5034,2026-09-26T17:12:24.730Z,
ACK,5035,2026-09-26T17:12:24.795Z,
ACK,5036,2026-09-26T17:12:24.892Z,
ACK,5037,2026-09-26T17:12:25.074Z,
ACK,5038,2026-09-26T17:12:25.151Z,
ACK,5039,2026-09-26T17:12:25.241Z,
ACK,5040,2026-09-26T17:12:25.336Z,
ACK,5041,2026-09-26T17:12:25.437Z,
ACK,5042,2026-09-26T17:12:25.538Z,
ACK,5043,2026-09-26T17:12:25.641Z,
ACK,5044,2026-09-26T17:12:25.737Z,
ACK,5045,2026-09-26T17:12:25.837Z,
ACK,5046,2026-09-26T17:12:25.941Z,
ACK,5047,2026-09-26T17:12:26.039Z,
ACK,5048,2026-09-26T17:12:26.136Z,
ACK,5049,2026-09-26T17:12:26.278Z,
ACK,5050,2026-09-26T17:12:26.345Z,
ACK,5051,2026-09-26T17:12:26.442Z,
ACK,5052,2026-09-26T17:12:26.539Z,
ACK,5053,2026-09-26T17:12:26.647Z,
ACK,5054,2026-09-26T17:12:26.749Z,
ACK,5055,2026-09-26T17:12:26.848Z,
ACK,5056,2026-09-26T17:12:26.943Z,
ACK,5057,2026-09-26T17:12:27.041Z,
ACK,5058,2026-09-26T17:12:27.142Z,
ACK,5059,2026-09-26T17:12:27.247Z,
ACK,5060,2026-09-26T17:12:27.341Z,
ACK,5061,2026-09-26T17:12:27.551Z,
ACK,5062,2026-09-26T17:12:27.625Z,
ACK,5063,2026-09-26T17:12:27.725Z,
ACK,5064,2026-09-26T17:12:27.817Z,
ACK,5065,2026-09-26T17:12:27.917Z,
ACK,5066,2026-09-26T17:12:28.043Z,
ACK,5067,2026-09-26T17:12:28.135Z,
ACK,5068,2026-09-26T17:12:28.212Z,
ACK,5069,2026-09-26T17:12:28.328Z,
ACK,5070,2026-09-26T17:12:28.441Z,
ACK,5071,2026-09-26T17:12:28.526Z,
ACK,5072,2026-09-26T17:12:28.659Z,
ACK,5073,2026-09-26T17:12:28.730Z,
ACK,5074,2026-09-26T17:12:28.829Z,
ACK,5075,2026-09-26T17:12:28.939Z,
ACK,5076,2026-09-26T17:12:29.023Z,
ACK,5077,2026-09-26T17:12:29.174Z,
ACK,5078,2026-09-26T17:12:29.233Z,
ACK,5079,2026-09-26T17:12:29.336Z,
ACK,5080,2026-09-26T17:12:29.432Z,
ACK,5081,2026-09-26T17:12:29.537Z,
ACK,5082,2026-09-26T17:12:29.638Z,
ACK,5083,2026-09-26T17:12:29.741Z,
ACK,5084,2026-09-26T17:12:29.862Z,
ACK,5085,2026-09-26T17:12:29.937Z,
ACK,5086,2026-09-26T17:12:30.036Z,
ACK,5087,2026-09-26T17:12:30.143Z,
ACK,5088,2026-09-26T17:12:30.303Z,
ACK,5089,2026-09-26T17:12:30.376Z,
ACK,5090,2026-09-26T17:12:30.471Z,
ACK,5091,2026-09-26T17:12:30.564Z,
ACK,5092,2026-09-26T17:12:30.669Z,
ACK,5093,2026-09-26T17:12:30.908Z,
ACK,5094,2026-09-26T17:12:30.972Z,
ACK,5095,2026-09-26T17:12:31.070Z,
ACK,5096,2026-09-26T17:12:31.180Z,
ACK,5097,2026-09-26T17:12:31.267Z,
ACK,5098,2026-09-26T17:12:31.366Z,
ACK,5099,2026-09-26T17:12:31.471Z,
ACK,5100,2026-09-26T17:12:31.570Z,
ACK,5101,2026-09-26T17:12:31.667Z,
ACK,5102,2026-09-26T17:12:31.770Z,
ACK,5103,2026-09-26T17:12:31.876Z,
ACK,5104,2026-09-26T17:12:31.973Z,
ACK,5105,2026-09-26T17:12:32.074Z,
ACK,5106,2026-09-26T17:12:32.171Z,
ACK,5107,2026-09-26T17:12:32.275Z,
ACK,5108,2026-09-26T17:12:32.375Z,
ACK,5109,2026-09-26T17:12:32.472Z,
ACK,5110,2026-09-26T17:12:32.576Z,
ACK,5111,2026-09-26T17:12:32.670Z,
ACK,5112,2026-09-26T17:12:32.778Z,
ACK,5113,2026-09-26T17:12:32.882Z,
ACK,5114,2026-09-26T17:12:32.975Z,
ACK,5115,2026-09-26T17:12:33.083Z,
ACK,5116,2026-09-26T17:12:33.177Z,
ACK,5117,2026-09-26T17:12:33.276Z,
ACK,5118,2026-09-26T17:12:33.384Z,
ACK,5119,2026-09-26T17:12:33.494Z,
ACK,5120,2026-09-26T17:12:33.577Z,
ACK,5121,2026-09-26T17:12:33.679Z,
ACK,5122,2026-09-26T17:12:33.779Z,
ACK,5123,2026-09-26T17:12:33.900Z,
ACK,5124,2026-09-26T17:12:33.988Z,
ACK,5125,2026-09-26T17:12:34.115Z,
ACK,5126,2026-09-26T17:12:34.186Z,
ACK,5127,2026-09-26T17:12:34.282Z,
ACK,5128,2026-09-26T17:12:34.387Z,
ACK,5129,2026-09-26T17:12:34.486Z,
ACK,5130,2026-09-26T17:12:34.731Z,
ACK,5131,2026-09-26T17:12:34.813Z,
ACK,5132,2026-09-26T17:12:34.897Z,
ACK,5133,2026-09-26T17:12:35.012Z,
ACK,5134,2026-09-26T17:12:35.090Z,
ACK,5135,2026-09-26T17:12:35.238Z,
ACK,5136,2026-09-26T17:12:35.297Z,
ACK,5137,2026-09-26T17:12:35.400Z,
ACK,5138,2026-09-26T17:12:35.499Z,
ACK,5139,2026-09-26T17:12:35.599Z,
ACK,5140,2026-09-26T17:12:35.731Z,
ACK,5141,2026-09-26T17:12:35.805Z,
ACK,5142,2026-09-26T17:12:36.017Z,
ACK,5143,2026-09-26T17:12:36.114Z,
ACK,5144,2026-09-26T17:12:36.188Z,
ACK,5145,2026-09-26T17:12:36.289Z,
ACK,5146,2026-09-26T17:12:36.383Z,
ACK,5147,2026-09-26T17:12:36.477Z,
ACK,5148,2026-09-26T17:12:36.583Z,
ACK,5149,2026-09-26T17:12:36.680Z,
ACK,5150,2026-09-26T17:12:36.797Z,
ACK,5151,2026-09-26T17:12:36.886Z,
ACK,5152,2026-09-26T17:12:37.102Z,
ACK,5153,2026-09-26T17:12:37.168Z,
ACK,5154,2026-09-26T17:12:37.265Z,
ACK,5155,2026-09-26T17:12:37.359Z,
ACK,5156,2026-09-26T17:12:37.465Z,
ACK,5157,2026-09-26T17:12:37.565Z,
ACK,5158,2026-09-26T17:12:37.670Z,
ACK,5159,2026-09-26T17:12:37.765Z,
ACK,5160,2026-09-26T17:12:37.862Z,
ACK,5161,2026-09-26T17:12:38.224Z,
ACK,5162,2026-09-26T17:12:38.290Z,
ACK,5163,2026-09-26T17:12:38.395Z,
ACK,5164,2026-09-26T17:12:38.481Z,
ACK,5165,2026-09-26T17:12:38.586Z,
ACK,5166,2026-09-26T17:12:38.690Z,
ACK,5167,2026-09-26T17:12:38.781Z,
ACK,5168,2026-09-26T17:12:38.893Z,
ACK,5169,2026-09-26T17:12:38.981Z,
ACK,5170,2026-09-26T17:12:39.091Z,
ACK,5171,2026-09-26T17:12:39.187Z,
ACK,5172,2026-09-26T17:12:39.287Z,
ACK,5173,2026-09-26T17:12:39.539Z,
ACK,5174,2026-09-26T17:12:39.605Z,
ACK,5175,2026-09-26T17:12:39.706Z,
ACK,5176,2026-09-26T17:12:39.801Z,
ACK,5177,2026-09-26T17:12:39.898Z,
ACK,5178,2026-09-26T17:12:40.016Z,
ACK,5179,2026-09-26T17:12:40.105Z,
ACK,5180,2026-09-26T17:12:40.201Z,
ACK,5181,2026-09-26T17:12:40.299Z,
ACK,5182,2026-09-26T17:12:40.411Z,
ACK,5183,2026-09-26T17:12:40.509Z,
ACK,5184,2026-09-26T17:12:40.605Z,
ACK,5185,2026-09-26T17:12:40.706Z,
ACK,5186,2026-09-26T17:12:40.823Z,
ACK,5187,2026-09-26T17:12:40.910Z,
ACK,5188,2026-09-26T17:12:41.005Z,
ACK,5189,2026-09-26T17:12:41.110Z,
ACK,5190,2026-09-26T17:12:41.210Z,
ACK,5191,2026-09-26T17:12:41.306Z,
ACK,5192,2026-09-26T17:12:41.410Z,
ACK,5193,2026-09-26T17:12:41.512Z,
ACK,5194,2026-09-26T17:12:41.607Z,
ACK,5195,2026-09-26T17:12:41.709Z,
ACK,5196,2026-09-26T17:12:41.830Z,
ACK,5197,2026-09-26T17:12:41.910Z,
ACK,5198,2026-09-26T17:12:42.016Z,
ACK,5199,2026-09-26T17:12:42.107Z,
ACK,5200,2026-09-26T17:12:42.210Z,
ACK,5201,2026-09-26T17:12:42.327Z,
ACK,5202,2026-09-26T17:12:42.425Z,
ACK,5203,2026-09-26T17:12:42.729Z,
ACK,5204,2026-09-26T17:12:42.789Z,
ACK,5205,2026-09-26T17:12:42.887Z,
ACK,5206,2026-09-26T17:12:42.995Z,
ACK,5207,2026-09-26T17:12:43.098Z,
ACK,5208,2026-09-26T17:12:43.189Z,
ACK,5209,2026-09-26T17:12:43.291Z,
ACK,5210,2026-09-26T17:12:43.398Z,
ACK,5211,2026-09-26T17:12:43.494Z,
ACK,5212,2026-09-26T17:12:43.594Z,
ACK,5213,2026-09-26T17:12:43.728Z,
ACK,5214,2026-09-26T17:12:43.819Z,
ACK,5215,2026-09-26T17:12:43.893Z,
ACK,5216,2026-09-26T17:12:44.000Z,
ACK,5217,2026-09-26T17:12:44.098Z,
ACK,5218,2026-09-26T17:12:44.215Z,
ACK,5219,2026-09-26T17:12:44.298Z,
ACK,5220,2026-09-26T17:12:44.396Z,
ACK,5221,2026-09-26T17:12:44.499Z,
ACK,5222,2026-09-26T17:12:44.616Z,
ACK,5223,2026-09-26T17:12:44.715Z,
ACK,5224,2026-09-26T17:12:44.799Z,
ACK,5225,2026-09-26T17:12:44.897Z,
ACK,5226,2026-09-26T17:12:45.001Z,
ACK,5227,2026-09-26T17:12:45.100Z,
ACK,5228,2026-09-26T17:12:45.229Z,
ACK,5229,2026-09-26T17:12:45.296Z,
ACK,5230,2026-09-26T17:12:45.462Z,
ACK,5231,2026-09-26T17:12:45.539Z,
ACK,5232,2026-09-26T17:12:45.628Z,
ACK,5233,2026-09-26T17:12:45.725Z,
ACK,5234,2026-09-26T17:12:45.824Z,
ACK,5235,2026-09-26T17:12:45.920Z,
ACK,5236,2026-09-26T17:12:46.032Z,
ACK,5237,2026-09-26T17:12:46.124Z,
ACK,5238,2026-09-26T17:12:46.238Z,
ACK,5239,2026-09-26T17:12:46.325Z,
ACK,5240,2026-09-26T17:12:46.429Z,
ACK,5241,2026-09-26T17:12:46.529Z,
ACK,5242,2026-09-26T17:12:46.649Z,
ACK,5243,2026-09-26T17:12:46.746Z,
ACK,5244,2026-09-26T17:12:46.828Z,
ACK,5245,2026-09-26T17:12:46.928Z,
ACK,5246,2026-09-26T17:12:47.030Z,
ACK,5247,2026-09-26T17:12:47.163Z,
ACK,5248,2026-09-26T17:12:47.234Z,
ACK,5249,2026-09-26T17:12:47.325Z,
ACK,5250,2026-09-26T17:12:47.438Z,
ACK,5251,2026-09-26T17:12:47.531Z,
ACK,5252,2026-09-26T17:12:47.635Z,
ACK,5253,2026-09-26T17:12:47.786Z,
ACK,5254,2026-09-26T17:12:47.844Z,
ACK,5255,2026-09-26T17:12:47.951Z,
ACK,5256,2026-09-26T17:12:48.046Z,
ACK,5257,2026-09-26T17:12:48.146Z,
ACK,5258,2026-09-26T17:12:48.257Z,
ACK,5259,2026-09-26T17:12:48.371Z,
ACK,5260,2026-09-26T17:12:48.451Z,
ACK,5261,2026-09-26T17:12:48.552Z,
ACK,5262,2026-09-26T17:12:48.654Z,
ACK,5263,2026-09-26T17:12:48.748Z,
ACK,5264,2026-09-26T17:12:48.851Z,
ACK,5265,2026-09-26T17:12:48.956Z,
ACK,5266,2026-09-26T17:12:49.055Z,
ACK,5267,2026-09-26T17:12:49.151Z,
ACK,5268,2026-09-26T17:12:49.560Z,
ACK,5269,2026-09-26T17:12:49.628Z,
ACK,5270,2026-09-26T17:12:49.723Z,
ACK,5271,2026-09-26T17:12:49.825Z,
ACK,5272,2026-09-26T17:12:49.920Z,
ACK,5273,2026-09-26T17:12:50.019Z,
ACK,5274,2026-09-26T17:12:50.123Z,
ACK,5275,2026-09-26T17:12:50.221Z,
ACK,5276,2026-09-26T17:12:50.326Z,
ACK,5277,2026-09-26T17:12:50.426Z,
ACK,5278,2026-09-26T17:12:50.534Z,
ACK,5279,2026-09-26T17:12:50.628Z,
ACK,5280,2026-09-26T17:12:50.736Z,
ACK,5281,2026-09-26T17:12:50.826Z,
ACK,5282,2026-09-26T17:12:50.926Z,
ACK,5283,2026-09-26T17:12:51.035Z,
ACK,5284,2026-09-26T17:12:51.126Z,
ACK,5285,2026-09-26T17:12:51.239Z,
ACK,5286,2026-09-26T17:12:51.334Z,
ACK,5287,2026-09-26T17:12:51.430Z,
ACK,5288,2026-09-26T17:12:51.529Z,
ACK,5289,2026-09-26T17:12:51.627Z,
ACK,5290,2026-09-26T17:12:51.735Z,
ACK,5291,2026-09-26T17:12:51.825Z,
ACK,5292,2026-09-26T17:12:51.936Z,
ACK,5293,2026-09-26T17:12:52.029Z,
ACK,5294,2026-09-26T17:12:52.205Z,
ACK,5295,2026-09-26T17:12:52.273Z,
ACK,5296,2026-09-26T17:12:52.365Z,
ACK,5297,2026-09-26T17:12:52.461Z,
ACK,5298,2026-09-26T17:12:52.563Z,
ACK,5299,2026-09-26T17:12:52.673Z,
ACK,5300,2026-09-26T17:12:52.774Z,
ACK,5301,2026-09-26T17:12:52.868Z,
ACK,5302,2026-09-26T17:12:53.020Z,
ACK,5303,2026-09-26T17:12:53.109Z,
ACK,5304,2026-09-26T17:12:53.185Z,
ACK,5305,2026-09-26T17:12:53.287Z,
ACK,5306,2026-09-26T17:12:53.391Z,
ACK,5307,2026-09-26T17:12:53.502Z,
ACK,5308,2026-09-26T17:12:53.585Z,
ACK,5309,2026-09-26T17:12:53.681Z,
ACK,5310,2026-09-26T17:12:53.782Z,
ACK,5311,2026-09-26T17:12:53.884Z,
ACK,5312,2026-09-26T17:12:53.986Z,
ACK,5313,2026-09-26T17:12:54.082Z,
ACK,5314,2026-09-26T17:12:54.205Z,
ACK,5315,2026-09-26T17:12:54.307Z,
ACK,5316,2026-09-26T17:12:54.382Z,
ACK,5317,2026-09-26T17:12:54.496Z,
ACK,5318,2026-09-26T17:12:54.616Z,
ACK,5319,2026-09-26T17:12:54.693Z,
ACK,5320,2026-09-26T17:12:54.786Z,
ACK,5321,2026-09-26T17:12:54.885Z,
ACK,5322,2026-09-26T17:12:54.988Z,
ACK,5323,2026-09-26T17:12:55.124Z,
ACK,5324,2026-09-26T17:12:55.229Z,
ACK,5325,2026-09-26T17:12:55.293Z,
ACK,5326,2026-09-26T17:12:55.390Z,
ACK,5327,2026-09-26T17:12:55.516Z,
ACK,5328,2026-09-26T17:12:55.595Z,
ACK,5329,2026-09-26T17:12:55.690Z,
ACK,5330,2026-09-26T17:12:55.801Z,
ACK,5331,2026-09-26T17:12:55.894Z,
ACK,5332,2026-09-26T17:12:56.017Z,
ACK,5333,2026-09-26T17:12:56.096Z,
ACK,5334,2026-09-26T17:12:56.208Z,
ACK,5335,2026-09-26T17:12:56.307Z,
ACK,5336,2026-09-26T17:12:56.391Z,
ACK,5337,2026-09-26T17:12:56.492Z,
ACK,5338,2026-09-26T17:12:56.596Z,
ACK,5339,2026-09-26T17:12:56.723Z,
ACK,5340,2026-09-26T17:12:56.823Z,
ACK,5341,2026-09-26T17:12:56.900Z,
ACK,5342,2026-09-26T17:12:57.040Z,
ACK,5343,2026-09-26T17:12:57.121Z,
ACK,5344,2026-09-26T17:12:57.202Z,
ACK,5345,2026-09-26T17:12:57.300Z,
ACK,5346,2026-09-26T17:12:57.404Z,
ACK,5347,2026-09-26T17:12:57.506Z,
ACK,5348,2026-09-26T17:12:57.601Z,
ACK,5349,2026-09-26T17:12:57.702Z,
ACK,5350,2026-09-26T17:12:57.832Z,
ACK,5351,2026-09-26T17:12:57.915Z,
ACK,5352,2026-09-26T17:12:58.057Z,
ACK,5353,2026-09-26T17:12:58.121Z,
ACK,5354,2026-09-26T17:12:58.220Z,
ACK,5355,2026-09-26T17:12:58.315Z,
ACK,5356,2026-09-26T17:12:58.426Z,
ACK,5357,2026-09-26T17:12:58.519Z,
ACK,5358,2026-09-26T17:12:58.645Z,
ACK,5359,2026-09-26T17:12:58.721Z,
ACK,5360,2026-09-26T17:12:58.820Z,
ACK,5361,2026-09-26T17:12:58.946Z,
ACK,5362,2026-09-26T17:12:59.021Z,
ACK,5363,2026-09-26T17:12:59.125Z,
ACK,5364,2026-09-26T17:12:59.237Z,
ACK,5365,2026-09-26T17:12:59.321Z,
ACK,5366,2026-09-26T17:12:59.422Z,
ACK,5367,2026-09-26T17:12:59.523Z,
ACK,5368,2026-09-26T17:12:59.624Z,
ACK,5369,2026-09-26T17:12:59.727Z,
ACK,5370,2026-09-26T17:12:59.824Z,
ACK,5371,2026-09-26T17:12:59.924Z,
ACK,5372,2026-09-26T17:13:00.030Z,
ACK,5373,2026-09-26T17:13:00.123Z,
ACK,5374,2026-09-26T17:13:00.227Z,
ACK,5375,2026-09-26T17:13:00.325Z,
ACK,5376,2026-09-26T17:13:00.438Z,
ACK,5377,2026-09-26T17:13:00.536Z,
ACK,5378,2026-09-26T17:13:00.631Z,
ACK,5379,2026-09-26T17:13:00.729Z,
ACK,5380,2026-09-26T17:13:00.852Z,
ACK,5381,2026-09-26T17:13:00.931Z,
ACK,5382,2026-09-26T17:13:01.034Z,
ACK,5383,2026-09-26T17:13:01.130Z,
ACK,5384,2026-09-26T17:13:01.229Z,
ACK,5385,2026-09-26T17:13:01.329Z,
ACK,5386,2026-09-26T17:13:01.557Z,
ACK,5387,2026-09-26T17:13:01.730Z,
ACK,5388,2026-09-26T17:13:01.790Z,
ACK,5389,2026-09-26T17:13:01.897Z,
ACK,5390,2026-09-26T17:13:01.990Z,
ACK,5391,2026-09-26T17:13:02.105Z,
ACK,5392,2026-09-26T17:13:02.230Z,
ACK,5393,2026-09-26T17:13:02.295Z,
ACK,5394,2026-09-26T17:13:02.395Z,
ACK,5395,2026-09-26T17:13:02.497Z,
ACK,5396,2026-09-26T17:13:02.594Z,
ACK,5397,2026-09-26T17:13:02.730Z,
ACK,5398,2026-09-26T17:13:02.800Z,
ACK,5399,2026-09-26T17:13:02.894Z,
ACK,5400,2026-09-26T17:13:02.999Z,
ACK,5401,2026-09-26T17:13:03.119Z,
ACK,5402,2026-09-26T17:13:03.220Z,
ACK,5403,2026-09-26T17:13:03.303Z,
ACK,5404,2026-09-26T17:13:03.396Z,
ACK,5405,2026-09-26T17:13:03.533Z,
ACK,5406,2026-09-26T17:13:03.598Z,
ACK,5407,2026-09-26T17:13:03.702Z,
ACK,5408,2026-09-26T17:13:03.797Z,
ACK,5409,2026-09-26T17:13:03.927Z,
ACK,5410,2026-09-26T17:13:04.004Z,
ACK,5411,2026-09-26T17:13:04.104Z,
ACK,5412,2026-09-26T17:13:04.201Z,
ACK,5413,2026-09-26T17:13:04.311Z,
ACK,5414,2026-09-26T17:13:04.418Z,
ACK,5415,2026-09-26T17:13:04.506Z,
ACK,5416,2026-09-26T17:13:04.641Z,
ACK,5417,2026-09-26T17:13:04.716Z,
ACK,5418,2026-09-26T17:13:04.807Z,
ACK,5419,2026-09-26T17:13:04.903Z,
ACK,5420,2026-09-26T17:13:05.039Z,
ACK,5421,2026-09-26T17:13:05.119Z,
ACK,5422,2026-09-26T17:13:05.230Z,
ACK,5423,2026-09-26T17:13:05.311Z,
ACK,5424,2026-09-26T17:13:05.406Z,
ACK,5425,2026-09-26T17:13:05.551Z,
ACK,5426,2026-09-26T17:13:05.610Z,
ACK,5427,2026-09-26T17:13:05.720Z,
ACK,5428,2026-09-26T17:13:05.810Z,
ACK,5429,2026-09-26T17:13:05.919Z,
ACK,5430,2026-09-26T17:13:06.040Z,
ACK,5431,2026-09-26T17:13:06.146Z,
ACK,5432,2026-09-26T17:13:06.229Z,
ACK,5433,2026-09-26T17:13:06.313Z,
ACK,5434,2026-09-26T17:13:06.445Z,
ACK,5435,2026-09-26T17:13:06.517Z,
ACK,5436,2026-09-26T17:13:06.636Z,
ACK,5437,2026-09-26T17:13:06.729Z,
ACK,5438,2026-09-26T17:13:06.816Z,
ACK,5439,2026-09-26T17:13:06.921Z,
ACK,5440,2026-09-26T17:13:07.018Z,
ACK,5441,2026-09-26T17:13:07.116Z,
ACK,5442,2026-09-26T17:13:07.215Z,
ACK,5443,2026-09-26T17:13:07.348Z,
ACK,5444,2026-09-26T17:13:07.413Z,
ACK,5445,2026-09-26T17:13:07.524Z,
ACK,5446,2026-09-26T17:13:07.618Z,
ACK,5447,2026-09-26T17:13:07.725Z,
ACK,5448,2026-09-26T17:13:07.821Z,
ACK,5449,2026-09-26T17:13:07.919Z,
ACK,5450,2026-09-26T17:13:08.192Z,
ACK,5451,2026-09-26T17:13:08.251Z,
ACK,5452,2026-09-26T17:13:08.374Z,
ACK,5453,2026-09-26T17:13:08.451Z,
ACK,5454,2026-09-26T17:13:08.554Z,
ACK,5455,2026-09-26T17:13:08.652Z,
ACK,5456,2026-09-26T17:13:08.757Z,
ACK,5457,2026-09-26T17:13:08.850Z,
ACK,5458,2026-09-26T17:13:08.978Z,
ACK,5459,2026-09-26T17:13:09.067Z,
ACK,5460,2026-09-26T17:13:09.160Z,
ACK,5461,2026-09-26T17:13:09.296Z,
ACK,5462,2026-09-26T17:13:09.369Z,
ACK,5463,2026-09-26T17:13:09.455Z,
ACK,5464,2026-09-26T17:13:09.565Z,
ACK,5465,2026-09-26T17:13:09.665Z,
ACK,5466,2026-09-26T17:13:09.755Z,
ACK,5467,2026-09-26T17:13:09.892Z,
ACK,5468,2026-09-26T17:13:09.981Z,
ACK,5469,2026-09-26T17:13:10.067Z,
ACK,5470,2026-09-26T17:13:10.160Z,
ACK,5471,2026-09-26T17:13:10.261Z,
ACK,5472,2026-09-26T17:13:10.373Z,
ACK,5473,2026-09-26T17:13:10.461Z,
ACK,5474,2026-09-26T17:13:10.564Z,
ACK,5475,2026-09-26T17:13:10.662Z,
ACK,5476,2026-09-26T17:13:10.761Z,
ACK,5477,2026-09-26T17:13:10.872Z,
ACK,5478,2026-09-26T17:13:10.964Z,
ACK,5479,2026-09-26T17:13:11.061Z,
ACK,5480,2026-09-26T17:13:11.166Z,
ACK,5481,2026-09-26T17:13:11.378Z,
ACK,5482,2026-09-26T17:13:11.444Z,
ACK,5483,2026-09-26T17:13:11.541Z,
ACK,5484,2026-09-26T17:13:11.641Z,
ACK,5485,2026-09-26T17:13:11.741Z,
ACK,5486,2026-09-26T17:13:11.846Z,
ACK,5487,2026-09-26T17:13:11.969Z,
ACK,5488,2026-09-26T17:13:12.041Z,
ACK,5489,2026-09-26T17:13:12.145Z,
ACK,5490,2026-09-26T17:13:12.285Z,
ACK,5491,2026-09-26T17:13:12.344Z,
ACK,5492,2026-09-26T17:13:12.450Z,
ACK,5493,2026-09-26T17:13:12.549Z,
ACK,5494,2026-09-26T17:13:12.644Z,
ACK,5495,2026-09-26T17:13:12.846Z,
ACK,5496,2026-09-26T17:13:12.906Z,
ACK,5497,2026-09-26T17:13:13.004Z,
ACK,5498,2026-09-26T17:13:13.110Z,
ACK,5499,2026-09-26T17:13:13.221Z,
ACK,5500,2026-09-26T17:13:13.310Z,
ACK,5501,2026-09-26T17:13:13.406Z,
ACK,5502,2026-09-26T17:13:13.510Z,
ACK,5503,2026-09-26T17:13:13.631Z,
ACK,5504,2026-09-26T17:13:13.718Z,
ACK,5505,2026-09-26T17:13:13.827Z,
ACK,5506,2026-09-26T17:13:13.911Z,
ACK,5507,2026-09-26T17:13:14.022Z,
ACK,5508,2026-09-26T17:13:14.119Z,
ACK,5509,2026-09-26T17:13:14.259Z,
ACK,5510,2026-09-26T17:13:14.362Z,
ACK,5511,2026-09-26T17:13:14.441Z,
ACK,5512,2026-09-26T17:13:14.525Z,
ACK,5513,2026-09-26T17:13:14.668Z,
ACK,5514,2026-09-26T17:13:14.742Z,
ACK,5515,2026-09-26T17:13:14.830Z,
ACK,5516,2026-09-26T17:13:14.932Z,
ACK,5517,2026-09-26T17:13:15.034Z,
ACK,5518,2026-09-26T17:13:15.193Z,
ACK,5519,2026-09-26T17:13:15.253Z,
ACK,5520,2026-09-26T17:13:15.351Z,
ACK,5521,2026-09-26T17:13:15.462Z,
ACK,5522,2026-09-26T17:13:15.554Z,
ACK,5523,2026-09-26T17:13:15.656Z,
ACK,5524,2026-09-26T17:13:15.767Z,
ACK,5525,2026-09-26T17:13:15.857Z,
ACK,5526,2026-09-26T17:13:15.986Z,
ACK,5527,2026-09-26T17:13:16.087Z,
ACK,5528,2026-09-26T17:13:16.155Z,
ACK,5529,2026-09-26T17:13:16.277Z,
ACK,5530,2026-09-26T17:13:16.380Z,
ACK,5531,2026-09-26T17:13:16.466Z,
ACK,5532,2026-09-26T17:13:16.593Z,
ACK,5533,2026-09-26T17:13:16.659Z,
ACK,5534,2026-09-26T17:13:16.869Z,
ACK,5535,2026-09-26T17:13:16.949Z,
ACK,5536,2026-09-26T17:13:17.028Z,
ACK,5537,2026-09-26T17:13:17.134Z,
ACK,5538,2026-09-26T17:13:17.256Z,
ACK,5539,2026-09-26T17:13:17.357Z,
ACK,5540,2026-09-26T17:13:17.435Z,
ACK,5541,2026-09-26T17:13:17.529Z,
ACK,5542,2026-09-26T17:13:17.637Z,
ACK,5543,2026-09-26T17:13:17.751Z,
ACK,5544,2026-09-26T17:13:17.857Z,
ACK,5545,2026-09-26T17:13:17.932Z,
ACK,5546,2026-09-26T17:13:18.033Z,
ACK,5547,2026-09-26T17:13:18.148Z,
ACK,5548,2026-09-26T17:13:18.241Z,
ACK,5549,2026-09-26T17:13:18.342Z,
ACK,5550,2026-09-26T17:13:18.440Z,
ACK,5551,2026-09-26T17:13:18.548Z,
ACK,5552,2026-09-26T17:13:18.650Z,
ACK,5553,2026-09-26T17:13:18.740Z,
ACK,5554,2026-09-26T17:13:18.916Z,
ACK,5555,2026-09-26T17:13:18.981Z,
ACK,5556,2026-09-26T17:13:19.089Z,
ACK,5557,2026-09-26T17:13:19.199Z,
ACK,5558,2026-09-26T17:13:19.285Z,
ACK,5559,2026-09-26T17:13:19.380Z,
ACK,5560,2026-09-26T17:13:19.484Z,
ACK,5561,2026-09-26T17:13:19.580Z,
ACK,5562,2026-09-26T17:13:19.674Z,
ACK,5563,2026-09-26T17:13:19.782Z,
ACK,5564,2026-09-26T17:13:19.877Z,
ACK,5565,2026-09-26T17:13:19.981Z,
ACK,5566,2026-09-26T17:13:20.079Z,
ACK,5567,2026-09-26T17:13:20.206Z,
ACK,5568,2026-09-26T17:13:20.286Z,
ACK,5569,2026-09-26T17:13:20.390Z,
ACK,5570,2026-09-26T17:13:20.481Z,
ACK,5571,2026-09-26T17:13:20.581Z,
ACK,5572,2026-09-26T17:13:20.706Z,
ACK,5573,2026-09-26T17:13:20.785Z,
ACK,5574,2026-09-26T17:13:21.039Z,
ACK,5575,2026-09-26T17:13:21.120Z,
ACK,5576,2026-09-26T17:13:21.206Z,
ACK,5577,2026-09-26T17:13:21.308Z,
ACK,5578,2026-09-26T17:13:21.405Z,
ACK,5579,2026-09-26T17:13:21.514Z,
ACK,5580,2026-09-26T17:13:21.595Z,
ACK,5581,2026-09-26T17:13:21.703Z,
ACK,5582,2026-09-26T17:13:21.806Z,
ACK,5583,2026-09-26T17:13:21.901Z,
ACK,5584,2026-09-26T17:13:22.012Z,
ACK,5585,2026-09-26T17:13:22.103Z,
ACK,5586,2026-09-26T17:13:22.213Z,
ACK,5587,2026-09-26T17:13:22.320Z,
ACK,5588,2026-09-26T17:13:22.400Z,
ACK,5589,2026-09-26T17:13:22.514Z,
ACK,5590,2026-09-26T17:13:22.599Z,
ACK,5591,2026-09-26T17:13:22.731Z,
ACK,5592,2026-09-26T17:13:22.804Z,
ACK,5593,2026-09-26T17:13:22.914Z,
ACK,5594,2026-09-26T17:13:23.230Z,
ACK,5595,2026-09-26T17:13:23.290Z,
ACK,5596,2026-09-26T17:13:23.391Z,
ACK,5597,2026-09-26T17:13:23.491Z,
ACK,5598,2026-09-26T17:13:23.730Z,
ACK,5599,2026-09-26T17:13:23.787Z,
ACK,5600,2026-09-26T17:13:23.893Z,
ACK,5601,2026-09-26T17:13:23.991Z,
ACK,5602,2026-09-26T17:13:24.096Z,
ACK,5603,2026-09-26T17:13:24.195Z,
ACK,5604,2026-09-26T17:13:24.290Z,
ACK,5605,2026-09-26T17:13:24.391Z,
ACK,5606,2026-09-26T17:13:24.491Z,
ACK,5607,2026-09-26T17:13:24.609Z,
ACK,5608,2026-09-26T17:13:24.690Z,
ACK,5609,2026-09-26T17:13:24.797Z,
ACK,5610,2026-09-26T17:13:25.147Z,
ACK,5611,2026-09-26T17:13:25.216Z,
ACK,5612,2026-09-26T17:13:25.316Z,
ACK,5613,2026-09-26T17:13:25.407Z,
ACK,5614,2026-09-26T17:13:25.506Z,
ACK,5615,2026-09-26T17:13:25.643Z,
ACK,5616,2026-09-26T17:13:25.713Z,
ACK,5617,2026-09-26T17:13:25.844Z,
ACK,5618,2026-09-26T17:13:25.911Z,
ACK,5619,2026-09-26T17:13:26.021Z,
ACK,5620,2026-09-26T17:13:26.219Z,
ACK,5621,2026-09-26T17:13:26.295Z,
ACK,5622,2026-09-26T17:13:26.431Z,
ACK,5623,2026-09-26T17:13:26.532Z,
ACK,5624,2026-09-26T17:13:26.600Z,
ACK,5625,2026-09-26T17:13:26.732Z,
ACK,5626,2026-09-26T17:13:26.798Z,
ACK,5627,2026-09-26T17:13:26.923Z,
ACK,5628,2026-09-26T17:13:27.012Z,
ACK,5629,2026-09-26T17:13:27.096Z,
ACK,5630,2026-09-26T17:13:27.233Z,
ACK,5631,2026-09-26T17:13:27.296Z,
ACK,5632,2026-09-26T17:13:27.411Z,
ACK,5633,2026-09-26T17:13:27.511Z,
ACK,5634,2026-09-26T17:13:27.596Z,
ACK,5635,2026-09-26T17:13:27.696Z,
ACK,5636,2026-09-26T17:13:27.826Z,
ACK,5637,2026-09-26T17:13:27.895Z,
ACK,5638,2026-09-26T17:13:28.100Z,
ACK,5639,2026-09-26T17:13:28.200Z,
ACK,5640,2026-09-26T17:13:28.284Z,
ACK,5641,2026-09-26T17:13:28.410Z,
ACK,5642,2026-09-26T17:13:28.475Z,
ACK,5643,2026-09-26T17:13:28.571Z,
ACK,5644,2026-09-26T17:13:28.670Z,
ACK,5645,2026-09-26T17:13:28.771Z,
ACK,5646,2026-09-26T17:13:28.919Z,
ACK,5647,2026-09-26T17:13:28.986Z,
ACK,5648,2026-09-26T17:13:29.087Z,
ACK,5649,2026-09-26T17:13:29.322Z,
ACK,5650,2026-09-26T17:13:29.393Z,
ACK,5651,2026-09-26T17:13:29.528Z,
ACK,5652,2026-09-26T17:13:29.595Z,
ACK,5653,2026-09-26T17:13:29.687Z,
ACK,5654,2026-09-26T17:13:29.786Z,
ACK,5655,2026-09-26T17:13:29.886Z,
ACK,5656,2026-09-26T17:13:30.002Z,
ACK,5657,2026-09-26T17:13:30.091Z,
ACK,5658,2026-09-26T17:13:30.220Z,
ACK,5659,2026-09-26T17:13:30.296Z,
ACK,5660,2026-09-26T17:13:30.397Z,
ACK,5661,2026-09-26T17:13:30.526Z,
ACK,5662,2026-09-26T17:13:30.594Z,
ACK,5663,2026-09-26T17:13:30.689Z,
ACK,5664,2026-09-26T17:13:30.790Z,
ACK,5665,2026-09-26T17:13:30.890Z,
ACK,5666,2026-09-26T17:13:31.004Z,
ACK,5667,2026-09-26T17:13:31.093Z,
ACK,5668,2026-09-26T17:13:31.204Z,
ACK,5669,2026-09-26T17:13:31.295Z,
ACK,5670,2026-09-26T17:13:31.409Z,
ACK,5671,2026-09-26T17:13:31.521Z,
ACK,5672,2026-09-26T17:13:31.627Z,
ACK,5673,2026-09-26T17:13:31.704Z,
ACK,5674,2026-09-26T17:13:31.814Z,
ACK,5675,2026-09-26T17:13:31.986Z,
ACK,5676,2026-09-26T17:13:32.054Z,
ACK,5677,2026-09-26T17:13:32.207Z,
ACK,5678,2026-09-26T17:13:32.277Z,
ACK,5679,2026-09-26T17:13:32.369Z,
ACK,5680,2026-09-26T17:13:32.470Z,
ACK,5681,2026-09-26T17:13:32.570Z,
ACK,5682,2026-09-26T17:13:32.680Z,
ACK,5683,2026-09-26T17:13:32.770Z,
ACK,5684,2026-09-26T17:13:33.035Z,
ACK,5685,2026-09-26T17:13:33.102Z,
ACK,5686,2026-09-26T17:13:33.195Z,
ACK,5687,2026-09-26T17:13:33.295Z,
ACK,5688,2026-09-26T17:13:33.400Z,
ACK,5689,2026-09-26T17:13:33.497Z,
ACK,5690,2026-09-26T17:13:33.597Z,
ACK,5691,2026-09-26T17:13:33.697Z,
ACK,5692,2026-09-26T17:13:33.806Z,
ACK,5693,2026-09-26T17:13:33.898Z,
ACK,5694,2026-09-26T17:13:34.080Z,
ACK,5695,2026-09-26T17:13:34.145Z,
ACK,5696,2026-09-26T17:13:34.240Z,
ACK,5697,2026-09-26T17:13:34.347Z,
ACK,5698,2026-09-26T17:13:34.440Z,
ACK,5699,2026-09-26T17:13:34.557Z,
ACK,5700,2026-09-26T17:13:34.640Z,
ACK,5701,2026-09-26T17:13:34.744Z,
ACK,5702,2026-09-26T17:13:34.850Z,
ACK,5703,2026-09-26T17:13:34.939Z,
ACK,5704,2026-09-26T17:13:35.045Z,
ACK,5705,2026-09-26T17:13:35.229Z,
ACK,5706,2026-09-26T17:13:35.300Z,
ACK,5707,2026-09-26T17:13:35.391Z,
ACK,5708,2026-09-26T17:13:35.492Z,
ACK,5709,2026-09-26T17:13:35.591Z,
ACK,5710,2026-09-26T17:13:35.691Z,
ACK,5711,2026-09-26T17:13:35.795Z,
ACK,5712,2026-09-26T17:13:35.897Z,
ACK,5713,2026-09-26T17:13:35.994Z,
ACK,5714,2026-09-26T17:13:36.100Z,
ACK,5715,2026-09-26T17:13:36.229Z,
ACK,5716,2026-09-26T17:13:36.308Z,
ACK,5717,2026-09-26T17:13:36.394Z,
ACK,5718,2026-09-26T17:13:36.496Z,
ACK,5719,2026-09-26T17:13:36.593Z,
ACK,5720,2026-09-26T17:13:36.698Z,
ACK,5721,2026-09-26T17:13:36.828Z,
ACK,5722,2026-09-26T17:13:36.893Z,
ACK,5723,2026-09-26T17:13:37.002Z,
ACK,5724,2026-09-26T17:13:37.227Z,
ACK,5725,2026-09-26T17:13:37.288Z,
ACK,5726,2026-09-26T17:13:37.386Z,
ACK,5727,2026-09-26T17:13:37.487Z,
ACK,5728,2026-09-26T17:13:37.599Z,
ACK,5729,2026-09-26T17:13:37.694Z,
ACK,5730,2026-09-26T17:13:37.828Z,
ACK,5731,2026-09-26T17:13:37.894Z,
ACK,5732,2026-09-26T17:13:37.996Z,
ACK,5733,2026-09-26T17:13:38.094Z,
ACK,5734,2026-09-26T17:13:38.197Z,
ACK,5735,2026-09-26T17:13:38.294Z,
ACK,5736,2026-09-26T17:13:38.514Z,
ACK,5737,2026-09-26T17:13:38.593Z,
ACK,5738,2026-09-26T17:13:38.681Z,
ACK,5739,2026-09-26T17:13:38.822Z,
ACK,5740,2026-09-26T17:13:38.886Z,
ACK,5741,2026-09-26T17:13:38.981Z,
ACK,5742,2026-09-26T17:13:39.091Z,
ACK,5743,2026-09-26T17:13:39.182Z,
ACK,5744,2026-09-26T17:13:39.339Z,
ACK,5745,2026-09-26T17:13:39.404Z,
ACK,5746,2026-09-26T17:13:39.498Z,
ACK,5747,2026-09-26T17:13:39.600Z,
ACK,5748,2026-09-26T17:13:39.701Z,
ACK,5749,2026-09-26T17:13:39.805Z,
ACK,5750,2026-09-26T17:13:39.911Z,
ACK,5751,2026-09-26T17:13:40.000Z,
ACK,5752,2026-09-26T17:13:40.101Z,
ACK,5753,2026-09-26T17:13:40.201Z,
ACK,5754,2026-09-26T17:13:40.311Z,
ACK,5755,2026-09-26T17:13:40.406Z,
ACK,5756,2026-09-26T17:13:40.503Z,
ACK,5757,2026-09-26T17:13:40.611Z,
ACK,5758,2026-09-26T17:13:40.706Z,
ACK,5759,2026-09-26T17:13:40.810Z,
ACK,5760,2026-09-26T17:13:40.908Z,
ACK,5761,2026-09-26T17:13:41.005Z,
ACK,5762,2026-09-26T17:13:41.108Z,
ACK,5763,2026-09-26T17:13:41.217Z,
ACK,5764,2026-09-26T17:13:41.309Z,
ACK,5765,2026-09-26T17:13:41.408Z,
ACK,5766,2026-09-26T17:13:41.516Z,
ACK,5767,2026-09-26T17:13:41.610Z,
ACK,5768,2026-09-26T17:13:41.722Z,
ACK,5769,2026-09-26T17:13:41.815Z,
ACK,5770,2026-09-26T17:13:41.911Z,
ACK,5771,2026-09-26T17:13:42.015Z,
ACK,5772,2026-09-26T17:13:42.116Z,
ACK,5773,2026-09-26T17:13:42.215Z,
ACK,5774,2026-09-26T17:13:42.329Z,
ACK,5775,2026-09-26T17:13:42.465Z,
ACK,5776,2026-09-26T17:13:42.529Z,
ACK,5777,2026-09-26T17:13:42.621Z,
ACK,5778,2026-09-26T17:13:42.748Z,
ACK,5779,2026-09-26T17:13:42.838Z,
ACK,5780,2026-09-26T17:13:42.957Z,
ACK,5781,2026-09-26T17:13:43.051Z,
ACK,5782,2026-09-26T17:13:43.160Z,
ACK,5783,2026-09-26T17:13:43.229Z,
ACK,5784,2026-09-26T17:13:43.331Z,
ACK,5785,2026-09-26T17:13:43.430Z,
ACK,5786,2026-09-26T17:13:43.531Z,
ACK,5787,2026-09-26T17:13:43.626Z,
ACK,5788,2026-09-26T17:13:43.729Z,
ACK,5789,2026-09-26T17:13:43.835Z,
ACK,5790,2026-09-26T17:13:43.931Z,
ACK,5791,2026-09-26T17:13:44.176Z,
ACK,5792,2026-09-26T17:13:44.241Z,
ACK,5793,2026-09-26T17:13:44.334Z,
ACK,5794,2026-09-26T17:13:44.580Z,
ACK,5795,2026-09-26T17:13:44.685Z,
ACK,5796,2026-09-26T17:13:44.749Z,
ACK,5797,2026-09-26T17:13:44.844Z,
ACK,5798,2026-09-26T17:13:44.945Z,
ACK,5799,2026-09-26T17:13:45.045Z,
ACK,5800,2026-09-26T17:13:45.145Z,
ACK,5801,2026-09-26T17:13:45.505Z,
ACK,5802,2026-09-26T17:13:45.570Z,
ACK,5803,2026-09-26T17:13:45.665Z,
ACK,5804,2026-09-26T17:13:45.761Z,
ACK,5805,2026-09-26T17:13:45.872Z,
ACK,5806,2026-09-26T17:13:45.966Z,
ACK,5807,2026-09-26T17:13:46.067Z,
ACK,5808,2026-09-26T17:13:46.170Z,
ACK,5809,2026-09-26T17:13:46.277Z,
ACK,5810,2026-09-26T17:13:46.365Z,
ACK,5811,2026-09-26T17:13:46.469Z,
ACK,5812,2026-09-26T17:13:46.573Z,
ACK,5813,2026-09-26T17:13:46.671Z,
ACK,5814,2026-09-26T17:13:46.867Z,
ACK,5815,2026-09-26T17:13:46.934Z,
ACK,5816,2026-09-26T17:13:47.035Z,
ACK,5817,2026-09-26T17:13:47.130Z,
ACK,5818,2026-09-26T17:13:47.226Z,
ACK,5819,2026-09-26T17:13:47.329Z,
ACK,5820,2026-09-26T17:13:47.432Z,
ACK,5821,2026-09-26T17:13:47.529Z,
ACK,5822,2026-09-26T17:13:47.643Z,
ACK,5823,2026-09-26T17:13:47.738Z,
ACK,5824,2026-09-26T17:13:47.839Z,
ACK,5825,2026-09-26T17:13:47.951Z,
ACK,5826,2026-09-26T17:13:48.043Z,
ACK,5827,2026-09-26T17:13:48.229Z,
ACK,5828,2026-09-26T17:13:48.286Z,
ACK,5829,2026-09-26T17:13:48.422Z,
ACK,5830,2026-09-26T17:13:48.500Z,
ACK,5831,2026-09-26T17:13:48.603Z,
ACK,5832,2026-09-26T17:13:48.690Z,
ACK,5833,2026-09-26T17:13:48.793Z,
ACK,5834,2026-09-26T17:13:48.894Z,
ACK,5835,2026-09-26T17:13:48.993Z,
ACK,5836,2026-09-26T17:13:49.099Z,
ACK,5837,2026-09-26T17:13:49.213Z,
ACK,5838,2026-09-26T17:13:49.294Z,
ACK,5839,2026-09-26T17:13:49.393Z,
ACK,5840,2026-09-26T17:13:49.490Z,
ACK,5841,2026-09-26T17:13:49.595Z,
ACK,5842,2026-09-26T17:13:49.697Z,
ACK,5843,2026-09-26T17:13:49.795Z,
ACK,5844,2026-09-26T17:13:49.901Z,
ACK,5845,2026-09-26T17:13:49.998Z,
ACK,5846,2026-09-26T17:13:50.095Z,
ACK,5847,2026-09-26T17:13:50.195Z,
ACK,5848,2026-09-26T17:13:50.300Z,
ACK,5849,2026-09-26T17:13:50.395Z,
ACK,5850,2026-09-26T17:13:50.509Z,
ACK,5851,2026-09-26T17:13:50.596Z,
ACK,5852,2026-09-26T17:13:50.720Z,
ACK,5853,2026-09-26T17:13:50.797Z,
ACK,5854,2026-09-26T17:13:50.899Z,
ACK,5855,2026-09-26T17:13:50.996Z,
ACK,5856,2026-09-26T17:13:51.102Z,
ACK,5857,2026-09-26T17:13:51.205Z,
ACK,5858,2026-09-26T17:13:51.320Z,
ACK,5859,2026-09-26T17:13:51.439Z,
ACK,5860,2026-09-26T17:13:51.505Z,
ACK,5861,2026-09-26T17:13:51.600Z,
ACK,5862,2026-09-26T17:13:51.711Z,
ACK,5863,2026-09-26T17:13:51.804Z,
ACK,5864,2026-09-26T17:13:51.904Z,
ACK,5865,2026-09-26T17:13:52.004Z,
ACK,5866,2026-09-26T17:13:52.104Z,
ACK,5867,2026-09-26T17:13:52.226Z,
ACK,5868,2026-09-26T17:13:52.306Z,
ACK,5869,2026-09-26T17:13:52.405Z,
ACK,5870,2026-09-26T17:13:52.517Z,
ACK,5871,2026-09-26T17:13:52.609Z,
ACK,5872,2026-09-26T17:13:52.708Z,
ACK,5873,2026-09-26T17:13:52.816Z,
ACK,5874,2026-09-26T17:13:52.970Z,
ACK,5875,2026-09-26T17:13:53.037Z,
ACK,5876,2026-09-26T17:13:53.145Z,
ACK,5877,2026-09-26T17:13:53.229Z,
ACK,5878,2026-09-26T17:13:53.330Z,
ACK,5879,2026-09-26T17:13:53.447Z,
ACK,5880,2026-09-26T17:13:53.529Z,
ACK,5881,2026-09-26T17:13:53.709Z,
ACK,5882,2026-09-26T17:13:53.770Z,
ACK,5883,2026-09-26T17:13:53.868Z,
ACK,5884,2026-09-26T17:13:53.969Z,
ACK,5885,2026-09-26T17:13:54.075Z,
ACK,5886,2026-09-26T17:13:54.170Z,
ACK,5887,2026-09-26T17:13:54.274Z,
ACK,5888,2026-09-26T17:13:54.371Z,
ACK,5889,2026-09-26T17:13:54.494Z,
ACK,5890,2026-09-26T17:13:54.572Z,
ACK,5891,2026-09-26T17:13:54.674Z,
ACK,5892,2026-09-26T17:13:54.773Z,
ACK,5893,2026-09-26T17:13:54.885Z,
ACK,5894,2026-09-26T17:13:54.973Z,
ACK,5895,2026-09-26T17:13:55.071Z,
ACK,5896,2026-09-26T17:13:55.179Z,
ACK,5897,2026-09-26T17:13:55.418Z,
ACK,5898,2026-09-26T17:13:55.480Z,
ACK,5899,2026-09-26T17:13:55.576Z,
ACK,5900,2026-09-26T17:13:55.700Z,
ACK,5901,2026-09-26T17:13:55.778Z,
ACK,5902,2026-09-26T17:13:55.883Z,
ACK,5903,2026-09-26T17:13:55.979Z,
ACK,5904,2026-09-26T17:13:56.082Z,
ACK,5905,2026-09-26T17:13:56.229Z,
ACK,5906,2026-09-26T17:13:56.293Z,
ACK,5907,2026-09-26T17:13:56.388Z,
ACK,5908,2026-09-26T17:13:56.490Z,
ACK,5909,2026-09-26T17:13:56.594Z,
ACK,5910,2026-09-26T17:13:56.713Z,
ACK,5911,2026-09-26T17:13:56.792Z,
ACK,5912,2026-09-26T17:13:56.894Z,
ACK,5913,2026-09-26T17:13:56.989Z,
ACK,5914,2026-09-26T17:13:57.222Z,
ACK,5915,2026-09-26T17:13:57.293Z,
ACK,5916,2026-09-26T17:13:57.384Z,
ACK,5917,2026-09-26T17:13:57.487Z,
ACK,5918,2026-09-26T17:13:57.590Z,
ACK,5919,2026-09-26T17:13:57.687Z,
ACK,5920,2026-09-26T17:13:57.815Z,
ACK,5921,2026-09-26T17:13:57.883Z,
ACK,5922,2026-09-26T17:13:57.993Z,
ACK,5923,2026-09-26T17:13:58.174Z,
ACK,5924,2026-09-26T17:13:58.245Z,
ACK,5925,2026-09-26T17:13:58.331Z,
ACK,5926,2026-09-26T17:13:58.457Z,
ACK,5927,2026-09-26T17:13:58.536Z,
ACK,5928,2026-09-26T17:13:58.637Z,
ACK,5929,2026-09-26T17:13:58.745Z,
ACK,5930,2026-09-26T17:13:58.890Z,
ACK,5931,2026-09-26T17:13:58.955Z,
ACK,5932,2026-09-26T17:13:59.091Z,
ACK,5933,2026-09-26T17:13:59.195Z,
ACK,5934,2026-09-26T17:13:59.262Z,
ACK,5935,2026-09-26T17:13:59.379Z,
ACK,5936,2026-09-26T17:13:59.481Z,
ACK,5937,2026-09-26T17:13:59.564Z,
ACK,5938,2026-09-26T17:13:59.664Z,
ACK,5939,2026-09-26T17:13:59.759Z,
ACK,5940,2026-09-26T17:13:59.865Z,
ACK,5941,2026-09-26T17:13:59.959Z,
ACK,5942,2026-09-26T17:14:00.057Z,
ACK,5943,2026-09-26T17:14:00.155Z,
ACK,5944,2026-09-26T17:14:00.257Z,
ACK,5945,2026-09-26T17:14:00.394Z,
ACK,5946,2026-09-26T17:14:00.507Z,
ACK,5947,2026-09-26T17:14:00.614Z,
ACK,5948,2026-09-26T17:14:00.678Z,
ACK,5949,2026-09-26T17:14:00.775Z,
ACK,5950,2026-09-26T17:14:00.874Z,
ACK,5951,2026-09-26T17:14:00.983Z,
ACK,5952,2026-09-26T17:14:01.089Z,
ACK,5953,2026-09-26T17:14:01.179Z,
ACK,5954,2026-09-26T17:14:01.279Z,
ACK,5955,2026-09-26T17:14:01.376Z,
ACK,5956,2026-09-26T17:14:01.478Z,
ACK,5957,2026-09-26T17:14:01.588Z,
ACK,5958,2026-09-26T17:14:01.672Z,
ACK,5959,2026-09-26T17:14:01.780Z,
ACK,5960,2026-09-26T17:14:01.880Z,
ACK,5961,2026-09-26T17:14:01.981Z,
ACK,5962,2026-09-26T17:14:02.078Z,
ACK,5963,2026-09-26T17:14:02.183Z,
ACK,5964,2026-09-26T17:14:02.283Z,
ACK,5965,2026-09-26T17:14:02.379Z,
ACK,5966,2026-09-26T17:14:02.482Z,
ACK,5967,2026-09-26T17:14:02.583Z,
ACK,5968,2026-09-26T17:14:02.680Z,
ACK,5969,2026-09-26T17:14:02.781Z,
ACK,5970,2026-09-26T17:14:03.001Z,
ACK,5971,2026-09-26T17:14:03.065Z,
ACK,5972,2026-09-26T17:14:03.160Z,
ACK,5973,2026-09-26T17:14:03.273Z,
ACK,5974,2026-09-26T17:14:03.361Z,
ACK,5975,2026-09-26T17:14:03.463Z,
ACK,5976,2026-09-26T17:14:03.613Z,
ACK,5977,2026-09-26T17:14:03.679Z,
ACK,5978,2026-09-26T17:14:03.787Z,
ACK,5979,2026-09-26T17:14:03.916Z,
ACK,5980,2026-09-26T17:14:03.975Z,
ACK,5981,2026-09-26T17:14:04.079Z,
ACK,5982,2026-09-26T17:14:04.179Z,
ACK,5983,2026-09-26T17:14:04.299Z,
ACK,5984,2026-09-26T17:14:04.378Z,
ACK,5985,2026-09-26T17:14:04.560Z,
ACK,5986,2026-09-26T17:14:04.622Z,
ACK,5987,2026-09-26T17:14:04.723Z,
ACK,5988,2026-09-26T17:14:04.821Z,
ACK,5989,2026-09-26T17:14:04.920Z,
ACK,5990,2026-09-26T17:14:05.019Z,
ACK,5991,2026-09-26T17:14:05.126Z,
ACK,5992,2026-09-26T17:14:05.221Z,
ACK,5993,2026-09-26T17:14:05.332Z,
ACK,5994,2026-09-26T17:14:05.592Z,
ACK,5995,2026-09-26T17:14:05.655Z,
ACK,5996,2026-09-26T17:14:05.752Z,
ACK,5997,2026-09-26T17:14:05.854Z,
ACK,5998,2026-09-26T17:14:05.954Z,
ACK,5999,2026-09-26T17:14:06.073Z,
ACK,6000,2026-09-26T17:14:06.155Z,
ACK,6001,2026-09-26T17:14:06.290Z,
ACK,6002,2026-09-26T17:14:06.357Z,
ACK,6003,2026-09-26T17:14:06.462Z,
ACK,6004,2026-09-26T17:14:06.557Z,
ACK,6005,2026-09-26T17:14:06.653Z,
ACK,6006,2026-09-26T17:14:06.755Z,
ACK,6007,2026-09-26T17:14:06.870Z,
ACK,6008,2026-09-26T17:14:06.968Z,
ACK,6009,2026-09-26T17:14:07.059Z,
ACK,6010,2026-09-26T17:14:07.155Z,
ACK,6011,2026-09-26T17:14:07.278Z,
ACK,6012,2026-09-26T17:14:07.361Z,
ACK,6013,2026-09-26T17:14:07.456Z,
ACK,6014,2026-09-26T17:14:07.556Z,
ACK,6015,2026-09-26T17:14:07.671Z,
ACK,6016,2026-09-26T17:14:07.778Z,
ACK,6017,2026-09-26T17:14:07.868Z,
ACK,6018,2026-09-26T17:14:07.961Z,
ACK,6019,2026-09-26T17:14:08.229Z,
ACK,6020,2026-09-26T17:14:08.292Z,
ACK,6021,2026-09-26T17:14:08.389Z,
ACK,6022,2026-09-26T17:14:08.530Z,
ACK,6023,2026-09-26T17:14:08.593Z,
ACK,6024,2026-09-26T17:14:08.700Z,
ACK,6025,2026-09-26T17:14:08.917Z,
ACK,6026,2026-09-26T17:14:08.985Z,
ACK,6027,2026-09-26T17:14:09.089Z,
ACK,6028,2026-09-26T17:14:09.180Z,
ACK,6029,2026-09-26T17:14:09.278Z,
ACK,6030,2026-09-26T17:14:09.381Z,
ACK,6031,2026-09-26T17:14:09.480Z,
ACK,6032,2026-09-26T17:14:09.578Z,
ACK,6033,2026-09-26T17:14:09.693Z,
ACK,6034,2026-09-26T17:14:09.778Z,
ACK,6035,2026-09-26T17:14:09.883Z,
ACK,6036,2026-09-26T17:14:09.979Z,
ACK,6037,2026-09-26T17:14:10.079Z,
ACK,6038,2026-09-26T17:14:10.194Z,
ACK,6039,2026-09-26T17:14:10.277Z,
ACK,6040,2026-09-26T17:14:10.379Z,
ACK,6041,2026-09-26T17:14:10.484Z,
ACK,6042,2026-09-26T17:14:10.583Z,
ACK,6043,2026-09-26T17:14:10.679Z,
ACK,6044,2026-09-26T17:14:10.784Z,
ACK,6045,2026-09-26T17:14:10.885Z,
ACK,6046,2026-09-26T17:14:10.985Z,
ACK,6047,2026-09-26T17:14:11.088Z,
ACK,6048,2026-09-26T17:14:11.192Z,
ACK,6049,2026-09-26T17:14:11.296Z,
ACK,6050,2026-09-26T17:14:11.386Z,
ACK,6051,2026-09-26T17:14:11.485Z,
ACK,6052,2026-09-26T17:14:11.589Z,
ACK,6053,2026-09-26T17:14:11.695Z,
ACK,6054,2026-09-26T17:14:11.786Z,
ACK,6055,2026-09-26T17:14:11.897Z,
ACK,6056,2026-09-26T17:14:11.990Z,
ACK,6057,2026-09-26T17:14:12.127Z,
ACK,6058,2026-09-26T17:14:12.187Z,
ACK,6059,2026-09-26T17:14:12.293Z,
ACK,6060,2026-09-26T17:14:12.388Z,
ACK,6061,2026-09-26T17:14:12.498Z,
ACK,6062,2026-09-26T17:14:12.590Z,
ACK,6063,2026-09-26T17:14:12.710Z,
ACK,6064,2026-09-26T17:14:12.794Z,
ACK,6065,2026-09-26T17:14:12.906Z,
ACK,6066,2026-09-26T17:14:13.231Z,
ACK,6067,2026-09-26T17:14:13.291Z,
ACK,6068,2026-09-26T17:14:13.424Z,
ACK,6069,2026-09-26T17:14:13.491Z,
ACK,6070,2026-09-26T17:14:13.610Z,
ACK,6071,2026-09-26T17:14:13.700Z,
ACK,6072,2026-09-26T17:14:13.802Z,
ACK,6073,2026-09-26T17:14:13.916Z,
ACK,6074,2026-09-26T17:14:13.995Z,
ACK,6075,2026-09-26T17:14:14.112Z,
ACK,6076,2026-09-26T17:14:14.202Z,
ACK,6077,2026-09-26T17:14:14.336Z,
ACK,6078,2026-09-26T17:14:14.413Z,
ACK,6079,2026-09-26T17:14:14.521Z,
ACK,6080,2026-09-26T17:14:14.598Z,
ACK,6081,2026-09-26T17:14:14.695Z,
ACK,6082,2026-09-26T17:14:14.845Z,
ACK,6083,2026-09-26T17:14:14.911Z,
ACK,6084,2026-09-26T17:14:15.005Z,
ACK,6085,2026-09-26T17:14:15.110Z,
ACK,6086,2026-09-26T17:14:15.210Z,
ACK,6087,2026-09-26T17:14:15.395Z,
ACK,6088,2026-09-26T17:14:15.463Z,
ACK,6089,2026-09-26T17:14:15.558Z,
ACK,6090,2026-09-26T17:14:15.665Z,
ACK,6091,2026-09-26T17:14:15.760Z,
ACK,6092,2026-09-26T17:14:15.853Z,
ACK,6093,2026-09-26T17:14:15.999Z,
ACK,6094,2026-09-26T17:14:16.098Z,
ACK,6095,2026-09-26T17:14:16.166Z,
ACK,6096,2026-09-26T17:14:16.261Z,
ACK,6097,2026-09-26T17:14:16.369Z,
ACK,6098,2026-09-26T17:14:16.462Z,
ACK,6099,2026-09-26T17:14:16.561Z,
ACK,6100,2026-09-26T17:14:16.665Z,
ACK,6101,2026-09-26T17:14:16.762Z,
ACK,6102,2026-09-26T17:14:17.059Z,
ACK,6103,2026-09-26T17:14:17.135Z,
ACK,6104,2026-09-26T17:14:17.222Z,
ACK,6105,2026-09-26T17:14:17.342Z,
ACK,6106,2026-09-26T17:14:17.421Z,
ACK,6107,2026-09-26T17:14:17.541Z,
ACK,6108,2026-09-26T17:14:17.620Z,
ACK,6109,2026-09-26T17:14:17.725Z,
ACK,6110,2026-09-26T17:14:17.821Z,
ACK,6111,2026-09-26T17:14:17.923Z,
ACK,6112,2026-09-26T17:14:18.039Z,
ACK,6113,2026-09-26T17:14:18.128Z,
ACK,6114,2026-09-26T17:14:18.231Z,
ACK,6115,2026-09-26T17:14:18.331Z,
ACK,6116,2026-09-26T17:14:18.427Z,
ACK,6117,2026-09-26T17:14:18.525Z,
ACK,6118,2026-09-26T17:14:18.624Z,
ACK,6119,2026-09-26T17:14:18.978Z,
ACK,6120,2026-09-26T17:14:19.047Z,
ACK,6121,2026-09-26T17:14:19.196Z,
ACK,6122,2026-09-26T17:14:19.258Z,
ACK,6123,2026-09-26T17:14:19.354Z,
ACK,6124,2026-09-26T17:14:19.462Z,
ACK,6125,2026-09-26T17:14:19.565Z,
ACK,6126,2026-09-26T17:14:19.653Z,
ACK,6127,2026-09-26T17:14:19.761Z,
ACK,6128,2026-09-26T17:14:19.854Z,
ACK,6129,2026-09-26T17:14:19.970Z,
ACK,6130,2026-09-26T17:14:20.088Z,
ACK,6131,2026-09-26T17:14:20.163Z,
ACK,6132,2026-09-26T17:14:20.266Z,
ACK,6133,2026-09-26T17:14:20.434Z,
ACK,6134,2026-09-26T17:14:20.498Z,
ACK,6135,2026-09-26T17:14:20.598Z,
ACK,6136,2026-09-26T17:14:20.692Z,
ACK,6137,2026-09-26T17:14:20.799Z,
ACK,6138,2026-09-26T17:14:20.900Z,
ACK,6139,2026-09-26T17:14:21.008Z,
ACK,6140,2026-09-26T17:14:21.100Z,
ACK,6141,2026-09-26T17:14:21.201Z,
ACK,6142,2026-09-26T17:14:21.296Z,
ACK,6143,2026-09-26T17:14:21.402Z,
ACK,6144,2026-09-26T17:14:21.501Z,
ACK,6145,2026-09-26T17:14:21.625Z,
ACK,6146,2026-09-26T17:14:21.709Z,
ACK,6147,2026-09-26T17:14:21.805Z,
ACK,6148,2026-09-26T17:14:21.897Z,
ACK,6149,2026-09-26T17:14:22.229Z,
ACK,6150,2026-09-26T17:14:22.289Z,
ACK,6151,2026-09-26T17:14:22.398Z,
ACK,6152,2026-09-26T17:14:22.486Z,
ACK,6153,2026-09-26T17:14:22.624Z,
ACK,6154,2026-09-26T17:14:22.685Z,
ACK,6155,2026-09-26T17:14:22.902Z,
ACK,6156,2026-09-26T17:14:22.964Z,
ACK,6157,2026-09-26T17:14:23.063Z,
ACK,6158,2026-09-26T17:14:23.164Z,
ACK,6159,2026-09-26T17:14:23.289Z,
ACK,6160,2026-09-26T17:14:23.392Z,
ACK,6161,2026-09-26T17:14:23.466Z,
ACK,6162,2026-09-26T17:14:23.564Z,
ACK,6163,2026-09-26T17:14:23.729Z,
ACK,6164,2026-09-26T17:14:23.786Z,
ACK,6165,2026-09-26T17:14:23.888Z,
ACK,6166,2026-09-26T17:14:23.989Z,
ACK,6167,2026-09-26T17:14:24.088Z,
ACK,6168,2026-09-26T17:14:24.189Z,
ACK,6169,2026-09-26T17:14:24.434Z,
ACK,6170,2026-09-26T17:14:24.495Z,
ACK,6171,2026-09-26T17:14:24.594Z,
ACK,6172,2026-09-26T17:14:24.713Z,
ACK,6173,2026-09-26T17:14:24.795Z,
ACK,6174,2026-09-26T17:14:24.947Z,
ACK,6175,2026-09-26T17:14:25.011Z,
ACK,6176,2026-09-26T17:14:25.102Z,
ACK,6177,2026-09-26T17:14:25.236Z,
ACK,6178,2026-09-26T17:14:25.305Z,
ACK,6179,2026-09-26T17:14:25.412Z,
ACK,6180,2026-09-26T17:14:25.512Z,
ACK,6181,2026-09-26T17:14:25.627Z,
ACK,6182,2026-09-26T17:14:25.706Z,
ACK,6183,2026-09-26T17:14:25.811Z,
ACK,6184,2026-09-26T17:14:25.920Z,
ACK,6185,2026-09-26T17:14:26.009Z,
ACK,6186,2026-09-26T17:14:26.229Z,
ACK,6187,2026-09-26T17:14:26.292Z,
ACK,6188,2026-09-26T17:14:26.395Z,
ACK,6189,2026-09-26T17:14:26.496Z,
ACK,6190,2026-09-26T17:14:26.590Z,
ACK,6191,2026-09-26T17:14:26.734Z,
ACK,6192,2026-09-26T17:14:26.790Z,
ACK,6193,2026-09-26T17:14:26.900Z,
ACK,6194,2026-09-26T17:14:26.992Z,
ACK,6195,2026-09-26T17:14:27.094Z,
ACK,6196,2026-09-26T17:14:27.232Z,
ACK,6197,2026-09-26T17:14:27.377Z,
ACK,6198,2026-09-26T17:14:27.452Z,
ACK,6199,2026-09-26T17:14:27.536Z,
ACK,6200,2026-09-26T17:14:27.661Z,
ACK,6201,2026-09-26T17:14:27.734Z,
ACK,6202,2026-09-26T17:14:27.853Z,
ACK,6203,2026-09-26T17:14:27.959Z,
ACK,6204,2026-09-26T17:14:28.040Z,
ACK,6205,2026-09-26T17:14:28.141Z,
ACK,6206,2026-09-26T17:14:28.234Z,
ACK,6207,2026-09-26T17:14:28.350Z,
ACK,6208,2026-09-26T17:14:28.440Z,
ACK,6209,2026-09-26T17:14:28.560Z,
ACK,6210,2026-09-26T17:14:28.640Z,
ACK,6211,2026-09-26T17:14:28.803Z,
ACK,6212,2026-09-26T17:14:28.875Z,
ACK,6213,2026-09-26T17:14:28.966Z,
ACK,6214,2026-09-26T17:14:29.074Z,
ACK,6215,2026-09-26T17:14:29.161Z,
ACK,6216,2026-09-26T17:14:29.276Z,
ACK,6217,2026-09-26T17:14:29.371Z,
ACK,6218,2026-09-26T17:14:29.466Z,
ACK,6219,2026-09-26T17:14:29.562Z,
ACK,6220,2026-09-26T17:14:29.664Z,
ACK,6221,2026-09-26T17:14:29.798Z,
ACK,6222,2026-09-26T17:14:29.865Z,
ACK,6223,2026-09-26T17:14:29.970Z,
ACK,6224,2026-09-26T17:14:30.075Z,
ACK,6225,2026-09-26T17:14:30.167Z,
ACK,6226,2026-09-26T17:14:30.347Z,
ACK,6227,2026-09-26T17:14:30.455Z,
ACK,6228,2026-09-26T17:14:30.520Z,
ACK,6229,2026-09-26T17:14:30.622Z,
ACK,6230,2026-09-26T17:14:30.728Z,
ACK,6231,2026-09-26T17:14:30.826Z,
ACK,6232,2026-09-26T17:14:30.920Z,
ACK,6233,2026-09-26T17:14:31.016Z,
ACK,6234,2026-09-26T17:14:31.139Z,
ACK,6235,2026-09-26T17:14:31.256Z,
ACK,6236,2026-09-26T17:14:31.334Z,
ACK,6237,2026-09-26T17:14:31.416Z,
ACK,6238,2026-09-26T17:14:31.525Z,
ACK,6239,2026-09-26T17:14:31.616Z,
ACK,6240,2026-09-26T17:14:31.786Z,
ACK,6241,2026-09-26T17:14:31.910Z,
ACK,6242,2026-09-26T17:14:31.995Z,
ACK,6243,2026-09-26T17:14:32.068Z,
ACK,6244,2026-09-26T17:14:32.179Z,
ACK,6245,2026-09-26T17:14:32.360Z,
ACK,6246,2026-09-26T17:14:32.479Z,
ACK,6247,2026-09-26T17:14:32.557Z,
ACK,6248,2026-09-26T17:14:32.717Z,
ACK,6249,2026-09-26T17:14:32.789Z,
ACK,6250,2026-09-26T17:14:32.915Z,
ACK,6251,2026-09-26T17:14:33.013Z,
ACK,6252,2026-09-26T17:14:33.126Z,
ACK,6253,2026-09-26T17:14:33.192Z,
ACK,6254,2026-09-26T17:14:33.323Z,
ACK,6255,2026-09-26T17:14:33.387Z,
ACK,6256,2026-09-26T17:14:33.527Z,
ACK,6257,2026-09-26T17:14:33.589Z,
ACK,6258,2026-09-26T17:14:33.693Z,
ACK,6259,2026-09-26T17:14:33.789Z,
ACK,6260,2026-09-26T17:14:33.923Z,
ACK,6261,2026-09-26T17:14:33.988Z,
ACK,6262,2026-09-26T17:14:34.095Z,
ACK,6263,2026-09-26T17:14:34.201Z,
ACK,6264,2026-09-26T17:14:34.295Z,
ACK,6265,2026-09-26T17:14:34.389Z,
ACK,6266,2026-09-26T17:14:34.519Z,
ACK,6267,2026-09-26T17:14:34.595Z,
ACK,6268,2026-09-26T17:14:34.693Z,
ACK,6269,2026-09-26T17:14:34.792Z,
ACK,6270,2026-09-26T17:14:34.894Z,
ACK,6271,2026-09-26T17:14:34.996Z,
ACK,6272,2026-09-26T17:14:35.095Z,
ACK,6273,2026-09-26T17:14:35.194Z,
ACK,6274,2026-09-26T17:14:35.351Z,
ACK,6275,2026-09-26T17:14:35.414Z,
ACK,6276,2026-09-26T17:14:35.518Z,
ACK,6277,2026-09-26T17:14:35.608Z,
ACK,6278,2026-09-26T17:14:35.720Z,
ACK,6279,2026-09-26T17:14:35.807Z,
ACK,6280,2026-09-26T17:14:35.932Z,
ACK,6281,2026-09-26T17:14:36.013Z,
ACK,6282,2026-09-26T17:14:36.111Z,
ACK,6283,2026-09-26T17:14:36.263Z,
ACK,6284,2026-09-26T17:14:36.561Z,
ACK,6285,2026-09-26T17:14:36.719Z,
ACK,6286,2026-09-26T17:14:36.789Z,
ACK,6287,2026-09-26T17:14:37.075Z,
ACK,6288,2026-09-26T17:14:37.138Z,
ACK,6289,2026-09-26T17:14:37.237Z,
ACK,6290,2026-09-26T17:14:37.371Z,
ACK,6291,2026-09-26T17:14:37.433Z,
ACK,6292,2026-09-26T17:14:37.534Z,
ACK,6293,2026-09-26T17:14:37.635Z,
ACK,6294,2026-09-26T17:14:37.734Z,
ACK,6295,2026-09-26T17:14:37.847Z,
ACK,6296,2026-09-26T17:14:37.946Z,
ACK,6297,2026-09-26T17:14:38.038Z,
ACK,6298,2026-09-26T17:14:38.135Z,
ACK,6299,2026-09-26T17:14:38.234Z,
ACK,6300,2026-09-26T17:14:38.339Z,
ACK,6301,2026-09-26T17:14:38.435Z,
ACK,6302,2026-09-26T17:14:38.729Z,
ACK,6303,2026-09-26T17:14:38.795Z,
ACK,6304,2026-09-26T17:14:38.887Z,
ACK,6305,2026-09-26T17:14:38.989Z,
ACK,6306,2026-09-26T17:14:39.100Z,
ACK,6307,2026-09-26T17:14:39.212Z,
ACK,6308,2026-09-26T17:14:39.290Z,
ACK,6309,2026-09-26T17:14:39.395Z,
ACK,6310,2026-09-26T17:14:39.489Z,
ACK,6311,2026-09-26T17:14:39.589Z,
ACK,6312,2026-09-26T17:14:39.728Z,
ACK,6313,2026-09-26T17:14:39.797Z,
ACK,6314,2026-09-26T17:14:39.889Z,
ACK,6315,2026-09-26T17:14:40.229Z,
ACK,6316,2026-09-26T17:14:40.365Z,
ACK,6317,2026-09-26T17:14:40.425Z,
ACK,6318,2026-09-26T17:14:40.532Z,
ACK,6319,2026-09-26T17:14:40.626Z,
ACK,6320,2026-09-26T17:14:40.729Z,
ACK,6321,2026-09-26T17:14:40.825Z,
ACK,6322,2026-09-26T17:14:40.930Z,
ACK,6323,2026-09-26T17:14:41.034Z,
ACK,6324,2026-09-26T17:14:41.166Z,
ACK,6325,2026-09-26T17:14:41.226Z,
ACK,6326,2026-09-26T17:14:41.395Z,
ACK,6327,2026-09-26T17:14:41.456Z,
ACK,6328,2026-09-26T17:14:41.559Z,
ACK,6329,2026-09-26T17:14:41.653Z,
ACK,6330,2026-09-26T17:14:41.761Z,
ACK,6331,2026-09-26T17:14:41.877Z,
ACK,6332,2026-09-26T17:14:41.953Z,
ACK,6333,2026-09-26T17:14:42.064Z,
ACK,6334,2026-09-26T17:14:42.154Z,
ACK,6335,2026-09-26T17:14:42.277Z,
ACK,6336,2026-09-26T17:14:42.358Z,
ACK,6337,2026-09-26T17:14:42.458Z,
ACK,6338,2026-09-26T17:14:42.613Z,
ACK,6339,2026-09-26T17:14:42.674Z,
ACK,6340,2026-09-26T17:14:42.772Z,
ACK,6341,2026-09-26T17:14:42.875Z,
ACK,6342,2026-09-26T17:14:42.988Z,
ACK,6343,2026-09-26T17:14:43.075Z,
ACK,6344,2026-09-26T17:14:43.180Z,
ACK,6345,2026-09-26T17:14:43.284Z,
ACK,6346,2026-09-26T17:14:43.376Z,
ACK,6347,2026-09-26T17:14:43.501Z,
ACK,6348,2026-09-26T17:14:43.605Z,
ACK,6349,2026-09-26T17:14:43.679Z,
ACK,6350,2026-09-26T17:14:43.781Z,
ACK,6351,2026-09-26T17:14:43.878Z,
ACK,6352,2026-09-26T17:14:43.981Z,
ACK,6353,2026-09-26T17:14:44.081Z,
ACK,6354,2026-09-26T17:14:44.189Z,
ACK,6355,2026-09-26T17:14:44.305Z,
ACK,6356,2026-09-26T17:14:44.384Z,
ACK,6357,2026-09-26T17:14:44.482Z,
ACK,6358,2026-09-26T17:14:44.602Z,
ACK,6359,2026-09-26T17:14:44.683Z,
ACK,6360,2026-09-26T17:14:44.793Z,
ACK,6361,2026-09-26T17:14:44.905Z,
ACK,6362,2026-09-26T17:14:45.229Z,
ACK,6363,2026-09-26T17:14:45.292Z,
ACK,6364,2026-09-26T17:14:45.444Z,
ACK,6365,2026-09-26T17:14:45.545Z,
ACK,6366,2026-09-26T17:14:45.729Z,
ACK,6367,2026-09-26T17:14:45.793Z,
ACK,6368,2026-09-26T17:14:45.884Z,
ACK,6369,2026-09-26T17:14:45.991Z,
ACK,6370,2026-09-26T17:14:46.214Z,
ACK,6371,2026-09-26T17:14:46.282Z,
ACK,6372,2026-09-26T17:14:46.416Z,
ACK,6373,2026-09-26T17:14:46.589Z,
ACK,6374,2026-09-26T17:14:46.658Z,
ACK,6375,2026-09-26T17:14:46.752Z,
ACK,6376,2026-09-26T17:14:46.855Z,
ACK,6377,2026-09-26T17:14:46.951Z,
ACK,6378,2026-09-26T17:14:47.090Z,
ACK,6379,2026-09-26T17:14:47.149Z,
ACK,6380,2026-09-26T17:14:47.261Z,
ACK,6381,2026-09-26T17:14:47.351Z,
ACK,6382,2026-09-26T17:14:47.454Z,
ACK,6383,2026-09-26T17:14:47.635Z,
ACK,6384,2026-09-26T17:14:47.700Z,
ACK,6385,2026-09-26T17:14:47.807Z,
ACK,6386,2026-09-26T17:14:47.899Z,
ACK,6387,2026-09-26T17:14:47.999Z,
ACK,6388,2026-09-26T17:14:48.231Z,
ACK,6389,2026-09-26T17:14:48.293Z,
ACK,6390,2026-09-26T17:14:48.649Z,
ACK,6391,2026-09-26T17:14:48.710Z,
ACK,6392,2026-09-26T17:14:48.810Z,
ACK,6393,2026-09-26T17:14:48.912Z,
ACK,6394,2026-09-26T17:14:49.011Z,
ACK,6395,2026-09-26T17:14:49.117Z,
ACK,6396,2026-09-26T17:14:49.230Z,
ACK,6397,2026-09-26T17:14:49.311Z,
ACK,6398,2026-09-26T17:14:49.467Z,
ACK,6399,2026-09-26T17:14:49.533Z,
ACK,6400,2026-09-26T17:14:49.628Z,
ACK,6401,2026-09-26T17:14:49.723Z,
ACK,6402,2026-09-26T17:14:49.827Z,
ACK,6403,2026-09-26T17:14:49.925Z,
ACK,6404,2026-09-26T17:14:50.023Z,
ACK,6405,2026-09-26T17:14:50.221Z,
ACK,6406,2026-09-26T17:14:50.292Z,
ACK,6407,2026-09-26T17:14:50.379Z,
ACK,6408,2026-09-26T17:14:50.478Z,
ACK,6409,2026-09-26T17:14:50.592Z,
ACK,6410,2026-09-26T17:14:50.684Z,
ACK,6411,2026-09-26T17:14:50.783Z,
ACK,6412,2026-09-26T17:14:50.896Z,
ACK,6413,2026-09-26T17:14:50.990Z,
ACK,6414,2026-09-26T17:14:51.084Z,
ACK,6415,2026-09-26T17:14:51.218Z,
ACK,6416,2026-09-26T17:14:51.363Z,
ACK,6417,2026-09-26T17:14:51.421Z,
ACK,6418,2026-09-26T17:14:51.524Z,
ACK,6419,2026-09-26T17:14:51.622Z,
ACK,6420,2026-09-26T17:14:51.728Z,
ACK,6421,2026-09-26T17:14:51.824Z,
ACK,6422,2026-09-26T17:14:51.923Z,
ACK,6423,2026-09-26T17:14:52.024Z,
ACK,6424,2026-09-26T17:14:52.125Z,
ACK,6425,2026-09-26T17:14:52.464Z,
ACK,6426,2026-09-26T17:14:52.729Z,
ACK,6427,2026-09-26T17:14:52.786Z,
ACK,6428,2026-09-26T17:14:52.888Z,
ACK,6429,2026-09-26T17:14:52.989Z,
ACK,6430,2026-09-26T17:14:53.141Z,
ACK,6431,2026-09-26T17:14:53.208Z,
ACK,6432,2026-09-26T17:14:53.307Z,
ACK,6433,2026-09-26T17:14:53.397Z,
ACK,6434,2026-09-26T17:14:53.503Z,
ACK,6435,2026-09-26T17:14:53.609Z,
ACK,6436,2026-09-26T17:14:53.703Z,
ACK,6437,2026-09-26T17:14:53.804Z,
ACK,6438,2026-09-26T17:14:53.906Z,
ACK,6439,2026-09-26T17:14:54.197Z,
ACK,6440,2026-09-26T17:14:54.546Z,
ACK,6441,2026-09-26T17:14:54.626Z,
ACK,6442,2026-09-26T17:14:54.710Z,
ACK,6443,2026-09-26T17:14:54.851Z,
ACK,6444,2026-09-26T17:14:54.910Z,
ACK,6445,2026-09-26T17:14:55.031Z,
ACK,6446,2026-09-26T17:14:55.120Z,
ACK,6447,2026-09-26T17:14:55.209Z,
ACK,6448,2026-09-26T17:14:55.318Z,
ACK,6449,2026-09-26T17:14:55.411Z,
ACK,6450,2026-09-26T17:14:55.535Z,
ACK,6451,2026-09-26T17:14:55.624Z,
ACK,6452,2026-09-26T17:14:55.716Z,
ACK,6453,2026-09-26T17:14:55.823Z,
ACK,6454,2026-09-26T17:14:55.914Z,
ACK,6455,2026-09-26T17:14:56.021Z,
ACK,6456,2026-09-26T17:14:56.115Z,
ACK,6457,2026-09-26T17:14:56.215Z,
ACK,6458,2026-09-26T17:14:56.328Z,
ACK,6459,2026-09-26T17:14:56.419Z,
ACK,6460,2026-09-26T17:14:56.515Z,
ACK,6461,2026-09-26T17:14:56.625Z,
ACK,6462,2026-09-26T17:14:56.729Z,
ACK,6463,2026-09-26T17:14:56.817Z,
ACK,6464,2026-09-26T17:14:57.071Z,
ACK,6465,2026-09-26T17:14:57.229Z,
ACK,6466,2026-09-26T17:14:57.297Z,
ACK,6467,2026-09-26T17:14:57.388Z,
ACK,6468,2026-09-26T17:14:57.488Z,
ACK,6469,2026-09-26T17:14:57.599Z,
ACK,6470,2026-09-26T17:14:57.690Z,
ACK,6471,2026-09-26T17:14:57.805Z,
ACK,6472,2026-09-26T17:14:57.922Z,
ACK,6473,2026-09-26T17:14:57.990Z,
ACK,6474,2026-09-26T17:14:58.113Z,
ACK,6475,2026-09-26T17:14:58.192Z,
ACK,6476,2026-09-26T17:14:58.294Z,
ACK,6477,2026-09-26T17:14:58.392Z,
ACK,6478,2026-09-26T17:14:58.500Z,
ACK,6479,2026-09-26T17:14:58.595Z,
ACK,6480,2026-09-26T17:14:58.694Z,
ACK,6481,2026-09-26T17:14:58.793Z,
ACK,6482,2026-09-26T17:14:58.924Z,
ACK,6483,2026-09-26T17:14:58.991Z,
ACK,6484,2026-09-26T17:14:59.195Z,
ACK,6485,2026-09-26T17:14:59.499Z,
ACK,6486,2026-09-26T17:14:59.560Z,
ACK,6487,2026-09-26T17:14:59.660Z,
ACK,6488,2026-09-26T17:14:59.965Z,
ACK,6489,2026-09-26T17:15:00.035Z,
ACK,6490,2026-09-26T17:15:00.126Z,
ACK,6491,2026-09-26T17:15:00.245Z,
ACK,6492,2026-09-26T17:15:00.354Z,
ACK,6493,2026-09-26T17:15:00.602Z,
ACK,6494,2026-09-26T17:15:00.685Z,
ACK,6495,2026-09-26T17:15:00.763Z,
ACK,6496,2026-09-26T17:15:00.930Z,
ACK,6497,2026-09-26T17:15:01.003Z,
ACK,6498,2026-09-26T17:15:01.096Z,
ACK,6499,2026-09-26T17:15:01.188Z,
ACK,6500,2026-09-26T17:15:01.293Z,
ACK,6501,2026-09-26T17:15:01.393Z,
ACK,6502,2026-09-26T17:15:01.489Z,
ACK,6503,2026-09-26T17:15:01.590Z,
ACK,6504,2026-09-26T17:15:01.698Z,
ACK,6505,2026-09-26T17:15:01.800Z,
ACK,6506,2026-09-26T17:15:01.942Z,
ACK,6507,2026-09-26T17:15:02.005Z,
ACK,6508,2026-09-26T17:15:02.104Z,
ACK,6509,2026-09-26T17:15:02.229Z,
ACK,6510,2026-09-26T17:15:02.305Z,
ACK,6511,2026-09-26T17:15:02.408Z,
ACK,6512,2026-09-26T17:15:02.504Z,
ACK,6513,2026-09-26T17:15:02.642Z,
ACK,6514,2026-09-26T17:15:02.703Z,
ACK,6515,2026-09-26T17:15:02.806Z,
ACK,6516,2026-09-26T17:15:02.909Z,
ACK,6517,2026-09-26T17:15:03.003Z,
ACK,6518,2026-09-26T17:15:03.119Z,
ACK,6519,2026-09-26T17:15:03.231Z,
ACK,6520,2026-09-26T17:15:03.325Z,
ACK,6521,2026-09-26T17:15:03.410Z,
ACK,6522,2026-09-26T17:15:03.505Z,
ACK,6523,2026-09-26T17:15:03.614Z,
ACK,6524,2026-09-26T17:15:03.708Z,
ACK,6525,2026-09-26T17:15:03.811Z,
ACK,6526,2026-09-26T17:15:03.923Z,
ACK,6527,2026-09-26T17:15:04.018Z,
ACK,6528,2026-09-26T17:15:04.118Z,
ACK,6529,2026-09-26T17:15:04.223Z,
ACK,6530,2026-09-26T17:15:04.318Z,
ACK,6531,2026-09-26T17:15:04.424Z,
ACK,6532,2026-09-26T17:15:04.519Z,
ACK,6533,2026-09-26T17:15:04.629Z,
ACK,6534,2026-09-26T17:15:04.737Z,
ACK,6535,2026-09-26T17:15:04.821Z,
ACK,6536,2026-09-26T17:15:04.919Z,
ACK,6537,2026-09-26T17:15:05.028Z,
ACK,6538,2026-09-26T17:15:05.126Z,
ACK,6539,2026-09-26T17:15:05.241Z,
ACK,6540,2026-09-26T17:15:05.351Z,
ACK,6541,2026-09-26T17:15:05.422Z,
ACK,6542,2026-09-26T17:15:05.525Z,
ACK,6543,2026-09-26T17:15:05.629Z,
ACK,6544,2026-09-26T17:15:05.726Z,
ACK,6545,2026-09-26T17:15:05.830Z,
ACK,6546,2026-09-26T17:15:05.926Z,
ACK,6547,2026-09-26T17:15:06.030Z,
ACK,6548,2026-09-26T17:15:06.128Z,
ACK,6549,2026-09-26T17:15:06.232Z,
ACK,6550,2026-09-26T17:15:06.327Z,
ACK,6551,2026-09-26T17:15:06.426Z,
ACK,6552,2026-09-26T17:15:06.531Z,
ACK,6553,2026-09-26T17:15:06.628Z,
ACK,6554,2026-09-26T17:15:06.744Z,
ACK,6555,2026-09-26T17:15:06.839Z,
ACK,6556,2026-09-26T17:15:06.929Z,
ACK,6557,2026-09-26T17:15:07.034Z,
ACK,6558,2026-09-26T17:15:07.129Z,
ACK,6559,2026-09-26T17:15:07.272Z,
ACK,6560,2026-09-26T17:15:07.365Z,
ACK,6561,2026-09-26T17:15:07.467Z,
ACK,6562,2026-09-26T17:15:07.563Z,
ACK,6563,2026-09-26T17:15:07.665Z,
ACK,6564,2026-09-26T17:15:07.783Z,
ACK,6565,2026-09-26T17:15:07.867Z,
ACK,6566,2026-09-26T17:15:07.968Z,
ACK,6567,2026-09-26T17:15:08.072Z,
ACK,6568,2026-09-26T17:15:08.176Z,
ACK,6569,2026-09-26T17:15:08.291Z,
ACK,6570,2026-09-26T17:15:08.382Z,
ACK,6571,2026-09-26T17:15:08.465Z,
ACK,6572,2026-09-26T17:15:08.573Z,
ACK,6573,2026-09-26T17:15:08.680Z,
ACK,6574,2026-09-26T17:15:08.786Z,
ACK,6575,2026-09-26T17:15:08.885Z,
ACK,6576,2026-09-26T17:15:08.969Z,
ACK,6577,2026-09-26T17:15:09.079Z,
ACK,6578,2026-09-26T17:15:09.170Z,
ACK,6579,2026-09-26T17:15:09.284Z,
ACK,6580,2026-09-26T17:15:09.380Z,
ACK,6581,2026-09-26T17:15:09.475Z,
ACK,6582,2026-09-26T17:15:09.571Z,
ACK,6583,2026-09-26T17:15:09.680Z,
ACK,6584,2026-09-26T17:15:09.774Z,
ACK,6585,2026-09-26T17:15:09.881Z,
ACK,6586,2026-09-26T17:15:09.972Z,
ACK,6587,2026-09-26T17:15:10.075Z,
ACK,6588,2026-09-26T17:15:10.175Z,
ACK,6589,2026-09-26T17:15:10.276Z,
ACK,6590,2026-09-26T17:15:10.375Z,
ACK,6591,2026-09-26T17:15:10.483Z,
ACK,6592,2026-09-26T17:15:10.575Z,
ACK,6593,2026-09-26T17:15:10.675Z,
ACK,6594,2026-09-26T17:15:10.816Z,
ACK,6595,2026-09-26T17:15:10.882Z,
ACK,6596,2026-09-26T17:15:10.978Z,
ACK,6597,2026-09-26T17:15:11.083Z,
ACK,6598,2026-09-26T17:15:11.185Z,
ACK,6599,2026-09-26T17:15:11.286Z,
ACK,6600,2026-09-26T17:15:11.378Z,
ACK,6601,2026-09-26T17:15:11.482Z,
ACK,6602,2026-09-26T17:15:11.578Z,
ACK,6603,2026-09-26T17:15:11.682Z,
ACK,6604,2026-09-26T17:15:11.784Z,
ACK,6605,2026-09-26T17:15:11.880Z,
ACK,6606,2026-09-26T17:15:11.982Z,
ACK,6607,2026-09-26T17:15:12.088Z,
ACK,6608,2026-09-26T17:15:12.185Z,
ACK,6609,2026-09-26T17:15:12.283Z,
ACK,6610,2026-09-26T17:15:12.383Z,
ACK,6611,2026-09-26T17:15:12.483Z,
ACK,6612,2026-09-26T17:15:12.584Z,
ACK,6613,2026-09-26T17:15:12.684Z,
ACK,6614,2026-09-26T17:15:12.787Z,
ACK,6615,2026-09-26T17:15:13.072Z,
ACK,6616,2026-09-26T17:15:13.135Z,
ACK,6617,2026-09-26T17:15:13.238Z,
ACK,6618,2026-09-26T17:15:13.352Z,
ACK,6619,2026-09-26T17:15:13.434Z,
ACK,6620,2026-09-26T17:15:13.534Z,
ACK,6621,2026-09-26T17:15:13.667Z,
ACK,6622,2026-09-26T17:15:13.761Z,
ACK,6623,2026-09-26T17:15:13.864Z,
ACK,6624,2026-09-26T17:15:13.936Z,
ACK,6625,2026-09-26T17:15:14.038Z,
ACK,6626,2026-09-26T17:15:14.230Z,
ACK,6627,2026-09-26T17:15:14.402Z,
ACK,6628,2026-09-26T17:15:14.483Z,
ACK,6629,2026-09-26T17:15:14.579Z,
ACK,6630,2026-09-26T17:15:14.670Z,
ACK,6631,2026-09-26T17:15:14.780Z,
ACK,6632,2026-09-26T17:15:14.884Z,
ACK,6633,2026-09-26T17:15:14.968Z,
ACK,6634,2026-09-26T17:15:15.064Z,
ACK,6635,2026-09-26T17:15:15.186Z,
ACK,6636,2026-09-26T17:15:15.265Z,
ACK,6637,2026-09-26T17:15:15.363Z,
ACK,6638,2026-09-26T17:15:15.618Z,
ACK,6639,2026-09-26T17:15:15.684Z,
ACK,6640,2026-09-26T17:15:15.780Z,
ACK,6641,2026-09-26T17:15:15.891Z,
ACK,6642,2026-09-26T17:15:15.992Z,
ACK,6643,2026-09-26T17:15:16.084Z,
ACK,6644,2026-09-26T17:15:16.218Z,
ACK,6645,2026-09-26T17:15:16.318Z,
ACK,6646,2026-09-26T17:15:16.381Z,
ACK,6647,2026-09-26T17:15:16.731Z,
ACK,6648,2026-09-26T17:15:16.792Z,
ACK,6649,2026-09-26T17:15:16.980Z,
ACK,6650,2026-09-26T17:15:17.048Z,
ACK,6651,2026-09-26T17:15:17.144Z,
ACK,6652,2026-09-26T17:15:17.239Z,
ACK,6653,2026-09-26T17:15:17.345Z,
ACK,6654,2026-09-26T17:15:17.449Z,
ACK,6655,2026-09-26T17:15:17.545Z,
ACK,6656,2026-09-26T17:15:17.649Z,
ACK,6657,2026-09-26T17:15:17.859Z,
ACK,6658,2026-09-26T17:15:17.915Z,
ACK,6659,2026-09-26T17:15:18.046Z,
ACK,6660,2026-09-26T17:15:18.229Z,
ACK,6661,2026-09-26T17:15:18.310Z,
ACK,6662,2026-09-26T17:15:18.401Z,
ACK,6663,2026-09-26T17:15:18.492Z,
ACK,6664,2026-09-26T17:15:18.591Z,
ACK,6665,2026-09-26T17:15:18.694Z,
ACK,6666,2026-09-26T17:15:18.791Z,
ACK,6667,2026-09-26T17:15:18.897Z,
ACK,6668,2026-09-26T17:15:18.996Z,
ACK,6669,2026-09-26T17:15:19.093Z,
ACK,6670,2026-09-26T17:15:19.196Z,
ACK,6671,2026-09-26T17:15:19.319Z,
ACK,6672,2026-09-26T17:15:19.395Z,
ACK,6673,2026-09-26T17:15:19.546Z,
ACK,6674,2026-09-26T17:15:19.609Z,
ACK,6675,2026-09-26T17:15:19.707Z,
ACK,6676,2026-09-26T17:15:19.811Z,
ACK,6677,2026-09-26T17:15:19.909Z,
ACK,6678,2026-09-26T17:15:20.016Z,
ACK,6679,2026-09-26T17:15:20.112Z,
ACK,6680,2026-09-26T17:15:20.209Z,
ACK,6681,2026-09-26T17:15:20.313Z,
ACK,6682,2026-09-26T17:15:20.413Z,
ACK,6683,2026-09-26T17:15:20.510Z,
ACK,6684,2026-09-26T17:15:20.621Z,
ACK,6685,2026-09-26T17:15:20.710Z,
ACK,6686,2026-09-26T17:15:20.811Z,
ACK,6687,2026-09-26T17:15:20.914Z,
ACK,6688,2026-09-26T17:15:21.016Z,
ACK,6689,2026-09-26T17:15:21.110Z,
ACK,6690,2026-09-26T17:15:21.212Z,
ACK,6691,2026-09-26T17:15:21.627Z,
ACK,6692,2026-09-26T17:15:21.739Z,
ACK,6693,2026-09-26T17:15:21.800Z,
ACK,6694,2026-09-26T17:15:21.899Z,
ACK,6695,2026-09-26T17:15:22.001Z,
ACK,6696,2026-09-26T17:15:22.099Z,
ACK,6697,2026-09-26T17:15:22.201Z,
ACK,6698,2026-09-26T17:15:22.307Z,
ACK,6699,2026-09-26T17:15:22.399Z,
ACK,6700,2026-09-26T17:15:22.506Z,
ACK,6701,2026-09-26T17:15:22.604Z,
ACK,6702,2026-09-26T17:15:22.714Z,
ACK,6703,2026-09-26T17:15:22.830Z,
ACK,6704,2026-09-26T17:15:22.909Z,
ACK,6705,2026-09-26T17:15:23.014Z,
ACK,6706,2026-09-26T17:15:23.105Z,
ACK,6707,2026-09-26T17:15:23.211Z,
ACK,6708,2026-09-26T17:15:23.306Z,
ACK,6709,2026-09-26T17:15:23.429Z,
ACK,6710,2026-09-26T17:15:23.508Z,
ACK,6711,2026-09-26T17:15:23.614Z,
ACK,6712,2026-09-26T17:15:23.729Z,
ACK,6713,2026-09-26T17:15:23.819Z,
ACK,6714,2026-09-26T17:15:23.950Z,
ACK,6715,2026-09-26T17:15:24.018Z,
ACK,6716,2026-09-26T17:15:24.111Z,
ACK,6717,2026-09-26T17:15:24.387Z,
ACK,6718,2026-09-26T17:15:24.455Z,
ACK,6719,2026-09-26T17:15:24.555Z,
ACK,6720,2026-09-26T17:15:24.674Z,
ACK,6721,2026-09-26T17:15:24.753Z,
ACK,6722,2026-09-26T17:15:24.849Z,
ACK,6723,2026-09-26T17:15:24.952Z,
ACK,6724,2026-09-26T17:15:25.055Z,
ACK,6725,2026-09-26T17:15:25.170Z,
ACK,6726,2026-09-26T17:15:25.258Z,
ACK,6727,2026-09-26T17:15:25.398Z,
ACK,6728,2026-09-26T17:15:25.456Z,
ACK,6729,2026-09-26T17:15:25.578Z,
ACK,6730,2026-09-26T17:15:25.661Z,
ACK,6731,2026-09-26T17:15:25.773Z,
ACK,6732,2026-09-26T17:15:25.863Z,
ACK,6733,2026-09-26T17:15:25.963Z,
ACK,6734,2026-09-26T17:15:26.065Z,
ACK,6735,2026-09-26T17:15:26.229Z,
ACK,6736,2026-09-26T17:15:26.302Z,
ACK,6737,2026-09-26T17:15:26.401Z,
ACK,6738,2026-09-26T17:15:26.491Z,
ACK,6739,2026-09-26T17:15:26.592Z,
ACK,6740,2026-09-26T17:15:26.730Z,
ACK,6741,2026-09-26T17:15:26.804Z,
ACK,6742,2026-09-26T17:15:26.898Z,
ACK,6743,2026-09-26T17:15:26.990Z,
ACK,6744,2026-09-26T17:15:27.093Z,
ACK,6745,2026-09-26T17:15:27.204Z,
ACK,6746,2026-09-26T17:15:27.296Z,
ACK,6747,2026-09-26T17:15:27.411Z,
ACK,6748,2026-09-26T17:15:27.498Z,
ACK,6749,2026-09-26T17:15:27.720Z,
ACK,6750,2026-09-26T17:15:27.780Z,
ACK,6751,2026-09-26T17:15:27.881Z,
ACK,6752,2026-09-26T17:15:27.981Z,
ACK,6753,2026-09-26T17:15:28.081Z,
ACK,6754,2026-09-26T17:15:28.185Z,
ACK,6755,2026-09-26T17:15:28.287Z,
ACK,6756,2026-09-26T17:15:28.380Z,
ACK,6757,2026-09-26T17:15:28.483Z,
ACK,6758,2026-09-26T17:15:28.617Z,
ACK,6759,2026-09-26T17:15:28.684Z,
ACK,6760,2026-09-26T17:15:28.790Z,
ACK,6761,2026-09-26T17:15:28.888Z,
ACK,6762,2026-09-26T17:15:28.994Z,
ACK,6763,2026-09-26T17:15:29.098Z,
ACK,6764,2026-09-26T17:15:29.187Z,
ACK,6765,2026-09-26T17:15:29.290Z,
ACK,6766,2026-09-26T17:15:29.386Z,
ACK,6767,2026-09-26T17:15:29.490Z,
ACK,6768,2026-09-26T17:15:29.596Z,
ACK,6769,2026-09-26T17:15:29.718Z,
ACK,6770,2026-09-26T17:15:29.790Z,
ACK,6771,2026-09-26T17:15:29.889Z,
ACK,6772,2026-09-26T17:15:29.991Z,
ACK,6773,2026-09-26T17:15:30.089Z,
ACK,6774,2026-09-26T17:15:30.229Z,
ACK,6775,2026-09-26T17:15:30.420Z,
ACK,6776,2026-09-26T17:15:30.488Z,
ACK,6777,2026-09-26T17:15:30.590Z,
ACK,6778,2026-09-26T17:15:30.677Z,
ACK,6779,2026-09-26T17:15:30.778Z,
ACK,6780,2026-09-26T17:15:30.880Z,
ACK,6781,2026-09-26T17:15:30.983Z,
ACK,6782,2026-09-26T17:15:31.084Z,
ACK,6783,2026-09-26T17:15:31.197Z,
ACK,6784,2026-09-26T17:15:31.292Z,
ACK,6785,2026-09-26T17:15:31.388Z,
ACK,6786,2026-09-26T17:15:31.484Z,
ACK,6787,2026-09-26T17:15:31.628Z,
ACK,6788,2026-09-26T17:15:31.688Z,
ACK,6789,2026-09-26T17:15:31.789Z,
ACK,6790,2026-09-26T17:15:31.896Z,
ACK,6791,2026-09-26T17:15:31.989Z,
ACK,6792,2026-09-26T17:15:32.094Z,
ACK,6793,2026-09-26T17:15:32.187Z,
ACK,6794,2026-09-26T17:15:32.452Z,
ACK,6795,2026-09-26T17:15:32.518Z,
ACK,6796,2026-09-26T17:15:32.729Z,
ACK,6797,2026-09-26T17:15:32.803Z,
ACK,6798,2026-09-26T17:15:32.903Z,
ACK,6799,2026-09-26T17:15:33.001Z,
ACK,6800,2026-09-26T17:15:33.098Z,
ACK,6801,2026-09-26T17:15:33.198Z,
ACK,6802,2026-09-26T17:15:33.312Z,
ACK,6803,2026-09-26T17:15:33.393Z,
ACK,6804,2026-09-26T17:15:33.517Z,
ACK,6805,2026-09-26T17:15:33.598Z,
ACK,6806,2026-09-26T17:15:33.743Z,
ACK,6807,2026-09-26T17:15:33.804Z,
ACK,6808,2026-09-26T17:15:33.914Z,
ACK,6809,2026-09-26T17:15:34.086Z,
ACK,6810,2026-09-26T17:15:34.151Z,
ACK,6811,2026-09-26T17:15:34.249Z,
ACK,6812,2026-09-26T17:15:34.458Z,
ACK,6813,2026-09-26T17:15:34.575Z,
ACK,6814,2026-09-26T17:15:34.632Z,
ACK,6815,2026-09-26T17:15:34.752Z,
ACK,6816,2026-09-26T17:15:34.834Z,
ACK,6817,2026-09-26T17:15:34.949Z,
ACK,6818,2026-09-26T17:15:35.039Z,
ACK,6819,2026-09-26T17:15:35.136Z,
ACK,6820,2026-09-26T17:15:35.242Z,
ACK,6821,2026-09-26T17:15:35.334Z,
ACK,6822,2026-09-26T17:15:35.433Z,
ACK,6823,2026-09-26T17:15:35.613Z,
ACK,6824,2026-09-26T17:15:35.682Z,
ACK,6825,2026-09-26T17:15:35.775Z,
ACK,6826,2026-09-26T17:15:35.873Z,
ACK,6827,2026-09-26T17:15:36.118Z,
ACK,6828,2026-09-26T17:15:36.197Z,
ACK,6829,2026-09-26T17:15:36.278Z,
ACK,6830,2026-09-26T17:15:36.383Z,
ACK,6831,2026-09-26T17:15:36.474Z,
ACK,6832,2026-09-26T17:15:36.574Z,
ACK,6833,2026-09-26T17:15:36.679Z,
ACK,6834,2026-09-26T17:15:36.859Z,
ACK,6835,2026-09-26T17:15:36.926Z,
ACK,6836,2026-09-26T17:15:37.059Z,
ACK,6837,2026-09-26T17:15:37.133Z,
ACK,6838,2026-09-26T17:15:37.220Z,
ACK,6839,2026-09-26T17:15:37.322Z,
ACK,6840,2026-09-26T17:15:37.424Z,
ACK,6841,2026-09-26T17:15:37.525Z,
ACK,6842,2026-09-26T17:15:37.648Z,
ACK,6843,2026-09-26T17:15:37.729Z,
ACK,6844,2026-09-26T17:15:37.910Z,
ACK,6845,2026-09-26T17:15:37.979Z,
ACK,6846,2026-09-26T17:15:38.148Z,
ACK,6847,2026-09-26T17:15:38.268Z,
ACK,6848,2026-09-26T17:15:38.333Z,
ACK,6849,2026-09-26T17:15:38.468Z,
ACK,6850,2026-09-26T17:15:38.533Z,
ACK,6851,2026-09-26T17:15:38.631Z,
ACK,6852,2026-09-26T17:15:38.763Z,
ACK,6853,2026-09-26T17:15:38.834Z,
ACK,6854,2026-09-26T17:15:38.969Z,
ACK,6855,2026-09-26T17:15:39.065Z,
ACK,6856,2026-09-26T17:15:39.136Z,
ACK,6857,2026-09-26T17:15:39.262Z,
ACK,6858,2026-09-26T17:15:39.352Z,
ACK,6859,2026-09-26T17:15:39.432Z,
ACK,6860,2026-09-26T17:15:39.533Z,
ACK,6861,2026-09-26T17:15:39.637Z,
ACK,6862,2026-09-26T17:15:39.749Z,
ACK,6863,2026-09-26T17:15:39.833Z,
ACK,6864,2026-09-26T17:15:39.950Z,
ACK,6865,2026-09-26T17:15:40.039Z,
ACK,6866,2026-09-26T17:15:40.136Z,
ACK,6867,2026-09-26T17:15:40.256Z,
ACK,6868,2026-09-26T17:15:40.333Z,
ACK,6869,2026-09-26T17:15:40.445Z,
ACK,6870,2026-09-26T17:15:40.535Z,
ACK,6871,2026-09-26T17:15:40.640Z,
ACK,6872,2026-09-26T17:15:40.742Z,
ACK,6873,2026-09-26T17:15:40.877Z,
ACK,6874,2026-09-26T17:15:40.963Z,
ACK,6875,2026-09-26T17:15:41.068Z,
ACK,6876,2026-09-26T17:15:41.146Z,
ACK,6877,2026-09-26T17:15:41.239Z,
ACK,6878,2026-09-26T17:15:41.348Z,
ACK,6879,2026-09-26T17:15:41.443Z,
ACK,6880,2026-09-26T17:15:41.542Z,
ACK,6881,2026-09-26T17:15:41.638Z,
ACK,6882,2026-09-26T17:15:41.739Z,
ACK,6883,2026-09-26T17:15:41.850Z,
ACK,6884,2026-09-26T17:15:41.942Z,
ACK,6885,2026-09-26T17:15:42.046Z,
ACK,6886,2026-09-26T17:15:42.143Z,
ACK,6887,2026-09-26T17:15:42.245Z,
ACK,6888,2026-09-26T17:15:42.347Z,
ACK,6889,2026-09-26T17:15:42.453Z,
ACK,6890,2026-09-26T17:15:42.549Z,
ACK,6891,2026-09-26T17:15:42.648Z,
ACK,6892,2026-09-26T17:15:42.745Z,
ACK,6893,2026-09-26T17:15:42.844Z,
ACK,6894,2026-09-26T17:15:42.953Z,
ACK,6895,2026-09-26T17:15:43.048Z,
ACK,6896,2026-09-26T17:15:43.147Z,
ACK,6897,2026-09-26T17:15:43.249Z,
ACK,6898,2026-09-26T17:15:43.354Z,
ACK,6899,2026-09-26T17:15:43.452Z,
ACK,6900,2026-09-26T17:15:43.551Z,
ACK,6901,2026-09-26T17:15:43.659Z,
ACK,6902,2026-09-26T17:15:43.750Z,
ACK,6903,2026-09-26T17:15:43.850Z,
ACK,6904,2026-09-26T17:15:43.953Z,
ACK,6905,2026-09-26T17:15:44.049Z,
ACK,6906,2026-09-26T17:15:44.167Z,
ACK,6907,2026-09-26T17:15:44.254Z,
ACK,6908,2026-09-26T17:15:44.357Z,
ACK,6909,2026-09-26T17:15:44.449Z,
ACK,6910,2026-09-26T17:15:44.560Z,
ACK,6911,2026-09-26T17:15:44.651Z,
ACK,6912,2026-09-26T17:15:44.754Z,
ACK,6913,2026-09-26T17:15:44.854Z,
ACK,6914,2026-09-26T17:15:44.958Z,
ACK,6915,2026-09-26T17:15:45.059Z,
ACK,6916,2026-09-26T17:15:45.155Z,
ACK,6917,2026-09-26T17:15:45.253Z,
ACK,6918,2026-09-26T17:15:45.359Z,
ACK,6919,2026-09-26T17:15:45.460Z,
ACK,6920,2026-09-26T17:15:45.561Z,
ACK,6921,2026-09-26T17:15:45.665Z,
ACK,6922,2026-09-26T17:15:45.767Z,
ACK,6923,2026-09-26T17:15:45.887Z,
ACK,6924,2026-09-26T17:15:45.982Z,
ACK,6925,2026-09-26T17:15:46.061Z,
ACK,6926,2026-09-26T17:15:46.228Z,
ACK,6927,2026-09-26T17:15:46.304Z,
ACK,6928,2026-09-26T17:15:46.392Z,
ACK,6929,2026-09-26T17:15:46.488Z,
ACK,6930,2026-09-26T17:15:46.591Z,
ACK,6931,2026-09-26T17:15:46.690Z,
ACK,6932,2026-09-26T17:15:46.789Z,
ACK,6933,2026-09-26T17:15:46.901Z,
ACK,6934,2026-09-26T17:15:46.993Z,
ACK,6935,2026-09-26T17:15:47.088Z,
ACK,6936,2026-09-26T17:15:47.194Z,
ACK,6937,2026-09-26T17:15:47.316Z,
ACK,6938,2026-09-26T17:15:47.394Z,
ACK,6939,2026-09-26T17:15:47.494Z,
ACK,6940,2026-09-26T17:15:47.619Z,
ACK,6941,2026-09-26T17:15:47.705Z,
ACK,6942,2026-09-26T17:15:47.799Z,
ACK,6943,2026-09-26T17:15:47.904Z,
ACK,6944,2026-09-26T17:15:47.999Z,
ACK,6945,2026-09-26T17:15:48.094Z,
ACK,6946,2026-09-26T17:15:48.196Z,
ACK,6947,2026-09-26T17:15:48.302Z,
ACK,6948,2026-09-26T17:15:48.584Z,
ACK,6949,2026-09-26T17:15:48.648Z,
ACK,6950,2026-09-26T17:15:48.745Z,
ACK,6951,2026-09-26T17:15:48.858Z,
ACK,6952,2026-09-26T17:15:48.969Z,
ACK,6953,2026-09-26T17:15:49.051Z,
ACK,6954,2026-09-26T17:15:49.145Z,
ACK,6955,2026-09-26T17:15:49.249Z,
ACK,6956,2026-09-26T17:15:49.373Z,
ACK,6957,2026-09-26T17:15:49.444Z,
ACK,6958,2026-09-26T17:15:49.551Z,
ACK,6959,2026-09-26T17:15:49.646Z,
ACK,6960,2026-09-26T17:15:49.749Z,
ACK,6961,2026-09-26T17:15:49.847Z,
ACK,6962,2026-09-26T17:15:49.952Z,
ACK,6963,2026-09-26T17:15:50.048Z,
ACK,6964,2026-09-26T17:15:50.153Z,
ACK,6965,2026-09-26T17:15:50.252Z,
ACK,6966,2026-09-26T17:15:50.355Z,
ACK,6967,2026-09-26T17:15:50.454Z,
ACK,6968,2026-09-26T17:15:50.553Z,
ACK,6969,2026-09-26T17:15:50.654Z,
ACK,6970,2026-09-26T17:15:50.759Z,
ACK,6971,2026-09-26T17:15:50.852Z,
ACK,6972,2026-09-26T17:15:50.954Z,
ACK,6973,2026-09-26T17:15:51.058Z,
ACK,6974,2026-09-26T17:15:51.182Z,
ACK,6975,2026-09-26T17:15:51.258Z,
ACK,6976,2026-09-26T17:15:51.359Z,
ACK,6977,2026-09-26T17:15:51.455Z,
ACK,6978,2026-09-26T17:15:51.729Z,
ACK,6979,2026-09-26T17:15:51.811Z,
ACK,6980,2026-09-26T17:15:51.894Z,
ACK,6981,2026-09-26T17:15:51.990Z,
ACK,6982,2026-09-26T17:15:52.089Z,
ACK,6983,2026-09-26T17:15:52.190Z,
ACK,6984,2026-09-26T17:15:52.290Z,
ACK,6985,2026-09-26T17:15:52.394Z,
ACK,6986,2026-09-26T17:15:52.491Z,
ACK,6987,2026-09-26T17:15:52.600Z,
ACK,6988,2026-09-26T17:15:52.723Z,
ACK,6989,2026-09-26T17:15:52.797Z,
ACK,6990,2026-09-26T17:15:52.904Z,
ACK,6991,2026-09-26T17:15:52.993Z,
ACK,6992,2026-09-26T17:15:53.101Z,
ACK,6993,2026-09-26T17:15:53.199Z,
ACK,6994,2026-09-26T17:15:53.298Z,
ACK,6995,2026-09-26T17:15:53.453Z,
ACK,6996,2026-09-26T17:15:53.512Z,
ACK,6997,2026-09-26T17:15:53.672Z,
ACK,6998,2026-09-26T17:15:53.732Z,
ACK,6999,2026-09-26T17:15:53.829Z,
ACK,7000,2026-09-26T17:15:54.066Z,
ACK,7001,2026-09-26T17:15:54.124Z,
ACK,7002,2026-09-26T17:15:54.240Z,
ACK,7003,2026-09-26T17:15:54.331Z,
ACK,7004,2026-09-26T17:15:54.423Z,
ACK,7005,2026-09-26T17:15:54.527Z,
ACK,7006,2026-09-26T17:15:54.631Z,
ACK,7007,2026-09-26T17:15:54.727Z,
ACK,7008,2026-09-26T17:15:54.824Z,
ACK,7009,2026-09-26T17:15:54.926Z,
ACK,7010,2026-09-26T17:15:55.061Z,
ACK,7011,2026-09-26T17:15:55.124Z,
ACK,7012,2026-09-26T17:15:55.231Z,
ACK,7013,2026-09-26T17:15:55.327Z,
ACK,7014,2026-09-26T17:15:55.435Z,
ACK,7015,2026-09-26T17:15:55.528Z,
ACK,7016,2026-09-26T17:15:55.633Z,
ACK,7017,2026-09-26T17:15:55.737Z,
ACK,7018,2026-09-26T17:15:55.838Z,
ACK,7019,2026-09-26T17:15:56.037Z,
ACK,7020,2026-09-26T17:15:56.098Z,
ACK,7021,2026-09-26T17:15:56.195Z,
ACK,7022,2026-09-26T17:15:56.328Z,
ACK,7023,2026-09-26T17:15:56.398Z,
ACK,7024,2026-09-26T17:15:56.507Z,
ACK,7025,2026-09-26T17:15:56.596Z,
ACK,7026,2026-09-26T17:15:56.700Z,
ACK,7027,2026-09-26T17:15:56.803Z,
ACK,7028,2026-09-26T17:15:56.902Z,
ACK,7029,2026-09-26T17:15:57.009Z,
ACK,7030,2026-09-26T17:15:57.103Z,
ACK,7031,2026-09-26T17:15:57.197Z,
ACK,7032,2026-09-26T17:15:57.304Z,
ACK,7033,2026-09-26T17:15:57.644Z,
ACK,7034,2026-09-26T17:15:57.719Z,
ACK,7035,2026-09-26T17:15:57.804Z,
ACK,7036,2026-09-26T17:15:57.986Z,
ACK,7037,2026-09-26T17:15:58.050Z,
ACK,7038,2026-09-26T17:15:58.165Z,
ACK,7039,2026-09-26T17:15:58.247Z,
ACK,7040,2026-09-26T17:15:58.349Z,
ACK,7041,2026-09-26T17:15:58.449Z,
ACK,7042,2026-09-26T17:15:58.551Z,
ACK,7043,2026-09-26T17:15:58.648Z,
ACK,7044,2026-09-26T17:15:58.747Z,
ACK,7045,2026-09-26T17:15:58.845Z,
ACK,7046,2026-09-26T17:15:59.063Z,
ACK,7047,2026-09-26T17:15:59.144Z,
ACK,7048,2026-09-26T17:15:59.224Z,
ACK,7049,2026-09-26T17:15:59.337Z,
ACK,7050,2026-09-26T17:15:59.433Z,
ACK,7051,2026-09-26T17:15:59.540Z,
ACK,7052,2026-09-26T17:15:59.627Z,
ACK,7053,2026-09-26T17:15:59.729Z,
ACK,7054,2026-09-26T17:15:59.822Z,
ACK,7055,2026-09-26T17:15:59.928Z,
ACK,7056,2026-09-26T17:16:00.035Z,
ACK,7057,2026-09-26T17:16:00.156Z,
ACK,7058,2026-09-26T17:16:00.351Z,
ACK,7059,2026-09-26T17:16:00.656Z,
ACK,7060,2026-09-26T17:16:00.724Z,
ACK,7061,2026-09-26T17:16:00.827Z,
ACK,7062,2026-09-26T17:16:00.925Z,
ACK,7063,2026-09-26T17:16:01.018Z,
ACK,7064,2026-09-26T17:16:01.120Z,
ACK,7065,2026-09-26T17:16:01.396Z,
ACK,7066,2026-09-26T17:16:01.475Z,
ACK,7067,2026-09-26T17:16:01.555Z,
ACK,7068,2026-09-26T17:16:01.728Z,
ACK,7069,2026-09-26T17:16:01.790Z,
ACK,7070,2026-09-26T17:16:01.889Z,
ACK,7071,2026-09-26T17:16:01.990Z,
ACK,7072,2026-09-26T17:16:02.093Z,
ACK,7073,2026-09-26T17:16:02.229Z,
ACK,7074,2026-09-26T17:16:02.329Z,
ACK,7075,2026-09-26T17:16:02.397Z,
ACK,7076,2026-09-26T17:16:02.497Z,
ACK,7077,2026-09-26T17:16:02.587Z,
ACK,7078,2026-09-26T17:16:02.687Z,
ACK,7079,2026-09-26T17:16:02.789Z,
ACK,7080,2026-09-26T17:16:02.894Z,
ACK,7081,2026-09-26T17:16:02.993Z,
ACK,7082,2026-09-26T17:16:03.100Z,
ACK,7083,2026-09-26T17:16:03.192Z,
ACK,7084,2026-09-26T17:16:03.295Z,
ACK,7085,2026-09-26T17:16:03.397Z,
ACK,7086,2026-09-26T17:16:03.495Z,
ACK,7087,2026-09-26T17:16:03.598Z,
ACK,7088,2026-09-26T17:16:03.703Z,
ACK,7089,2026-09-26T17:16:03.793Z,
ACK,7090,2026-09-26T17:16:03.939Z,
ACK,7091,2026-09-26T17:16:04.012Z,
ACK,7092,2026-09-26T17:16:04.099Z,
ACK,7093,2026-09-26T17:16:04.204Z,
ACK,7094,2026-09-26T17:16:04.305Z,
ACK,7095,2026-09-26T17:16:04.398Z,
ACK,7096,2026-09-26T17:16:04.502Z,
ACK,7097,2026-09-26T17:16:04.607Z,
ACK,7098,2026-09-26T17:16:04.705Z,
ACK,7099,2026-09-26T17:16:04.811Z,
ACK,7100,2026-09-26T17:16:04.915Z,
ACK,7101,2026-09-26T17:16:05.003Z,
ACK,7102,2026-09-26T17:16:05.115Z,
ACK,7103,2026-09-26T17:16:05.208Z,
ACK,7104,2026-09-26T17:16:05.546Z,
ACK,7105,2026-09-26T17:16:05.639Z,
ACK,7106,2026-09-26T17:16:05.710Z,
ACK,7107,2026-09-26T17:16:05.808Z,
ACK,7108,2026-09-26T17:16:05.915Z,
ACK,7109,2026-09-26T17:16:06.017Z,
ACK,7110,2026-09-26T17:16:06.106Z,
ACK,7111,2026-09-26T17:16:06.212Z,
ACK,7112,2026-09-26T17:16:06.318Z,
ACK,7113,2026-09-26T17:16:06.412Z,
ACK,7114,2026-09-26T17:16:06.520Z,
ACK,7115,2026-09-26T17:16:06.621Z,
ACK,7116,2026-09-26T17:16:06.713Z,
ACK,7117,2026-09-26T17:16:06.808Z,
ACK,7118,2026-09-26T17:16:06.914Z,
ACK,7119,2026-09-26T17:16:07.031Z,
ACK,7120,2026-09-26T17:16:07.112Z,
ACK,7121,2026-09-26T17:16:07.219Z,
ACK,7122,2026-09-26T17:16:07.328Z,
ACK,7123,2026-09-26T17:16:07.658Z,
ACK,7124,2026-09-26T17:16:07.729Z,
ACK,7125,2026-09-26T17:16:07.821Z,
ACK,7126,2026-09-26T17:16:07.924Z,
ACK,7127,2026-09-26T17:16:08.034Z,
ACK,7128,2026-09-26T17:16:08.119Z,
ACK,7129,2026-09-26T17:16:08.219Z,
ACK,7130,2026-09-26T17:16:08.324Z,
ACK,7131,2026-09-26T17:16:08.436Z,
ACK,7132,2026-09-26T17:16:08.518Z,
ACK,7133,2026-09-26T17:16:08.622Z,
ACK,7134,2026-09-26T17:16:08.719Z,
ACK,7135,2026-09-26T17:16:08.828Z,
ACK,7136,2026-09-26T17:16:08.947Z,
ACK,7137,2026-09-26T17:16:09.026Z,
ACK,7138,2026-09-26T17:16:09.128Z,
ACK,7139,2026-09-26T17:16:09.227Z,
ACK,7140,2026-09-26T17:16:09.328Z,
ACK,7141,2026-09-26T17:16:09.428Z,
ACK,7142,2026-09-26T17:16:09.529Z,
ACK,7143,2026-09-26T17:16:09.628Z,
ACK,7144,2026-09-26T17:16:09.729Z,
ACK,7145,2026-09-26T17:16:09.829Z,
ACK,7146,2026-09-26T17:16:09.965Z,
ACK,7147,2026-09-26T17:16:10.028Z,
ACK,7148,2026-09-26T17:16:10.129Z,
ACK,7149,2026-09-26T17:16:10.312Z,
ACK,7150,2026-09-26T17:16:10.376Z,
ACK,7151,2026-09-26T17:16:10.473Z,
ACK,7152,2026-09-26T17:16:10.604Z,
ACK,7153,2026-09-26T17:16:10.683Z,
ACK,7154,2026-09-26T17:16:10.778Z,
ACK,7155,2026-09-26T17:16:10.901Z,
ACK,7156,2026-09-26T17:16:10.975Z,
ACK,7157,2026-09-26T17:16:11.077Z,
ACK,7158,2026-09-26T17:16:11.179Z,
ACK,7159,2026-09-26T17:16:11.278Z,
ACK,7160,2026-09-26T17:16:11.421Z,
ACK,7161,2026-09-26T17:16:11.484Z,
ACK,7162,2026-09-26T17:16:11.603Z,
ACK,7163,2026-09-26T17:16:11.685Z,
ACK,7164,2026-09-26T17:16:11.788Z,
ACK,7165,2026-09-26T17:16:11.879Z,
ACK,7166,2026-09-26T17:16:12.229Z,
ACK,7167,2026-09-26T17:16:12.287Z,
ACK,7168,2026-09-26T17:16:12.389Z,
ACK,7169,2026-09-26T17:16:12.488Z,
ACK,7170,2026-09-26T17:16:12.599Z,
ACK,7171,2026-09-26T17:16:12.699Z,
ACK,7172,2026-09-26T17:16:12.796Z,
ACK,7173,2026-09-26T17:16:12.891Z,
ACK,7174,2026-09-26T17:16:12.995Z,
ACK,7175,2026-09-26T17:16:13.092Z,
ACK,7176,2026-09-26T17:16:13.225Z,
ACK,7177,2026-09-26T17:16:13.317Z,
ACK,7178,2026-09-26T17:16:13.642Z,
ACK,7179,2026-09-26T17:16:13.728Z,
ACK,7180,2026-09-26T17:16:13.803Z,
ACK,7181,2026-09-26T17:16:13.901Z,
ACK,7182,2026-09-26T17:16:14.004Z,
ACK,7183,2026-09-26T17:16:14.102Z,
ACK,7184,2026-09-26T17:16:14.209Z,
ACK,7185,2026-09-26T17:16:14.306Z,
ACK,7186,2026-09-26T17:16:14.404Z,
ACK,7187,2026-09-26T17:16:14.507Z,
ACK,7188,2026-09-26T17:16:14.610Z,
ACK,7189,2026-09-26T17:16:14.707Z,
ACK,7190,2026-09-26T17:16:14.902Z,
ACK,7191,2026-09-26T17:16:14.969Z,
ACK,7192,2026-09-26T17:16:15.062Z,
ACK,7193,2026-09-26T17:16:15.175Z,
ACK,7194,2026-09-26T17:16:15.300Z,
ACK,7195,2026-09-26T17:16:15.374Z,
ACK,7196,2026-09-26T17:16:15.463Z,
ACK,7197,2026-09-26T17:16:15.564Z,
ACK,7198,2026-09-26T17:16:15.678Z,
ACK,7199,2026-09-26T17:16:15.768Z,
ACK,7200,2026-09-26T17:16:15.878Z,
ACK,7201,2026-09-26T17:16:15.963Z,
ACK,7202,2026-09-26T17:16:16.067Z,
ACK,7203,2026-09-26T17:16:16.169Z,
ACK,7204,2026-09-26T17:16:16.263Z,
ACK,7205,2026-09-26T17:16:16.368Z,
ACK,7206,2026-09-26T17:16:16.471Z,
ACK,7207,2026-09-26T17:16:16.635Z,
ACK,7208,2026-09-26T17:16:16.728Z,
ACK,7209,2026-09-26T17:16:16.808Z,
ACK,7210,2026-09-26T17:16:16.895Z,
ACK,7211,2026-09-26T17:16:16.998Z,
ACK,7212,2026-09-26T17:16:17.114Z,
ACK,7213,2026-09-26T17:16:17.229Z,
ACK,7214,2026-09-26T17:16:17.304Z,
ACK,7215,2026-09-26T17:16:17.424Z,
ACK,7216,2026-09-26T17:16:17.513Z,
ACK,7217,2026-09-26T17:16:17.594Z,
ACK,7218,2026-09-26T17:16:17.699Z,
ACK,7219,2026-09-26T17:16:17.797Z,
ACK,7220,2026-09-26T17:16:17.905Z,
ACK,7221,2026-09-26T17:16:17.999Z,
ACK,7222,2026-09-26T17:16:18.107Z,
ACK,7223,2026-09-26T17:16:18.203Z,
ACK,7224,2026-09-26T17:16:18.298Z,
ACK,7225,2026-09-26T17:16:18.646Z,
ACK,7226,2026-09-26T17:16:18.713Z,
ACK,7227,2026-09-26T17:16:18.823Z,
ACK,7228,2026-09-26T17:16:18.911Z,
ACK,7229,2026-09-26T17:16:19.007Z,
ACK,7230,2026-09-26T17:16:19.123Z,
ACK,7231,2026-09-26T17:16:19.228Z,
ACK,7232,2026-09-26T17:16:19.308Z,
ACK,7233,2026-09-26T17:16:19.409Z,
ACK,7234,2026-09-26T17:16:19.512Z,
ACK,7235,2026-09-26T17:16:19.611Z,
ACK,7236,2026-09-26T17:16:19.710Z,
ACK,7237,2026-09-26T17:16:19.812Z,
ACK,7238,2026-09-26T17:16:19.914Z,
ACK,7239,2026-09-26T17:16:20.041Z,
ACK,7240,2026-09-26T17:16:20.117Z,
ACK,7241,2026-09-26T17:16:20.214Z,
ACK,7242,2026-09-26T17:16:20.318Z,
ACK,7243,2026-09-26T17:16:20.419Z,
ACK,7244,2026-09-26T17:16:20.514Z,
ACK,7245,2026-09-26T17:16:20.637Z,
ACK,7246,2026-09-26T17:16:20.728Z,
ACK,7247,2026-09-26T17:16:20.825Z,
ACK,7248,2026-09-26T17:16:20.933Z,
ACK,7249,2026-09-26T17:16:21.014Z,
ACK,7250,2026-09-26T17:16:21.125Z,
ACK,7251,2026-09-26T17:16:21.277Z,
ACK,7252,2026-09-26T17:16:21.354Z,
ACK,7253,2026-09-26T17:16:21.599Z,
ACK,7254,2026-09-26T17:16:21.729Z,
ACK,7255,2026-09-26T17:16:21.790Z,
ACK,7256,2026-09-26T17:16:21.892Z,
ACK,7257,2026-09-26T17:16:21.991Z,
ACK,7258,2026-09-26T17:16:22.228Z,
ACK,7259,2026-09-26T17:16:22.287Z,
ACK,7260,2026-09-26T17:16:22.396Z,
ACK,7261,2026-09-26T17:16:22.489Z,
ACK,7262,2026-09-26T17:16:22.593Z,
ACK,7263,2026-09-26T17:16:22.711Z,
ACK,7264,2026-09-26T17:16:22.793Z,
ACK,7265,2026-09-26T17:16:22.896Z,
ACK,7266,2026-09-26T17:16:22.990Z,
ACK,7267,2026-09-26T17:16:23.106Z,
ACK,7268,2026-09-26T17:16:23.189Z,
ACK,7269,2026-09-26T17:16:23.288Z,
ACK,7270,2026-09-26T17:16:23.390Z,
ACK,7271,2026-09-26T17:16:23.691Z,
ACK,7272,2026-09-26T17:16:23.995Z,
ACK,7273,2026-09-26T17:16:24.138Z,
ACK,7274,2026-09-26T17:16:24.228Z,
ACK,7275,2026-09-26T17:16:24.301Z,
ACK,7276,2026-09-26T17:16:24.394Z,
ACK,7277,2026-09-26T17:16:24.498Z,
ACK,7278,2026-09-26T17:16:24.604Z,
ACK,7279,2026-09-26T17:16:24.700Z,
ACK,7280,2026-09-26T17:16:24.855Z,
ACK,7281,2026-09-26T17:16:24.999Z,
ACK,7282,2026-09-26T17:16:25.082Z,
ACK,7283,2026-09-26T17:16:25.160Z,
ACK,7284,2026-09-26T17:16:25.273Z,
ACK,7285,2026-09-26T17:16:25.357Z,
ACK,7286,2026-09-26T17:16:25.462Z,
ACK,7287,2026-09-26T17:16:25.563Z,
ACK,7288,2026-09-26T17:16:25.668Z,
ACK,7289,2026-09-26T17:16:25.955Z,
ACK,7290,2026-09-26T17:16:26.110Z,
ACK,7291,2026-09-26T17:16:26.185Z,
ACK,7292,2026-09-26T17:16:26.279Z,
ACK,7293,2026-09-26T17:16:26.370Z,
ACK,7294,2026-09-26T17:16:26.472Z,
ACK,7295,2026-09-26T17:16:26.586Z,
ACK,7296,2026-09-26T17:16:26.681Z,
ACK,7297,2026-09-26T17:16:26.775Z,
ACK,7298,2026-09-26T17:16:26.872Z,
ACK,7299,2026-09-26T17:16:26.972Z,
ACK,7300,2026-09-26T17:16:27.074Z,
ACK,7301,2026-09-26T17:16:27.173Z,
ACK,7302,2026-09-26T17:16:27.290Z,
ACK,7303,2026-09-26T17:16:27.374Z,
ACK,7304,2026-09-26T17:16:27.487Z,
ACK,7305,2026-09-26T17:16:27.577Z,
ACK,7306,2026-09-26T17:16:27.685Z,
ACK,7307,2026-09-26T17:16:27.779Z,
ACK,7308,2026-09-26T17:16:27.878Z,
ACK,7309,2026-09-26T17:16:27.975Z,
ACK,7310,2026-09-26T17:16:28.080Z,
ACK,7311,2026-09-26T17:16:28.191Z,
ACK,7312,2026-09-26T17:16:28.281Z,
ACK,7313,2026-09-26T17:16:28.395Z,
ACK,7314,2026-09-26T17:16:28.479Z,
ACK,7315,2026-09-26T17:16:28.612Z,
ACK,7316,2026-09-26T17:16:28.682Z,
ACK,7317,2026-09-26T17:16:28.785Z,
ACK,7318,2026-09-26T17:16:28.883Z,
ACK,7319,2026-09-26T17:16:28.983Z,
ACK,7320,2026-09-26T17:16:29.091Z,
ACK,7321,2026-09-26T17:16:29.181Z,
ACK,7322,2026-09-26T17:16:29.284Z,
ACK,7323,2026-09-26T17:16:29.388Z,
ACK,7324,2026-09-26T17:16:29.487Z,
ACK,7325,2026-09-26T17:16:29.591Z,
ACK,7326,2026-09-26T17:16:29.688Z,
ACK,7327,2026-09-26T17:16:29.783Z,
ACK,7328,2026-09-26T17:16:29.888Z,
ACK,7329,2026-09-26T17:16:29.988Z,
ACK,7330,2026-09-26T17:16:30.090Z,
ACK,7331,2026-09-26T17:16:30.188Z,
ACK,7332,2026-09-26T17:16:30.298Z,
ACK,7333,2026-09-26T17:16:30.399Z,
ACK,7334,2026-09-26T17:16:30.488Z,
ACK,7335,2026-09-26T17:16:30.588Z,
ACK,7336,2026-09-26T17:16:30.728Z,
ACK,7337,2026-09-26T17:16:30.807Z,
ACK,7338,2026-09-26T17:16:30.895Z,
ACK,7339,2026-09-26T17:16:31.001Z,
ACK,7340,2026-09-26T17:16:31.119Z,
ACK,7341,2026-09-26T17:16:31.196Z,
ACK,7342,2026-09-26T17:16:31.316Z,
ACK,7343,2026-09-26T17:16:31.398Z,
ACK,7344,2026-09-26T17:16:31.491Z,
ACK,7345,2026-09-26T17:16:31.617Z,
ACK,7346,2026-09-26T17:16:31.695Z,
ACK,7347,2026-09-26T17:16:31.802Z,
ACK,7348,2026-09-26T17:16:31.892Z,
ACK,7349,2026-09-26T17:16:31.995Z,
ACK,7350,2026-09-26T17:16:32.094Z,
ACK,7351,2026-09-26T17:16:32.196Z,
ACK,7352,2026-09-26T17:16:32.292Z,
ACK,7353,2026-09-26T17:16:32.393Z,
ACK,7354,2026-09-26T17:16:32.531Z,
ACK,7355,2026-09-26T17:16:32.601Z,
ACK,7356,2026-09-26T17:16:32.728Z,
ACK,7357,2026-09-26T17:16:32.799Z,
ACK,7358,2026-09-26T17:16:32.974Z,
ACK,7359,2026-09-26T17:16:33.038Z,
ACK,7360,2026-09-26T17:16:33.138Z,
ACK,7361,2026-09-26T17:16:33.233Z,
ACK,7362,2026-09-26T17:16:33.339Z,
ACK,7363,2026-09-26T17:16:33.459Z,
ACK,7364,2026-09-26T17:16:33.537Z,
ACK,7365,2026-09-26T17:16:33.738Z,
ACK,7366,2026-09-26T17:16:33.798Z,
ACK,7367,2026-09-26T17:16:33.940Z,
ACK,7368,2026-09-26T17:16:34.016Z,
ACK,7369,2026-09-26T17:16:34.106Z,
ACK,7370,2026-09-26T17:16:34.203Z,
ACK,7371,2026-09-26T17:16:34.303Z,
ACK,7372,2026-09-26T17:16:34.436Z,
ACK,7373,2026-09-26T17:16:34.508Z,
ACK,7374,2026-09-26T17:16:34.603Z,
ACK,7375,2026-09-26T17:16:34.714Z,
ACK,7376,2026-09-26T17:16:34.803Z,
ACK,7377,2026-09-26T17:16:34.907Z,
ACK,7378,2026-09-26T17:16:35.016Z,
ACK,7379,2026-09-26T17:16:35.103Z,
ACK,7380,2026-09-26T17:16:35.222Z,
ACK,7381,2026-09-26T17:16:35.319Z,
ACK,7382,2026-09-26T17:16:35.406Z,
ACK,7383,2026-09-26T17:16:35.508Z,
ACK,7384,2026-09-26T17:16:35.602Z,
ACK,7385,2026-09-26T17:16:35.713Z,
ACK,7386,2026-09-26T17:16:35.822Z,
ACK,7387,2026-09-26T17:16:35.919Z,
ACK,7388,2026-09-26T17:16:36.021Z,
ACK,7389,2026-09-26T17:16:36.109Z,
ACK,7390,2026-09-26T17:16:36.228Z,
ACK,7391,2026-09-26T17:16:36.348Z,
ACK,7392,2026-09-26T17:16:36.414Z,
ACK,7393,2026-09-26T17:16:36.533Z,
ACK,7394,2026-09-26T17:16:36.615Z,
ACK,7395,2026-09-26T17:16:36.723Z,
ACK,7396,2026-09-26T17:16:36.818Z,
ACK,7397,2026-09-26T17:16:36.919Z,
ACK,7398,2026-09-26T17:16:37.013Z,
ACK,7399,2026-09-26T17:16:37.118Z,
ACK,7400,2026-09-26T17:16:37.217Z,
ACK,7401,2026-09-26T17:16:37.320Z,
ACK,7402,2026-09-26T17:16:37.426Z,
ACK,7403,2026-09-26T17:16:37.514Z,
ACK,7404,2026-09-26T17:16:37.613Z,
ACK,7405,2026-09-26T17:16:37.728Z,
ACK,7406,2026-09-26T17:16:37.836Z,
ACK,7407,2026-09-26T17:16:37.918Z,
ACK,7408,2026-09-26T17:16:38.023Z,
ACK,7409,2026-09-26T17:16:38.117Z,
ACK,7410,2026-09-26T17:16:38.225Z,
ACK,7411,2026-09-26T17:16:38.318Z,
ACK,7412,2026-09-26T17:16:38.430Z,
ACK,7413,2026-09-26T17:16:38.552Z,
ACK,7414,2026-09-26T17:16:38.619Z,
ACK,7415,2026-09-26T17:16:38.729Z,
ACK,7416,2026-09-26T17:16:38.822Z,
ACK,7417,2026-09-26T17:16:38.919Z,
ACK,7418,2026-09-26T17:16:39.054Z,
ACK,7419,2026-09-26T17:16:39.122Z,
ACK,7420,2026-09-26T17:16:39.250Z,
ACK,7421,2026-09-26T17:16:39.321Z,
ACK,7422,2026-09-26T17:16:39.434Z,
ACK,7423,2026-09-26T17:16:39.526Z,
ACK,7424,2026-09-26T17:16:39.641Z,
ACK,7425,2026-09-26T17:16:39.730Z,
ACK,7426,2026-09-26T17:16:39.823Z,
ACK,7427,2026-09-26T17:16:40.172Z,
ACK,7428,2026-09-26T17:16:40.361Z,
ACK,7429,2026-09-26T17:16:40.423Z,
ACK,7430,2026-09-26T17:16:40.520Z,
ACK,7431,2026-09-26T17:16:40.627Z,
ACK,7432,2026-09-26T17:16:40.718Z,
ACK,7433,2026-09-26T17:16:40.825Z,
ACK,7434,2026-09-26T17:16:40.924Z,
ACK,7435,2026-09-26T17:16:41.033Z,
ACK,7436,2026-09-26T17:16:41.136Z,
ACK,7437,2026-09-26T17:16:41.224Z,
ACK,7438,2026-09-26T17:16:41.319Z,
ACK,7439,2026-09-26T17:16:41.423Z,
ACK,7440,2026-09-26T17:16:41.528Z,
ACK,7441,2026-09-26T17:16:41.628Z,
ACK,7442,2026-09-26T17:16:41.727Z,
ACK,7443,2026-09-26T17:16:41.828Z,
ACK,7444,2026-09-26T17:16:41.924Z,
ACK,7445,2026-09-26T17:16:42.031Z,
ACK,7446,2026-09-26T17:16:42.124Z,
ACK,7447,2026-09-26T17:16:42.237Z,
ACK,7448,2026-09-26T17:16:42.357Z,
ACK,7449,2026-09-26T17:16:42.453Z,
ACK,7450,2026-09-26T17:16:42.527Z,
ACK,7451,2026-09-26T17:16:42.637Z,
ACK,7452,2026-09-26T17:16:42.785Z,
ACK,7453,2026-09-26T17:16:42.862Z,
ACK,7454,2026-09-26T17:16:42.964Z,
ACK,7455,2026-09-26T17:16:43.042Z,
ACK,7456,2026-09-26T17:16:43.192Z,
ACK,7457,2026-09-26T17:16:43.272Z,
ACK,7458,2026-09-26T17:16:43.410Z,
ACK,7459,2026-09-26T17:16:43.513Z,
ACK,7460,2026-09-26T17:16:43.582Z,
ACK,7461,2026-09-26T17:16:43.715Z,
ACK,7462,2026-09-26T17:16:43.787Z,
ACK,7463,2026-09-26T17:16:43.884Z,
ACK,7464,2026-09-26T17:16:43.992Z,
ACK,7465,2026-09-26T17:16:44.130Z,
ACK,7466,2026-09-26T17:16:44.253Z,
ACK,7467,2026-09-26T17:16:44.335Z,
ACK,7468,2026-09-26T17:16:44.448Z,
ACK,7469,2026-09-26T17:16:44.525Z,
ACK,7470,2026-09-26T17:16:44.638Z,
ACK,7471,2026-09-26T17:16:44.716Z,
ACK,7472,2026-09-26T17:16:44.813Z,
ACK,7473,2026-09-26T17:16:44.920Z,
ACK,7474,2026-09-26T17:16:45.014Z,
ACK,7475,2026-09-26T17:16:45.126Z,
ACK,7476,2026-09-26T17:16:45.220Z,
ACK,7477,2026-09-26T17:16:45.317Z,
ACK,7478,2026-09-26T17:16:45.425Z,
ACK,7479,2026-09-26T17:16:45.525Z,
ACK,7480,2026-09-26T17:16:45.620Z,
ACK,7481,2026-09-26T17:16:45.728Z,
ACK,7482,2026-09-26T17:16:45.818Z,
ACK,7483,2026-09-26T17:16:45.921Z,
ACK,7484,2026-09-26T17:16:46.018Z,
ACK,7485,2026-09-26T17:16:46.123Z,
ACK,7486,2026-09-26T17:16:46.229Z,
ACK,7487,2026-09-26T17:16:46.322Z,
ACK,7488,2026-09-26T17:16:46.422Z,
ACK,7489,2026-09-26T17:16:46.518Z,
ACK,7490,2026-09-26T17:16:46.637Z,
ACK,7491,2026-09-26T17:16:46.723Z,
ACK,7492,2026-09-26T17:16:46.848Z,
ACK,7493,2026-09-26T17:16:46.926Z,
ACK,7494,2026-09-26T17:16:47.031Z,
ACK,7495,2026-09-26T17:16:47.212Z,
ACK,7496,2026-09-26T17:16:47.272Z,
ACK,7497,2026-09-26T17:16:47.373Z,
ACK,7498,2026-09-26T17:16:47.479Z,
ACK,7499,2026-09-26T17:16:47.584Z,
ACK,7500,2026-09-26T17:16:47.679Z,
ACK,7501,2026-09-26T17:16:47.773Z,
ACK,7502,2026-09-26T17:16:48.011Z,
ACK,7503,2026-09-26T17:16:48.072Z,
ACK,7504,2026-09-26T17:16:48.170Z,
ACK,7505,2026-09-26T17:16:48.271Z,
ACK,7506,2026-09-26T17:16:48.380Z,
ACK,7507,2026-09-26T17:16:48.532Z,
ACK,7508,2026-09-26T17:16:48.595Z,
ACK,7509,2026-09-26T17:16:48.693Z,
ACK,7510,2026-09-26T17:16:48.809Z,
ACK,7511,2026-09-26T17:16:48.894Z,
ACK,7512,2026-09-26T17:16:49.070Z,
ACK,7513,2026-09-26T17:16:49.133Z,
ACK,7514,2026-09-26T17:16:49.254Z,
ACK,7515,2026-09-26T17:16:49.329Z,
ACK,7516,2026-09-26T17:16:49.462Z,
ACK,7517,2026-09-26T17:16:49.534Z,
ACK,7518,2026-09-26T17:16:49.630Z,
ACK,7519,2026-09-26T17:16:49.733Z,
ACK,7520,2026-09-26T17:16:49.854Z,
ACK,7521,2026-09-26T17:16:49.931Z,
ACK,7522,2026-09-26T17:16:50.035Z,
ACK,7523,2026-09-26T17:16:50.131Z,
ACK,7524,2026-09-26T17:16:50.233Z,
ACK,7525,2026-09-26T17:16:50.334Z,
ACK,7526,2026-09-26T17:16:50.438Z,
ACK,7527,2026-09-26T17:16:50.536Z,
ACK,7528,2026-09-26T17:16:50.634Z,
ACK,7529,2026-09-26T17:16:50.744Z,
ACK,7530,2026-09-26T17:16:50.837Z,
ACK,7531,2026-09-26T17:16:50.993Z,
ACK,7532,2026-09-26T17:16:51.055Z,
ACK,7533,2026-09-26T17:16:51.158Z,
ACK,7534,2026-09-26T17:16:51.308Z,
ACK,7535,2026-09-26T17:16:51.364Z,
ACK,7536,2026-09-26T17:16:51.534Z,
ACK,7537,2026-09-26T17:16:51.605Z,
ACK,7538,2026-09-26T17:16:51.698Z,
ACK,7539,2026-09-26T17:16:51.792Z,
ACK,7540,2026-09-26T17:16:51.908Z,
ACK,7541,2026-09-26T17:16:52.010Z,
ACK,7542,2026-09-26T17:16:52.228Z,
ACK,7543,2026-09-26T17:16:52.287Z,
ACK,7544,2026-09-26T17:16:52.385Z,
ACK,7545,2026-09-26T17:16:52.516Z,
ACK,7546,2026-09-26T17:16:52.589Z,
ACK,7547,2026-09-26T17:16:52.684Z,
ACK,7548,2026-09-26T17:16:52.796Z,
ACK,7549,2026-09-26T17:16:52.912Z,
ACK,7550,2026-09-26T17:16:53.012Z,
ACK,7551,2026-09-26T17:16:53.228Z,
ACK,7552,2026-09-26T17:16:53.284Z,
ACK,7553,2026-09-26T17:16:53.389Z,
ACK,7554,2026-09-26T17:16:53.490Z,
ACK,7555,2026-09-26T17:16:53.589Z,
ACK,7556,2026-09-26T17:16:53.687Z,
ACK,7557,2026-09-26T17:16:53.786Z,
ACK,7558,2026-09-26T17:16:53.890Z,
ACK,7559,2026-09-26T17:16:53.988Z,
ACK,7560,2026-09-26T17:16:54.117Z,
ACK,7561,2026-09-26T17:16:54.189Z,
ACK,7562,2026-09-26T17:16:54.286Z,
ACK,7563,2026-09-26T17:16:54.392Z,
ACK,7564,2026-09-26T17:16:54.492Z,
ACK,7565,2026-09-26T17:16:54.593Z,
ACK,7566,2026-09-26T17:16:54.689Z,
ACK,7567,2026-09-26T17:16:54.798Z,
ACK,7568,2026-09-26T17:16:54.921Z,
ACK,7569,2026-09-26T17:16:54.993Z,
ACK,7570,2026-09-26T17:16:55.228Z,
ACK,7571,2026-09-26T17:16:55.286Z,
ACK,7572,2026-09-26T17:16:55.401Z,
ACK,7573,2026-09-26T17:16:55.491Z,
ACK,7574,2026-09-26T17:16:55.595Z,
ACK,7575,2026-09-26T17:16:55.693Z,
ACK,7576,2026-09-26T17:16:55.787Z,
ACK,7577,2026-09-26T17:16:55.901Z,
ACK,7578,2026-09-26T17:16:55.988Z,
ACK,7579,2026-09-26T17:16:56.126Z,
ACK,7580,2026-09-26T17:16:56.201Z,
ACK,7581,2026-09-26T17:16:56.298Z,
ACK,7582,2026-09-26T17:16:56.625Z,
ACK,7583,2026-09-26T17:16:56.718Z,
ACK,7584,2026-09-26T17:16:56.786Z,
ACK,7585,2026-09-26T17:16:56.909Z,
ACK,7586,2026-09-26T17:16:56.987Z,
ACK,7587,2026-09-26T17:16:57.221Z,
ACK,7588,2026-09-26T17:16:57.283Z,
ACK,7589,2026-09-26T17:16:57.378Z,
ACK,7590,2026-09-26T17:16:57.481Z,
ACK,7591,2026-09-26T17:16:57.582Z,
ACK,7592,2026-09-26T17:16:57.678Z,
ACK,7593,2026-09-26T17:16:57.777Z,
ACK,7594,2026-09-26T17:16:57.888Z,
ACK,7595,2026-09-26T17:16:57.998Z,
ACK,7596,2026-09-26T17:16:58.081Z,
ACK,7597,2026-09-26T17:16:58.182Z,
ACK,7598,2026-09-26T17:16:58.281Z,
ACK,7599,2026-09-26T17:16:58.419Z,
ACK,7600,2026-09-26T17:16:58.489Z,
ACK,7601,2026-09-26T17:16:58.589Z,
ACK,7602,2026-09-26T17:16:58.689Z,
ACK,7603,2026-09-26T17:16:58.793Z,
ACK,7604,2026-09-26T17:16:58.889Z,
ACK,7605,2026-09-26T17:16:59.037Z,
ACK,7606,2026-09-26T17:16:59.108Z,
ACK,7607,2026-09-26T17:16:59.199Z,
ACK,7608,2026-09-26T17:16:59.299Z,
ACK,7609,2026-09-26T17:16:59.416Z,
ACK,7610,2026-09-26T17:16:59.500Z,
ACK,7611,2026-09-26T17:16:59.600Z,
ACK,7612,2026-09-26T17:16:59.716Z,
ACK,7613,2026-09-26T17:16:59.889Z,
ACK,7614,2026-09-26T17:16:59.959Z,
ACK,7615,2026-09-26T17:17:00.049Z,
ACK,7616,2026-09-26T17:17:00.153Z,
ACK,7617,2026-09-26T17:17:00.249Z,
ACK,7618,2026-09-26T17:17:00.352Z,
ACK,7619,2026-09-26T17:17:00.458Z,
ACK,7620,2026-09-26T17:17:00.547Z,
ACK,7621,2026-09-26T17:17:00.671Z,
ACK,7622,2026-09-26T17:17:00.749Z,
ACK,7623,2026-09-26T17:17:00.876Z,
ACK,7624,2026-09-26T17:17:00.953Z,
ACK,7625,2026-09-26T17:17:01.056Z,
ACK,7626,2026-09-26T17:17:01.228Z,
ACK,7627,2026-09-26T17:17:01.291Z,
ACK,7628,2026-09-26T17:17:01.388Z,
ACK,7629,2026-09-26T17:17:01.587Z,
ACK,7630,2026-09-26T17:17:01.650Z,
ACK,7631,2026-09-26T17:17:01.746Z,
ACK,7632,2026-09-26T17:17:01.845Z,
ACK,7633,2026-09-26T17:17:01.982Z,
ACK,7634,2026-09-26T17:17:02.048Z,
ACK,7635,2026-09-26T17:17:02.148Z,
ACK,7636,2026-09-26T17:17:02.273Z,
ACK,7637,2026-09-26T17:17:02.353Z,
ACK,7638,2026-09-26T17:17:02.450Z,
ACK,7639,2026-09-26T17:17:02.550Z,
ACK,7640,2026-09-26T17:17:02.649Z,
ACK,7641,2026-09-26T17:17:02.765Z,
ACK,7642,2026-09-26T17:17:02.852Z,
ACK,7643,2026-09-26T17:17:02.955Z,
ACK,7644,2026-09-26T17:17:03.061Z,
ACK,7645,2026-09-26T17:17:03.153Z,
ACK,7646,2026-09-26T17:17:03.259Z,
ACK,7647,2026-09-26T17:17:03.354Z,
ACK,7648,2026-09-26T17:17:03.463Z,
ACK,7649,2026-09-26T17:17:03.554Z,
ACK,7650,2026-09-26T17:17:03.653Z,
ACK,7651,2026-09-26T17:17:03.755Z,
ACK,7652,2026-09-26T17:17:03.862Z,
ACK,7653,2026-09-26T17:17:04.005Z,
ACK,7654,2026-09-26T17:17:04.077Z,
ACK,7655,2026-09-26T17:17:04.173Z,
ACK,7656,2026-09-26T17:17:04.278Z,
ACK,7657,2026-09-26T17:17:04.398Z,
ACK,7658,2026-09-26T17:17:04.466Z,
ACK,7659,2026-09-26T17:17:04.568Z,
ACK,7660,2026-09-26T17:17:04.733Z,
ACK,7661,2026-09-26T17:17:04.792Z,
ACK,7662,2026-09-26T17:17:04.908Z,
ACK,7663,2026-09-26T17:17:05.069Z,
ACK,7664,2026-09-26T17:17:05.128Z,
ACK,7665,2026-09-26T17:17:05.262Z,
ACK,7666,2026-09-26T17:17:05.330Z,
ACK,7667,2026-09-26T17:17:05.427Z,
ACK,7668,2026-09-26T17:17:05.528Z,
ACK,7669,2026-09-26T17:17:05.631Z,
ACK,7670,2026-09-26T17:17:05.772Z,
ACK,7671,2026-09-26T17:17:05.858Z,
ACK,7672,2026-09-26T17:17:05.939Z,
ACK,7673,2026-09-26T17:17:06.108Z,
ACK,7674,2026-09-26T17:17:06.170Z,
ACK,7675,2026-09-26T17:17:06.267Z,
ACK,7676,2026-09-26T17:17:06.414Z,
ACK,7677,2026-09-26T17:17:06.473Z,
ACK,7678,2026-09-26T17:17:06.595Z,
ACK,7679,2026-09-26T17:17:06.695Z,
ACK,7680,2026-09-26T17:17:06.807Z,
ACK,7681,2026-09-26T17:17:06.875Z,
ACK,7682,2026-09-26T17:17:06.984Z,
ACK,7683,2026-09-26T17:17:07.086Z,
ACK,7684,2026-09-26T17:17:07.179Z,
ACK,7685,2026-09-26T17:17:07.277Z,
ACK,7686,2026-09-26T17:17:07.387Z,
ACK,7687,2026-09-26T17:17:07.487Z,
ACK,7688,2026-09-26T17:17:07.586Z,
ACK,7689,2026-09-26T17:17:07.676Z,
ACK,7690,2026-09-26T17:17:07.800Z,
ACK,7691,2026-09-26T17:17:08.016Z,
ACK,7692,2026-09-26T17:17:08.081Z,
ACK,7693,2026-09-26T17:17:08.174Z,
ACK,7694,2026-09-26T17:17:08.278Z,
ACK,7695,2026-09-26T17:17:08.378Z,
ACK,7696,2026-09-26T17:17:08.498Z,
ACK,7697,2026-09-26T17:17:08.577Z,
ACK,7698,2026-09-26T17:17:08.733Z,
ACK,7699,2026-09-26T17:17:08.792Z,
ACK,7700,2026-09-26T17:17:08.899Z,
ACK,7701,2026-09-26T17:17:08.993Z,
ACK,7702,2026-09-26T17:17:09.092Z,
ACK,7703,2026-09-26T17:17:09.194Z,
ACK,7704,2026-09-26T17:17:09.297Z,
ACK,7705,2026-09-26T17:17:09.393Z,
ACK,7706,2026-09-26T17:17:09.499Z,
ACK,7707,2026-09-26T17:17:09.594Z,
ACK,7708,2026-09-26T17:17:09.712Z,
ACK,7709,2026-09-26T17:17:09.826Z,
ACK,7710,2026-09-26T17:17:09.900Z,
ACK,7711,2026-09-26T17:17:10.001Z,
ACK,7712,2026-09-26T17:17:10.098Z,
ACK,7713,2026-09-26T17:17:10.196Z,
ACK,7714,2026-09-26T17:17:10.306Z,
ACK,7715,2026-09-26T17:17:10.399Z,
ACK,7716,2026-09-26T17:17:10.499Z,
ACK,7717,2026-09-26T17:17:10.632Z,
ACK,7718,2026-09-26T17:17:10.702Z,
ACK,7719,2026-09-26T17:17:10.813Z,
ACK,7720,2026-09-26T17:17:10.899Z,
ACK,7721,2026-09-26T17:17:11.003Z,
ACK,7722,2026-09-26T17:17:11.108Z,
ACK,7723,2026-09-26T17:17:11.201Z,
ACK,7724,2026-09-26T17:17:11.301Z,
ACK,7725,2026-09-26T17:17:11.406Z,
ACK,7726,2026-09-26T17:17:11.507Z,
ACK,7727,2026-09-26T17:17:11.612Z,
ACK,7728,2026-09-26T17:17:11.704Z,
ACK,7729,2026-09-26T17:17:11.807Z,
ACK,7730,2026-09-26T17:17:11.905Z,
ACK,7731,2026-09-26T17:17:12.018Z,
ACK,7732,2026-09-26T17:17:12.169Z,
ACK,7733,2026-09-26T17:17:12.251Z,
ACK,7734,2026-09-26T17:17:12.337Z,
ACK,7735,2026-09-26T17:17:12.431Z,
ACK,7736,2026-09-26T17:17:12.554Z,
ACK,7737,2026-09-26T17:17:12.631Z,
ACK,7738,2026-09-26T17:17:12.744Z,
ACK,7739,2026-09-26T17:17:12.835Z,
ACK,7740,2026-09-26T17:17:12.953Z,
ACK,7741,2026-09-26T17:17:13.048Z,
ACK,7742,2026-09-26T17:17:13.136Z,
ACK,7743,2026-09-26T17:17:13.233Z,
ACK,7744,2026-09-26T17:17:13.521Z,
ACK,7745,2026-09-26T17:17:13.581Z,
ACK,7746,2026-09-26T17:17:13.708Z,
ACK,7747,2026-09-26T17:17:13.907Z,
ACK,7748,2026-09-26T17:17:14.007Z,
ACK,7749,2026-09-26T17:17:14.073Z,
ACK,7750,2026-09-26T17:17:14.172Z,
ACK,7751,2026-09-26T17:17:14.283Z,
ACK,7752,2026-09-26T17:17:14.396Z,
ACK,7753,2026-09-26T17:17:14.477Z,
ACK,7754,2026-09-26T17:17:14.625Z,
ACK,7755,2026-09-26T17:17:14.693Z,
ACK,7756,2026-09-26T17:17:14.785Z,
ACK,7757,2026-09-26T17:17:14.960Z,
ACK,7758,2026-09-26T17:17:15.045Z,
ACK,7759,2026-09-26T17:17:15.123Z,
ACK,7760,2026-09-26T17:17:15.218Z,
ACK,7761,2026-09-26T17:17:15.360Z,
ACK,7762,2026-09-26T17:17:15.422Z,
ACK,7763,2026-09-26T17:17:15.527Z,
ACK,7764,2026-09-26T17:17:15.629Z,
ACK,7765,2026-09-26T17:17:15.767Z,
ACK,7766,2026-09-26T17:17:15.828Z,
ACK,7767,2026-09-26T17:17:15.932Z,
ACK,7768,2026-09-26T17:17:16.028Z,
ACK,7769,2026-09-26T17:17:16.128Z,
ACK,7770,2026-09-26T17:17:16.238Z,
ACK,7771,2026-09-26T17:17:16.328Z,
ACK,7772,2026-09-26T17:17:16.429Z,
ACK,7773,2026-09-26T17:17:16.528Z,
ACK,7774,2026-09-26T17:17:16.638Z,
ACK,7775,2026-09-26T17:17:16.739Z,
ACK,7776,2026-09-26T17:17:16.836Z,
ACK,7777,2026-09-26T17:17:16.930Z,
ACK,7778,2026-09-26T17:17:17.033Z,
ACK,7779,2026-09-26T17:17:17.218Z,
ACK,7780,2026-09-26T17:17:17.278Z,
ACK,7781,2026-09-26T17:17:17.379Z,
ACK,7782,2026-09-26T17:17:17.477Z,
ACK,7783,2026-09-26T17:17:17.588Z,
ACK,7784,2026-09-26T17:17:17.678Z,
ACK,7785,2026-09-26T17:17:17.781Z,
ACK,7786,2026-09-26T17:17:17.882Z,
ACK,7787,2026-09-26T17:17:17.979Z,
ACK,7788,2026-09-26T17:17:18.091Z,
ACK,7789,2026-09-26T17:17:18.193Z,
ACK,7790,2026-09-26T17:17:18.281Z,
ACK,7791,2026-09-26T17:17:18.380Z,
ACK,7792,2026-09-26T17:17:18.477Z,
ACK,7793,2026-09-26T17:17:18.597Z,
ACK,7794,2026-09-26T17:17:18.706Z,
ACK,7795,2026-09-26T17:17:18.817Z,
ACK,7796,2026-09-26T17:17:18.888Z,
ACK,7797,2026-09-26T17:17:18.982Z,
ACK,7798,2026-09-26T17:17:19.102Z,
ACK,7799,2026-09-26T17:17:19.202Z,
ACK,7800,2026-09-26T17:17:19.318Z,
ACK,7801,2026-09-26T17:17:19.384Z,
ACK,7802,2026-09-26T17:17:19.490Z,
ACK,7803,2026-09-26T17:17:19.583Z,
ACK,7804,2026-09-26T17:17:19.717Z,
ACK,7805,2026-09-26T17:17:19.785Z,
ACK,7806,2026-09-26T17:17:19.880Z,
ACK,7807,2026-09-26T17:17:19.992Z,
ACK,7808,2026-09-26T17:17:20.089Z,
ACK,7809,2026-09-26T17:17:20.188Z,
ACK,7810,2026-09-26T17:17:20.294Z,
ACK,7811,2026-09-26T17:17:20.406Z,
ACK,7812,2026-09-26T17:17:20.488Z,
ACK,7813,2026-09-26T17:17:20.593Z,
ACK,7814,2026-09-26T17:17:20.689Z,
ACK,7815,2026-09-26T17:17:20.799Z,
ACK,7816,2026-09-26T17:17:20.930Z,
ACK,7817,2026-09-26T17:17:20.994Z,
ACK,7818,2026-09-26T17:17:21.096Z,
ACK,7819,2026-09-26T17:17:21.218Z,
ACK,7820,2026-09-26T17:17:21.293Z,
ACK,7821,2026-09-26T17:17:21.392Z,
ACK,7822,2026-09-26T17:17:21.493Z,
ACK,7823,2026-09-26T17:17:21.600Z,
ACK,7824,2026-09-26T17:17:21.693Z,
ACK,7825,2026-09-26T17:17:21.797Z,
ACK,7826,2026-09-26T17:17:21.896Z,
ACK,7827,2026-09-26T17:17:21.991Z,
ACK,7828,2026-09-26T17:17:22.095Z,
ACK,7829,2026-09-26T17:17:22.201Z,
ACK,7830,2026-09-26T17:17:22.300Z,
ACK,7831,2026-09-26T17:17:22.397Z,
ACK,7832,2026-09-26T17:17:22.499Z,
ACK,7833,2026-09-26T17:17:22.608Z,
ACK,7834,2026-09-26T17:17:22.698Z,
ACK,7835,2026-09-26T17:17:22.794Z,
ACK,7836,2026-09-26T17:17:22.903Z,
ACK,7837,2026-09-26T17:17:23.020Z,
ACK,7838,2026-09-26T17:17:23.099Z,
ACK,7839,2026-09-26T17:17:23.194Z,
ACK,7840,2026-09-26T17:17:23.299Z,
ACK,7841,2026-09-26T17:17:23.399Z,
ACK,7842,2026-09-26T17:17:23.531Z,
ACK,7843,2026-09-26T17:17:23.644Z,
ACK,7844,2026-09-26T17:17:23.764Z,
ACK,7845,2026-09-26T17:17:23.918Z,
ACK,7846,2026-09-26T17:17:24.076Z,
ACK,7847,2026-09-26T17:17:24.184Z,
ACK,7848,2026-09-26T17:17:24.447Z,
ACK,7849,2026-09-26T17:17:24.728Z,
ACK,7850,2026-09-26T17:17:25.197Z,
ACK,7851,2026-09-26T17:17:25.561Z,
ACK,7852,2026-09-26T17:17:25.676Z,
ACK,7853,2026-09-26T17:17:25.822Z,
ACK,7854,2026-09-26T17:17:25.961Z,
ACK,7855,2026-09-26T17:17:26.100Z,
ACK,7856,2026-09-26T17:17:26.219Z,
ACK,7857,2026-09-26T17:17:26.325Z,
ACK,7858,2026-09-26T17:17:26.448Z,
ACK,7859,2026-09-26T17:17:26.565Z,
ACK,7860,2026-09-26T17:17:26.684Z,
ACK,7861,2026-09-26T17:17:26.792Z,
ACK,7862,2026-09-26T17:17:26.920Z,
ACK,7863,2026-09-26T17:17:27.030Z,
ACK,7864,2026-09-26T17:17:27.171Z,
ACK,7865,2026-09-26T17:17:27.292Z,
ACK,7866,2026-09-26T17:17:27.413Z,
ACK,7867,2026-09-26T17:17:27.561Z,
ACK,7868,2026-09-26T17:17:27.678Z,
ACK,7869,2026-09-26T17:17:27.789Z,
ACK,7870,2026-09-26T17:17:27.906Z,
ACK,7871,2026-09-26T17:17:28.059Z,
ACK,7872,2026-09-26T17:17:28.161Z,
ACK,7873,2026-09-26T17:17:28.262Z,
ACK,7874,2026-09-26T17:17:28.387Z,
ACK,7875,2026-09-26T17:17:28.522Z,
ACK,7876,2026-09-26T17:17:28.640Z,
ACK,7877,2026-09-26T17:17:28.744Z,
ACK,7878,2026-09-26T17:17:28.875Z,
ACK,7879,2026-09-26T17:17:29.007Z,
ACK,7880,2026-09-26T17:17:29.211Z,
ACK,7881,2026-09-26T17:17:29.398Z,
ACK,7882,2026-09-26T17:17:29.523Z,
ACK,7883,2026-09-26T17:17:29.631Z,
ACK,7884,2026-09-26T17:17:29.756Z,
ACK,7885,2026-09-26T17:17:29.938Z,
ACK,7886,2026-09-26T17:17:30.039Z,
ACK,7887,2026-09-26T17:17:30.146Z,
ACK,7888,2026-09-26T17:17:30.475Z,
ACK,7889,2026-09-26T17:17:30.586Z,
ACK,7890,2026-09-26T17:17:30.695Z,
ACK,7891,2026-09-26T17:17:30.799Z,
ACK,7892,2026-09-26T17:17:30.954Z,
ACK,7893,2026-09-26T17:17:31.067Z,
ACK,7894,2026-09-26T17:17:31.218Z,
ACK,7895,2026-09-26T17:17:31.468Z,
ACK,7896,2026-09-26T17:17:31.600Z,
FAIL,7897,2026-09-26T17:17:34.613Z,no response within 3s
FAIL,7897,2026-09-26T17:17:42.621Z,no response within 8s
FAIL,7897,2026-09-26T17:17:50.629Z,no response within 8s
FAIL,7897,2026-09-26T17:17:58.638Z,no response within 8s
FAIL,7897,2026-09-26T17:18:06.649Z,no response within 8s
FAIL,7897,2026-09-26T17:18:14.663Z,no response within 8s
FAIL,7897,2026-09-26T17:18:22.669Z,no response within 8s
FAIL,7897,2026-09-26T17:18:30.677Z,no response within 8s
FAIL,7897,2026-09-26T17:18:38.691Z,no response within 8s
FAIL,7897,2026-09-26T17:18:46.701Z,no response within 8s
FAIL,7897,2026-09-26T17:18:54.713Z,no response within 8s
FAIL,7897,2026-09-26T17:19:02.718Z,no response within 8s
FAIL,7897,2026-09-26T17:19:10.729Z,no response within 8s
FAIL,7897,2026-09-26T17:19:18.743Z,no response within 8s
FAIL,7897,2026-09-26T17:19:26.748Z,no response within 8s
FAIL,7897,2026-09-26T17:19:34.754Z,no response within 8s
FAIL,7897,2026-09-26T17:19:42.758Z,no response within 8s
FAIL,7897,2026-09-26T17:19:50.770Z,no response within 8s
FAIL,7897,2026-09-26T17:19:58.771Z,no response within 8s
FAIL,7897,2026-09-26T17:20:06.774Z,no response within 8s
FAIL,7897,2026-09-26T17:20:14.778Z,no response within 8s
FAIL,7897,2026-09-26T17:20:22.794Z,no response within 8s
FAIL,7897,2026-09-26T17:20:30.801Z,no response within 8s
FAIL,7897,2026-09-26T17:20:38.816Z,no response within 8s
FAIL,7897,2026-09-26T17:20:46.828Z,no response within 8s
FAIL,7897,2026-09-26T17:20:54.843Z,no response within 8s
FAIL,7897,2026-09-26T17:21:02.855Z,no response within 8s
FAIL,7897,2026-09-26T17:21:10.870Z,no response within 8s
FAIL,7897,2026-09-26T17:21:18.873Z,no response within 8s
FAIL,7897,2026-09-26T17:21:26.888Z,no response within 8s
FAIL,7897,2026-09-26T17:21:34.891Z,no response within 8s
FAIL,7897,2026-09-26T17:21:42.892Z,no response within 8s
FAIL,7897,2026-09-26T17:21:50.893Z,no response within 8s
