event,seq,utc,detail
RECONNECT,1,2026-09-26T17:00:40.887Z,connected
ACK,1,2026-09-26T17:00:40.987Z,
ACK,2,2026-09-26T17:00:41.103Z,
ACK,3,2026-09-26T17:00:41.207Z,
ACK,4,2026-09-26T17:00:41.301Z,
ACK,5,2026-09-26T17:00:41.406Z,
ACK,6,2026-09-26T17:00:41.508Z,
ACK,7,2026-09-26T17:00:41.623Z,
ACK,8,2026-09-26T17:00:41.746Z,
ACK,9,2026-09-26T17:00:41.853Z,
ACK,10,2026-09-26T17:00:41.982Z,
ACK,11,2026-09-26T17:00:42.089Z,
ACK,12,2026-09-26T17:00:42.184Z,
ACK,13,2026-09-26T17:00:42.288Z,
ACK,14,2026-09-26T17:00:42.416Z,
ACK,15,2026-09-26T17:00:42.532Z,
ACK,16,2026-09-26T17:00:42.673Z,
ACK,17,2026-09-26T17:00:42.771Z,
ACK,18,2026-09-26T17:00:42.876Z,
ACK,19,2026-09-26T17:00:42.975Z,
ACK,20,2026-09-26T17:00:43.074Z,
ACK,21,2026-09-26T17:00:43.177Z,
ACK,22,2026-09-26T17:00:43.275Z,
ACK,23,2026-09-26T17:00:43.587Z,
ACK,24,2026-09-26T17:00:43.687Z,
ACK,25,2026-09-26T17:00:43.783Z,
ACK,26,2026-09-26T17:00:43.892Z,
ACK,27,2026-09-26T17:00:43.988Z,
ACK,28,2026-09-26T17:00:44.090Z,
ACK,29,2026-09-26T17:00:44.288Z,
ACK,30,2026-09-26T17:00:44.393Z,
ACK,31,2026-09-26T17:00:44.492Z,
ACK,32,2026-09-26T17:00:44.599Z,
ACK,33,2026-09-26T17:00:44.698Z,
ACK,34,2026-09-26T17:00:44.806Z,
ACK,35,2026-09-26T17:00:44.908Z,
ACK,36,2026-09-26T17:00:45.014Z,
ACK,37,2026-09-26T17:00:45.128Z,
ACK,38,2026-09-26T17:00:45.237Z,
ACK,39,2026-09-26T17:00:45.365Z,
ACK,40,2026-09-26T17:00:45.502Z,
ACK,41,2026-09-26T17:00:45.639Z,
ACK,42,2026-09-26T17:00:45.781Z,
ACK,43,2026-09-26T17:00:45.912Z,
ACK,44,2026-09-26T17:00:46.043Z,
ACK,45,2026-09-26T17:00:46.185Z,
ACK,46,2026-09-26T17:00:46.300Z,
ACK,47,2026-09-26T17:00:46.440Z,
ACK,48,2026-09-26T17:00:46.548Z,
ACK,49,2026-09-26T17:00:46.646Z,
ACK,50,2026-09-26T17:00:46.750Z,
ACK,51,2026-09-26T17:00:46.851Z,
ACK,52,2026-09-26T17:00:46.951Z,
ACK,53,2026-09-26T17:00:47.047Z,
ACK,54,2026-09-26T17:00:47.150Z,
ACK,55,2026-09-26T17:00:47.249Z,
ACK,56,2026-09-26T17:00:47.529Z,
ACK,57,2026-09-26T17:00:47.645Z,
ACK,58,2026-09-26T17:00:47.743Z,
ACK,59,2026-09-26T17:00:47.853Z,
ACK,60,2026-09-26T17:00:47.955Z,
ACK,61,2026-09-26T17:00:48.065Z,
ACK,62,2026-09-26T17:00:48.167Z,
ACK,63,2026-09-26T17:00:48.266Z,
ACK,64,2026-09-26T17:00:48.460Z,
ACK,65,2026-09-26T17:00:48.565Z,
ACK,66,2026-09-26T17:00:48.661Z,
ACK,67,2026-09-26T17:00:48.762Z,
ACK,68,2026-09-26T17:00:48.861Z,
ACK,69,2026-09-26T17:00:48.962Z,
ACK,70,2026-09-26T17:00:49.061Z,
ACK,71,2026-09-26T17:00:49.169Z,
ACK,72,2026-09-26T17:00:49.266Z,
ACK,73,2026-09-26T17:00:49.367Z,
ACK,74,2026-09-26T17:00:49.463Z,
ACK,75,2026-09-26T17:00:49.566Z,
ACK,76,2026-09-26T17:00:49.675Z,
ACK,77,2026-09-26T17:00:49.881Z,
ACK,78,2026-09-26T17:00:49.986Z,
ACK,79,2026-09-26T17:00:50.084Z,
ACK,80,2026-09-26T17:00:50.183Z,
ACK,81,2026-09-26T17:00:50.287Z,
ACK,82,2026-09-26T17:00:50.389Z,
ACK,83,2026-09-26T17:00:50.494Z,
ACK,84,2026-09-26T17:00:50.595Z,
ACK,85,2026-09-26T17:00:50.715Z,
ACK,86,2026-09-26T17:00:50.812Z,
ACK,87,2026-09-26T17:00:50.918Z,
ACK,88,2026-09-26T17:00:51.012Z,
ACK,89,2026-09-26T17:00:51.132Z,
ACK,90,2026-09-26T17:00:51.233Z,
ACK,91,2026-09-26T17:00:51.330Z,
ACK,92,2026-09-26T17:00:51.429Z,
ACK,93,2026-09-26T17:00:51.530Z,
ACK,94,2026-09-26T17:00:51.633Z,
ACK,95,2026-09-26T17:00:51.741Z,
ACK,96,2026-09-26T17:00:51.842Z,
ACK,97,2026-09-26T17:00:51.947Z,
ACK,98,2026-09-26T17:00:52.061Z,
ACK,99,2026-09-26T17:00:52.191Z,
ACK,100,2026-09-26T17:00:52.292Z,
ACK,101,2026-09-26T17:00:52.394Z,
ACK,102,2026-09-26T17:00:52.487Z,
ACK,103,2026-09-26T17:00:52.592Z,
ACK,104,2026-09-26T17:00:52.691Z,
ACK,105,2026-09-26T17:00:52.793Z,
ACK,106,2026-09-26T17:00:52.901Z,
ACK,107,2026-09-26T17:00:52.996Z,
ACK,108,2026-09-26T17:00:53.106Z,
ACK,109,2026-09-26T17:00:53.344Z,
ACK,110,2026-09-26T17:00:53.521Z,
ACK,111,2026-09-26T17:00:53.642Z,
ACK,112,2026-09-26T17:00:53.758Z,
ACK,113,2026-09-26T17:00:53.859Z,
ACK,114,2026-09-26T17:00:53.959Z,
ACK,115,2026-09-26T17:00:54.111Z,
ACK,116,2026-09-26T17:00:54.214Z,
ACK,117,2026-09-26T17:00:54.340Z,
ACK,118,2026-09-26T17:00:54.440Z,
ACK,119,2026-09-26T17:00:54.539Z,
ACK,120,2026-09-26T17:00:54.639Z,
ACK,121,2026-09-26T17:00:54.757Z,
ACK,122,2026-09-26T17:00:54.853Z,
ACK,123,2026-09-26T17:00:54.959Z,
ACK,124,2026-09-26T17:00:55.056Z,
ACK,125,2026-09-26T17:00:55.167Z,
ACK,126,2026-09-26T17:00:55.263Z,
ACK,127,2026-09-26T17:00:55.363Z,
ACK,128,2026-09-26T17:00:55.465Z,
ACK,129,2026-09-26T17:00:55.565Z,
ACK,130,2026-09-26T17:00:55.663Z,
ACK,131,2026-09-26T17:00:55.765Z,
ACK,132,2026-09-26T17:00:55.865Z,
ACK,133,2026-09-26T17:00:55.968Z,
ACK,134,2026-09-26T17:00:56.099Z,
ACK,135,2026-09-26T17:00:56.196Z,
ACK,136,2026-09-26T17:00:56.306Z,
ACK,137,2026-09-26T17:00:56.401Z,
ACK,138,2026-09-26T17:00:56.503Z,
ACK,139,2026-09-26T17:00:56.604Z,
ACK,140,2026-09-26T17:00:56.712Z,
ACK,141,2026-09-26T17:00:56.807Z,
ACK,142,2026-09-26T17:00:56.907Z,
ACK,143,2026-09-26T17:00:57.008Z,
ACK,144,2026-09-26T17:00:57.109Z,
ACK,145,2026-09-26T17:00:57.213Z,
ACK,146,2026-09-26T17:00:57.310Z,
ACK,147,2026-09-26T17:00:57.413Z,
ACK,148,2026-09-26T17:00:57.538Z,
ACK,149,2026-09-26T17:00:57.633Z,
ACK,150,2026-09-26T17:00:57.736Z,
ACK,151,2026-09-26T17:00:57.834Z,
ACK,152,2026-09-26T17:00:57.932Z,
ACK,153,2026-09-26T17:00:58.038Z,
ACK,154,2026-09-26T17:00:58.136Z,
ACK,155,2026-09-26T17:00:58.236Z,
ACK,156,2026-09-26T17:00:58.335Z,
ACK,157,2026-09-26T17:00:58.437Z,
ACK,158,2026-09-26T17:00:58.543Z,
ACK,159,2026-09-26T17:00:58.641Z,
ACK,160,2026-09-26T17:00:58.749Z,
ACK,161,2026-09-26T17:00:58.847Z,
ACK,162,2026-09-26T17:00:58.950Z,
ACK,163,2026-09-26T17:00:59.049Z,
ACK,164,2026-09-26T17:00:59.146Z,
ACK,165,2026-09-26T17:00:59.303Z,
ACK,166,2026-09-26T17:00:59.408Z,
ACK,167,2026-09-26T17:00:59.503Z,
ACK,168,2026-09-26T17:00:59.604Z,
ACK,169,2026-09-26T17:00:59.709Z,
ACK,170,2026-09-26T17:00:59.805Z,
ACK,171,2026-09-26T17:00:59.906Z,
ACK,172,2026-09-26T17:01:00.014Z,
ACK,173,2026-09-26T17:01:00.136Z,
ACK,174,2026-09-26T17:01:00.247Z,
ACK,175,2026-09-26T17:01:00.346Z,
ACK,176,2026-09-26T17:01:00.450Z,
ACK,177,2026-09-26T17:01:00.548Z,
ACK,178,2026-09-26T17:01:00.648Z,
ACK,179,2026-09-26T17:01:00.749Z,
ACK,180,2026-09-26T17:01:00.856Z,
ACK,181,2026-09-26T17:01:00.954Z,
ACK,182,2026-09-26T17:01:01.088Z,
ACK,183,2026-09-26T17:01:01.200Z,
ACK,184,2026-09-26T17:01:01.300Z,
ACK,185,2026-09-26T17:01:01.405Z,
ACK,186,2026-09-26T17:01:01.502Z,
ACK,187,2026-09-26T17:01:01.606Z,
ACK,188,2026-09-26T17:01:01.706Z,
ACK,189,2026-09-26T17:01:01.804Z,
ACK,190,2026-09-26T17:01:01.902Z,
ACK,191,2026-09-26T17:01:02.000Z,
ACK,192,2026-09-26T17:01:02.104Z,
ACK,193,2026-09-26T17:01:02.213Z,
ACK,194,2026-09-26T17:01:02.321Z,
ACK,195,2026-09-26T17:01:02.428Z,
ACK,196,2026-09-26T17:01:02.527Z,
ACK,197,2026-09-26T17:01:02.627Z,
ACK,198,2026-09-26T17:01:02.729Z,
ACK,199,2026-09-26T17:01:02.828Z,
ACK,200,2026-09-26T17:01:02.924Z,
ACK,201,2026-09-26T17:01:03.026Z,
ACK,202,2026-09-26T17:01:03.128Z,
ACK,203,2026-09-26T17:01:03.232Z,
ACK,204,2026-09-26T17:01:03.333Z,
ACK,205,2026-09-26T17:01:03.429Z,
ACK,206,2026-09-26T17:01:03.534Z,
ACK,207,2026-09-26T17:01:03.634Z,
ACK,208,2026-09-26T17:01:03.730Z,
ACK,209,2026-09-26T17:01:03.845Z,
ACK,210,2026-09-26T17:01:03.967Z,
ACK,211,2026-09-26T17:01:04.069Z,
ACK,212,2026-09-26T17:01:04.206Z,
ACK,213,2026-09-26T17:01:04.422Z,
ACK,214,2026-09-26T17:01:04.526Z,
ACK,215,2026-09-26T17:01:04.628Z,
ACK,216,2026-09-26T17:01:04.739Z,
ACK,217,2026-09-26T17:01:04.832Z,
ACK,218,2026-09-26T17:01:04.960Z,
ACK,219,2026-09-26T17:01:05.063Z,
ACK,220,2026-09-26T17:01:05.165Z,
ACK,221,2026-09-26T17:01:05.273Z,
ACK,222,2026-09-26T17:01:05.374Z,
ACK,223,2026-09-26T17:01:05.490Z,
ACK,224,2026-09-26T17:01:05.590Z,
ACK,225,2026-09-26T17:01:05.708Z,
ACK,226,2026-09-26T17:01:05.809Z,
ACK,227,2026-09-26T17:01:05.926Z,
ACK,228,2026-09-26T17:01:06.046Z,
ACK,229,2026-09-26T17:01:06.162Z,
ACK,230,2026-09-26T17:01:06.264Z,
ACK,231,2026-09-26T17:01:06.364Z,
ACK,232,2026-09-26T17:01:06.462Z,
ACK,233,2026-09-26T17:01:06.563Z,
ACK,234,2026-09-26T17:01:06.666Z,
ACK,235,2026-09-26T17:01:06.763Z,
ACK,236,2026-09-26T17:01:06.872Z,
ACK,237,2026-09-26T17:01:06.968Z,
ACK,238,2026-09-26T17:01:07.084Z,
ACK,239,2026-09-26T17:01:07.205Z,
ACK,240,2026-09-26T17:01:07.315Z,
ACK,241,2026-09-26T17:01:07.415Z,
ACK,242,2026-09-26T17:01:07.518Z,
ACK,243,2026-09-26T17:01:07.616Z,
ACK,244,2026-09-26T17:01:07.718Z,
ACK,245,2026-09-26T17:01:07.814Z,
ACK,246,2026-09-26T17:01:07.923Z,
ACK,247,2026-09-26T17:01:08.017Z,
ACK,248,2026-09-26T17:01:08.130Z,
ACK,249,2026-09-26T17:01:08.228Z,
ACK,250,2026-09-26T17:01:08.333Z,
ACK,251,2026-09-26T17:01:08.435Z,
ACK,252,2026-09-26T17:01:08.533Z,
ACK,253,2026-09-26T17:01:08.634Z,
ACK,254,2026-09-26T17:01:08.731Z,
ACK,255,2026-09-26T17:01:08.844Z,
ACK,256,2026-09-26T17:01:08.944Z,
ACK,257,2026-09-26T17:01:09.043Z,
ACK,258,2026-09-26T17:01:09.146Z,
ACK,259,2026-09-26T17:01:09.240Z,
ACK,260,2026-09-26T17:01:09.343Z,
ACK,261,2026-09-26T17:01:09.460Z,
ACK,262,2026-09-26T17:01:09.559Z,
ACK,263,2026-09-26T17:01:09.708Z,
ACK,264,2026-09-26T17:01:09.804Z,
ACK,265,2026-09-26T17:01:09.904Z,
ACK,266,2026-09-26T17:01:10.037Z,
ACK,267,2026-09-26T17:01:10.135Z,
ACK,268,2026-09-26T17:01:10.240Z,
ACK,269,2026-09-26T17:01:10.356Z,
ACK,270,2026-09-26T17:01:10.459Z,
ACK,271,2026-09-26T17:01:10.562Z,
ACK,272,2026-09-26T17:01:10.734Z,
ACK,273,2026-09-26T17:01:10.880Z,
ACK,274,2026-09-26T17:01:10.991Z,
ACK,275,2026-09-26T17:01:11.092Z,
ACK,276,2026-09-26T17:01:11.192Z,
ACK,277,2026-09-26T17:01:11.316Z,
ACK,278,2026-09-26T17:01:11.424Z,
ACK,279,2026-09-26T17:01:11.526Z,
ACK,280,2026-09-26T17:01:11.623Z,
ACK,281,2026-09-26T17:01:11.719Z,
ACK,282,2026-09-26T17:01:11.928Z,
ACK,283,2026-09-26T17:01:12.028Z,
ACK,284,2026-09-26T17:01:12.139Z,
ACK,285,2026-09-26T17:01:12.249Z,
ACK,286,2026-09-26T17:01:12.347Z,
ACK,287,2026-09-26T17:01:12.447Z,
ACK,288,2026-09-26T17:01:12.555Z,
ACK,289,2026-09-26T17:01:12.660Z,
ACK,290,2026-09-26T17:01:12.762Z,
ACK,291,2026-09-26T17:01:12.855Z,
ACK,292,2026-09-26T17:01:12.960Z,
ACK,293,2026-09-26T17:01:13.067Z,
ACK,294,2026-09-26T17:01:13.170Z,
ACK,295,2026-09-26T17:01:13.303Z,
ACK,296,2026-09-26T17:01:13.421Z,
ACK,297,2026-09-26T17:01:13.529Z,
ACK,298,2026-09-26T17:01:13.634Z,
ACK,299,2026-09-26T17:01:13.752Z,
ACK,300,2026-09-26T17:01:13.847Z,
ACK,301,2026-09-26T17:01:13.948Z,
ACK,302,2026-09-26T17:01:14.082Z,
ACK,303,2026-09-26T17:01:14.191Z,
ACK,304,2026-09-26T17:01:14.300Z,
ACK,305,2026-09-26T17:01:14.397Z,
ACK,306,2026-09-26T17:01:14.498Z,
ACK,307,2026-09-26T17:01:14.598Z,
ACK,308,2026-09-26T17:01:14.699Z,
ACK,309,2026-09-26T17:01:14.800Z,
ACK,310,2026-09-26T17:01:14.908Z,
ACK,311,2026-09-26T17:01:15.006Z,
ACK,312,2026-09-26T17:01:15.106Z,
ACK,313,2026-09-26T17:01:15.210Z,
ACK,314,2026-09-26T17:01:15.309Z,
ACK,315,2026-09-26T17:01:15.407Z,
ACK,316,2026-09-26T17:01:15.512Z,
ACK,317,2026-09-26T17:01:15.608Z,
ACK,318,2026-09-26T17:01:15.761Z,
ACK,319,2026-09-26T17:01:15.860Z,
ACK,320,2026-09-26T17:01:15.963Z,
ACK,321,2026-09-26T17:01:16.059Z,
ACK,322,2026-09-26T17:01:16.160Z,
ACK,323,2026-09-26T17:01:16.259Z,
ACK,324,2026-09-26T17:01:16.365Z,
ACK,325,2026-09-26T17:01:16.466Z,
ACK,326,2026-09-26T17:01:16.573Z,
ACK,327,2026-09-26T17:01:16.670Z,
ACK,328,2026-09-26T17:01:16.767Z,
ACK,329,2026-09-26T17:01:16.871Z,
ACK,330,2026-09-26T17:01:16.971Z,
ACK,331,2026-09-26T17:01:17.069Z,
ACK,332,2026-09-26T17:01:17.172Z,
ACK,333,2026-09-26T17:01:17.272Z,
ACK,334,2026-09-26T17:01:17.377Z,
ACK,335,2026-09-26T17:01:17.525Z,
ACK,336,2026-09-26T17:01:17.629Z,
ACK,337,2026-09-26T17:01:17.788Z,
ACK,338,2026-09-26T17:01:17.929Z,
ACK,339,2026-09-26T17:01:18.027Z,
ACK,340,2026-09-26T17:01:18.166Z,
ACK,341,2026-09-26T17:01:18.260Z,
ACK,342,2026-09-26T17:01:18.366Z,
ACK,343,2026-09-26T17:01:18.478Z,
ACK,344,2026-09-26T17:01:18.604Z,
ACK,345,2026-09-26T17:01:18.698Z,
ACK,346,2026-09-26T17:01:18.806Z,
ACK,347,2026-09-26T17:01:18.945Z,
ACK,348,2026-09-26T17:01:19.048Z,
ACK,349,2026-09-26T17:01:19.149Z,
ACK,350,2026-09-26T17:01:19.247Z,
ACK,351,2026-09-26T17:01:19.345Z,
ACK,352,2026-09-26T17:01:19.446Z,
ACK,353,2026-09-26T17:01:19.548Z,
ACK,354,2026-09-26T17:01:19.866Z,
ACK,355,2026-09-26T17:01:19.993Z,
ACK,356,2026-09-26T17:01:20.089Z,
ACK,357,2026-09-26T17:01:20.192Z,
ACK,358,2026-09-26T17:01:20.508Z,
ACK,359,2026-09-26T17:01:20.618Z,
ACK,360,2026-09-26T17:01:20.717Z,
ACK,361,2026-09-26T17:01:20.818Z,
ACK,362,2026-09-26T17:01:20.917Z,
ACK,363,2026-09-26T17:01:21.031Z,
ACK,364,2026-09-26T17:01:21.135Z,
ACK,365,2026-09-26T17:01:21.236Z,
ACK,366,2026-09-26T17:01:21.359Z,
ACK,367,2026-09-26T17:01:21.458Z,
ACK,368,2026-09-26T17:01:21.614Z,
ACK,369,2026-09-26T17:01:21.719Z,
ACK,370,2026-09-26T17:01:21.819Z,
ACK,371,2026-09-26T17:01:21.921Z,
ACK,372,2026-09-26T17:01:22.020Z,
ACK,373,2026-09-26T17:01:22.128Z,
ACK,374,2026-09-26T17:01:22.238Z,
ACK,375,2026-09-26T17:01:22.339Z,
ACK,376,2026-09-26T17:01:22.453Z,
ACK,377,2026-09-26T17:01:22.633Z,
ACK,378,2026-09-26T17:01:22.734Z,
ACK,379,2026-09-26T17:01:22.835Z,
ACK,380,2026-09-26T17:01:22.938Z,
ACK,381,2026-09-26T17:01:23.038Z,
ACK,382,2026-09-26T17:01:23.181Z,
ACK,383,2026-09-26T17:01:23.278Z,
ACK,384,2026-09-26T17:01:23.376Z,
ACK,385,2026-09-26T17:01:23.476Z,
ACK,386,2026-09-26T17:01:23.591Z,
ACK,387,2026-09-26T17:01:23.691Z,
ACK,388,2026-09-26T17:01:23.789Z,
ACK,389,2026-09-26T17:01:23.886Z,
ACK,390,2026-09-26T17:01:23.992Z,
ACK,391,2026-09-26T17:01:24.088Z,
ACK,392,2026-09-26T17:01:24.191Z,
ACK,393,2026-09-26T17:01:24.299Z,
ACK,394,2026-09-26T17:01:24.397Z,
ACK,395,2026-09-26T17:01:24.497Z,
ACK,396,2026-09-26T17:01:24.605Z,
ACK,397,2026-09-26T17:01:24.703Z,
ACK,398,2026-09-26T17:01:24.807Z,
ACK,399,2026-09-26T17:01:24.907Z,
ACK,400,2026-09-26T17:01:25.007Z,
ACK,401,2026-09-26T17:01:25.107Z,
ACK,402,2026-09-26T17:01:25.415Z,
ACK,403,2026-09-26T17:01:25.521Z,
ACK,404,2026-09-26T17:01:25.624Z,
ACK,405,2026-09-26T17:01:25.720Z,
ACK,406,2026-09-26T17:01:25.822Z,
ACK,407,2026-09-26T17:01:25.949Z,
ACK,408,2026-09-26T17:01:26.132Z,
ACK,409,2026-09-26T17:01:26.230Z,
ACK,410,2026-09-26T17:01:26.333Z,
ACK,411,2026-09-26T17:01:26.442Z,
ACK,412,2026-09-26T17:01:26.540Z,
ACK,413,2026-09-26T17:01:26.645Z,
ACK,414,2026-09-26T17:01:26.760Z,
ACK,415,2026-09-26T17:01:26.870Z,
ACK,416,2026-09-26T17:01:26.998Z,
ACK,417,2026-09-26T17:01:27.114Z,
ACK,418,2026-09-26T17:01:27.214Z,
ACK,419,2026-09-26T17:01:27.322Z,
ACK,420,2026-09-26T17:01:27.425Z,
ACK,421,2026-09-26T17:01:27.527Z,
ACK,422,2026-09-26T17:01:27.625Z,
ACK,423,2026-09-26T17:01:27.730Z,
ACK,424,2026-09-26T17:01:27.849Z,
ACK,425,2026-09-26T17:01:27.946Z,
ACK,426,2026-09-26T17:01:28.074Z,
ACK,427,2026-09-26T17:01:28.209Z,
ACK,428,2026-09-26T17:01:28.350Z,
ACK,429,2026-09-26T17:01:28.476Z,
ACK,430,2026-09-26T17:01:28.582Z,
ACK,431,2026-09-26T17:01:28.684Z,
ACK,432,2026-09-26T17:01:28.789Z,
ACK,433,2026-09-26T17:01:28.894Z,
ACK,434,2026-09-26T17:01:28.995Z,
ACK,435,2026-09-26T17:01:29.093Z,
ACK,436,2026-09-26T17:01:29.194Z,
ACK,437,2026-09-26T17:01:29.293Z,
ACK,438,2026-09-26T17:01:29.512Z,
ACK,439,2026-09-26T17:01:29.620Z,
ACK,440,2026-09-26T17:01:29.729Z,
ACK,441,2026-09-26T17:01:29.825Z,
ACK,442,2026-09-26T17:01:29.932Z,
ACK,443,2026-09-26T17:01:30.028Z,
ACK,444,2026-09-26T17:01:30.128Z,
ACK,445,2026-09-26T17:01:30.409Z,
ACK,446,2026-09-26T17:01:30.505Z,
ACK,447,2026-09-26T17:01:30.607Z,
ACK,448,2026-09-26T17:01:30.705Z,
ACK,449,2026-09-26T17:01:30.818Z,
ACK,450,2026-09-26T17:01:30.916Z,
ACK,451,2026-09-26T17:01:31.017Z,
ACK,452,2026-09-26T17:01:31.123Z,
ACK,453,2026-09-26T17:01:31.222Z,
ACK,454,2026-09-26T17:01:31.364Z,
ACK,455,2026-09-26T17:01:31.471Z,
ACK,456,2026-09-26T17:01:31.642Z,
ACK,457,2026-09-26T17:01:31.769Z,
ACK,458,2026-09-26T17:01:31.870Z,
ACK,459,2026-09-26T17:01:31.977Z,
ACK,460,2026-09-26T17:01:32.071Z,
ACK,461,2026-09-26T17:01:32.179Z,
ACK,462,2026-09-26T17:01:32.277Z,
ACK,463,2026-09-26T17:01:32.390Z,
ACK,464,2026-09-26T17:01:32.516Z,
ACK,465,2026-09-26T17:01:32.613Z,
ACK,466,2026-09-26T17:01:32.716Z,
ACK,467,2026-09-26T17:01:32.812Z,
ACK,468,2026-09-26T17:01:32.930Z,
ACK,469,2026-09-26T17:01:33.029Z,
ACK,470,2026-09-26T17:01:33.130Z,
ACK,471,2026-09-26T17:01:33.227Z,
ACK,472,2026-09-26T17:01:33.332Z,
ACK,473,2026-09-26T17:01:33.443Z,
ACK,474,2026-09-26T17:01:33.545Z,
ACK,475,2026-09-26T17:01:33.661Z,
ACK,476,2026-09-26T17:01:33.762Z,
ACK,477,2026-09-26T17:01:33.857Z,
ACK,478,2026-09-26T17:01:34.010Z,
ACK,479,2026-09-26T17:01:34.118Z,
ACK,480,2026-09-26T17:01:34.278Z,
ACK,481,2026-09-26T17:01:34.389Z,
ACK,482,2026-09-26T17:01:34.529Z,
ACK,483,2026-09-26T17:01:34.642Z,
ACK,484,2026-09-26T17:01:34.738Z,
ACK,485,2026-09-26T17:01:34.839Z,
ACK,486,2026-09-26T17:01:34.955Z,
ACK,487,2026-09-26T17:01:35.057Z,
ACK,488,2026-09-26T17:01:35.158Z,
ACK,489,2026-09-26T17:01:35.466Z,
ACK,490,2026-09-26T17:01:35.581Z,
ACK,491,2026-09-26T17:01:35.682Z,
ACK,492,2026-09-26T17:01:35.808Z,
ACK,493,2026-09-26T17:01:36.007Z,
ACK,494,2026-09-26T17:01:36.105Z,
ACK,495,2026-09-26T17:01:36.207Z,
ACK,496,2026-09-26T17:01:36.309Z,
ACK,497,2026-09-26T17:01:36.453Z,
ACK,498,2026-09-26T17:01:36.556Z,
ACK,499,2026-09-26T17:01:36.684Z,
ACK,500,2026-09-26T17:01:36.788Z,
ACK,501,2026-09-26T17:01:36.899Z,
ACK,502,2026-09-26T17:01:37.005Z,
ACK,503,2026-09-26T17:01:37.129Z,
ACK,504,2026-09-26T17:01:37.235Z,
ACK,505,2026-09-26T17:01:37.334Z,
ACK,506,2026-09-26T17:01:37.441Z,
ACK,507,2026-09-26T17:01:37.538Z,
ACK,508,2026-09-26T17:01:37.654Z,
ACK,509,2026-09-26T17:01:37.767Z,
ACK,510,2026-09-26T17:01:37.899Z,
ACK,511,2026-09-26T17:01:38.002Z,
ACK,512,2026-09-26T17:01:38.105Z,
ACK,513,2026-09-26T17:01:38.215Z,
ACK,514,2026-09-26T17:01:38.350Z,
ACK,515,2026-09-26T17:01:38.467Z,
ACK,516,2026-09-26T17:01:38.561Z,
ACK,517,2026-09-26T17:01:38.666Z,
ACK,518,2026-09-26T17:01:38.764Z,
ACK,519,2026-09-26T17:01:38.861Z,
ACK,520,2026-09-26T17:01:38.967Z,
ACK,521,2026-09-26T17:01:39.069Z,
ACK,522,2026-09-26T17:01:39.173Z,
ACK,523,2026-09-26T17:01:39.273Z,
ACK,524,2026-09-26T17:01:39.381Z,
ACK,525,2026-09-26T17:01:39.507Z,
ACK,526,2026-09-26T17:01:39.632Z,
ACK,527,2026-09-26T17:01:39.753Z,
ACK,528,2026-09-26T17:01:39.875Z,
ACK,529,2026-09-26T17:01:39.974Z,
ACK,530,2026-09-26T17:01:40.081Z,
ACK,531,2026-09-26T17:01:40.197Z,
ACK,532,2026-09-26T17:01:40.294Z,
ACK,533,2026-09-26T17:01:40.425Z,
ACK,534,2026-09-26T17:01:40.525Z,
ACK,535,2026-09-26T17:01:40.622Z,
ACK,536,2026-09-26T17:01:40.776Z,
ACK,537,2026-09-26T17:01:40.887Z,
ACK,538,2026-09-26T17:01:40.984Z,
ACK,539,2026-09-26T17:01:41.084Z,
ACK,540,2026-09-26T17:01:41.189Z,
ACK,541,2026-09-26T17:01:41.285Z,
ACK,542,2026-09-26T17:01:41.404Z,
ACK,543,2026-09-26T17:01:41.502Z,
ACK,544,2026-09-26T17:01:41.604Z,
ACK,545,2026-09-26T17:01:41.736Z,
ACK,546,2026-09-26T17:01:41.851Z,
ACK,547,2026-09-26T17:01:41.958Z,
ACK,548,2026-09-26T17:01:42.077Z,
ACK,549,2026-09-26T17:01:42.175Z,
ACK,550,2026-09-26T17:01:42.273Z,
ACK,551,2026-09-26T17:01:42.387Z,
ACK,552,2026-09-26T17:01:42.488Z,
ACK,553,2026-09-26T17:01:42.659Z,
ACK,554,2026-09-26T17:01:42.761Z,
ACK,555,2026-09-26T17:01:42.864Z,
ACK,556,2026-09-26T17:01:42.963Z,
ACK,557,2026-09-26T17:01:43.066Z,
ACK,558,2026-09-26T17:01:43.392Z,
ACK,559,2026-09-26T17:01:43.484Z,
ACK,560,2026-09-26T17:01:43.590Z,
ACK,561,2026-09-26T17:01:43.688Z,
ACK,562,2026-09-26T17:01:43.800Z,
ACK,563,2026-09-26T17:01:43.917Z,
ACK,564,2026-09-26T17:01:44.036Z,
ACK,565,2026-09-26T17:01:44.131Z,
ACK,566,2026-09-26T17:01:44.242Z,
ACK,567,2026-09-26T17:01:44.357Z,
ACK,568,2026-09-26T17:01:44.456Z,
ACK,569,2026-09-26T17:01:44.566Z,
ACK,570,2026-09-26T17:01:44.664Z,
ACK,571,2026-09-26T17:01:44.767Z,
ACK,572,2026-09-26T17:01:44.869Z,
ACK,573,2026-09-26T17:01:44.980Z,
ACK,574,2026-09-26T17:01:45.079Z,
ACK,575,2026-09-26T17:01:45.197Z,
ACK,576,2026-09-26T17:01:45.329Z,
ACK,577,2026-09-26T17:01:45.424Z,
ACK,578,2026-09-26T17:01:45.526Z,
ACK,579,2026-09-26T17:01:45.628Z,
ACK,580,2026-09-26T17:01:45.733Z,
ACK,581,2026-09-26T17:01:45.833Z,
ACK,582,2026-09-26T17:01:45.932Z,
ACK,583,2026-09-26T17:01:46.082Z,
ACK,584,2026-09-26T17:01:46.186Z,
ACK,585,2026-09-26T17:01:46.289Z,
ACK,586,2026-09-26T17:01:46.416Z,
ACK,587,2026-09-26T17:01:46.594Z,
ACK,588,2026-09-26T17:01:46.826Z,
ACK,589,2026-09-26T17:01:46.934Z,
ACK,590,2026-09-26T17:01:47.042Z,
ACK,591,2026-09-26T17:01:47.154Z,
ACK,592,2026-09-26T17:01:47.247Z,
ACK,593,2026-09-26T17:01:47.350Z,
ACK,594,2026-09-26T17:01:47.457Z,
ACK,595,2026-09-26T17:01:47.555Z,
ACK,596,2026-09-26T17:01:47.655Z,
ACK,597,2026-09-26T17:01:47.757Z,
ACK,598,2026-09-26T17:01:47.868Z,
ACK,599,2026-09-26T17:01:47.962Z,
ACK,600,2026-09-26T17:01:48.065Z,
ACK,601,2026-09-26T17:01:48.371Z,
ACK,602,2026-09-26T17:01:48.472Z,
ACK,603,2026-09-26T17:01:48.586Z,
ACK,604,2026-09-26T17:01:48.735Z,
ACK,605,2026-09-26T17:01:48.861Z,
ACK,606,2026-09-26T17:01:48.966Z,
ACK,607,2026-09-26T17:01:49.062Z,
ACK,608,2026-09-26T17:01:49.167Z,
ACK,609,2026-09-26T17:01:49.266Z,
ACK,610,2026-09-26T17:01:49.377Z,
ACK,611,2026-09-26T17:01:49.476Z,
ACK,612,2026-09-26T17:01:49.577Z,
ACK,613,2026-09-26T17:01:49.675Z,
ACK,614,2026-09-26T17:01:49.782Z,
ACK,615,2026-09-26T17:01:49.877Z,
ACK,616,2026-09-26T17:01:49.979Z,
ACK,617,2026-09-26T17:01:50.113Z,
ACK,618,2026-09-26T17:01:50.251Z,
ACK,619,2026-09-26T17:01:50.387Z,
ACK,620,2026-09-26T17:01:50.491Z,
ACK,621,2026-09-26T17:01:50.628Z,
ACK,622,2026-09-26T17:01:50.758Z,
ACK,623,2026-09-26T17:01:50.872Z,
ACK,624,2026-09-26T17:01:50.984Z,
ACK,625,2026-09-26T17:01:51.115Z,
ACK,626,2026-09-26T17:01:51.215Z,
ACK,627,2026-09-26T17:01:51.314Z,
ACK,628,2026-09-26T17:01:51.417Z,
ACK,629,2026-09-26T17:01:51.516Z,
ACK,630,2026-09-26T17:01:51.626Z,
ACK,631,2026-09-26T17:01:51.736Z,
ACK,632,2026-09-26T17:01:51.835Z,
ACK,633,2026-09-26T17:01:51.935Z,
ACK,634,2026-09-26T17:01:52.072Z,
ACK,635,2026-09-26T17:01:52.197Z,
ACK,636,2026-09-26T17:01:52.297Z,
ACK,637,2026-09-26T17:01:52.395Z,
ACK,638,2026-09-26T17:01:52.507Z,
ACK,639,2026-09-26T17:01:52.607Z,
ACK,640,2026-09-26T17:01:52.715Z,
ACK,641,2026-09-26T17:01:52.823Z,
ACK,642,2026-09-26T17:01:52.938Z,
ACK,643,2026-09-26T17:01:53.062Z,
ACK,644,2026-09-26T17:01:53.199Z,
ACK,645,2026-09-26T17:01:53.303Z,
ACK,646,2026-09-26T17:01:53.413Z,
ACK,647,2026-09-26T17:01:53.508Z,
ACK,648,2026-09-26T17:01:53.611Z,
ACK,649,2026-09-26T17:01:53.709Z,
ACK,650,2026-09-26T17:01:53.944Z,
ACK,651,2026-09-26T17:01:54.051Z,
ACK,652,2026-09-26T17:01:54.149Z,
ACK,653,2026-09-26T17:01:54.254Z,
ACK,654,2026-09-26T17:01:54.470Z,
ACK,655,2026-09-26T17:01:54.578Z,
ACK,656,2026-09-26T17:01:54.682Z,
ACK,657,2026-09-26T17:01:54.780Z,
ACK,658,2026-09-26T17:01:54.880Z,
ACK,659,2026-09-26T17:01:54.976Z,
ACK,660,2026-09-26T17:01:55.078Z,
ACK,661,2026-09-26T17:01:55.192Z,
ACK,662,2026-09-26T17:01:55.305Z,
ACK,663,2026-09-26T17:01:55.400Z,
ACK,664,2026-09-26T17:01:55.501Z,
ACK,665,2026-09-26T17:01:55.604Z,
ACK,666,2026-09-26T17:01:55.764Z,
ACK,667,2026-09-26T17:01:55.867Z,
ACK,668,2026-09-26T17:01:55.963Z,
ACK,669,2026-09-26T17:01:56.065Z,
ACK,670,2026-09-26T17:01:56.187Z,
ACK,671,2026-09-26T17:01:56.292Z,
ACK,672,2026-09-26T17:01:56.388Z,
ACK,673,2026-09-26T17:01:56.493Z,
ACK,674,2026-09-26T17:01:56.635Z,
ACK,675,2026-09-26T17:01:56.732Z,
ACK,676,2026-09-26T17:01:56.839Z,
ACK,677,2026-09-26T17:01:56.936Z,
ACK,678,2026-09-26T17:01:57.039Z,
ACK,679,2026-09-26T17:01:57.135Z,
ACK,680,2026-09-26T17:01:57.249Z,
ACK,681,2026-09-26T17:01:57.352Z,
ACK,682,2026-09-26T17:01:57.450Z,
ACK,683,2026-09-26T17:01:57.548Z,
ACK,684,2026-09-26T17:01:57.663Z,
ACK,685,2026-09-26T17:01:57.770Z,
ACK,686,2026-09-26T17:01:57.876Z,
ACK,687,2026-09-26T17:01:57.978Z,
ACK,688,2026-09-26T17:01:58.079Z,
ACK,689,2026-09-26T17:01:58.190Z,
ACK,690,2026-09-26T17:01:58.288Z,
ACK,691,2026-09-26T17:01:58.392Z,
ACK,692,2026-09-26T17:01:58.490Z,
ACK,693,2026-09-26T17:01:58.591Z,
ACK,694,2026-09-26T17:01:58.696Z,
ACK,695,2026-09-26T17:01:58.807Z,
ACK,696,2026-09-26T17:01:58.947Z,
ACK,697,2026-09-26T17:01:59.050Z,
ACK,698,2026-09-26T17:01:59.153Z,
ACK,699,2026-09-26T17:01:59.254Z,
ACK,700,2026-09-26T17:01:59.352Z,
ACK,701,2026-09-26T17:01:59.453Z,
ACK,702,2026-09-26T17:01:59.554Z,
ACK,703,2026-09-26T17:01:59.652Z,
ACK,704,2026-09-26T17:01:59.865Z,
ACK,705,2026-09-26T17:01:59.965Z,
ACK,706,2026-09-26T17:02:00.062Z,
ACK,707,2026-09-26T17:02:00.174Z,
ACK,708,2026-09-26T17:02:00.307Z,
ACK,709,2026-09-26T17:02:00.401Z,
ACK,710,2026-09-26T17:02:00.507Z,
ACK,711,2026-09-26T17:02:00.608Z,
ACK,712,2026-09-26T17:02:00.706Z,
ACK,713,2026-09-26T17:02:00.865Z,
ACK,714,2026-09-26T17:02:00.974Z,
ACK,715,2026-09-26T17:02:01.069Z,
ACK,716,2026-09-26T17:02:01.172Z,
ACK,717,2026-09-26T17:02:01.275Z,
ACK,718,2026-09-26T17:02:01.376Z,
ACK,719,2026-09-26T17:02:01.477Z,
ACK,720,2026-09-26T17:02:01.573Z,
ACK,721,2026-09-26T17:02:01.685Z,
ACK,722,2026-09-26T17:02:01.783Z,
ACK,723,2026-09-26T17:02:01.886Z,
ACK,724,2026-09-26T17:02:01.987Z,
ACK,725,2026-09-26T17:02:02.100Z,
ACK,726,2026-09-26T17:02:02.245Z,
ACK,727,2026-09-26T17:02:02.342Z,
ACK,728,2026-09-26T17:02:02.517Z,
ACK,729,2026-09-26T17:02:02.625Z,
ACK,730,2026-09-26T17:02:02.734Z,
ACK,731,2026-09-26T17:02:02.856Z,
ACK,732,2026-09-26T17:02:02.949Z,
ACK,733,2026-09-26T17:02:03.067Z,
ACK,734,2026-09-26T17:02:03.163Z,
ACK,735,2026-09-26T17:02:03.272Z,
ACK,736,2026-09-26T17:02:03.578Z,
ACK,737,2026-09-26T17:02:03.875Z,
ACK,738,2026-09-26T17:02:03.980Z,
ACK,739,2026-09-26T17:02:04.074Z,
ACK,740,2026-09-26T17:02:04.189Z,
ACK,741,2026-09-26T17:02:04.332Z,
ACK,742,2026-09-26T17:02:04.430Z,
ACK,743,2026-09-26T17:02:04.531Z,
ACK,744,2026-09-26T17:02:04.634Z,
ACK,745,2026-09-26T17:02:04.728Z,
ACK,746,2026-09-26T17:02:04.834Z,
ACK,747,2026-09-26T17:02:04.938Z,
ACK,748,2026-09-26T17:02:05.036Z,
ACK,749,2026-09-26T17:02:05.138Z,
ACK,750,2026-09-26T17:02:05.238Z,
ACK,751,2026-09-26T17:02:05.339Z,
ACK,752,2026-09-26T17:02:05.438Z,
ACK,753,2026-09-26T17:02:05.538Z,
ACK,754,2026-09-26T17:02:05.640Z,
ACK,755,2026-09-26T17:02:05.735Z,
ACK,756,2026-09-26T17:02:05.836Z,
ACK,757,2026-09-26T17:02:05.936Z,
ACK,758,2026-09-26T17:02:06.045Z,
ACK,759,2026-09-26T17:02:06.156Z,
ACK,760,2026-09-26T17:02:06.253Z,
ACK,761,2026-09-26T17:02:06.351Z,
ACK,762,2026-09-26T17:02:06.454Z,
ACK,763,2026-09-26T17:02:06.550Z,
ACK,764,2026-09-26T17:02:06.656Z,
ACK,765,2026-09-26T17:02:06.758Z,
ACK,766,2026-09-26T17:02:06.856Z,
ACK,767,2026-09-26T17:02:06.959Z,
ACK,768,2026-09-26T17:02:07.057Z,
ACK,769,2026-09-26T17:02:07.175Z,
ACK,770,2026-09-26T17:02:07.284Z,
ACK,771,2026-09-26T17:02:07.398Z,
ACK,772,2026-09-26T17:02:07.541Z,
ACK,773,2026-09-26T17:02:07.757Z,
ACK,774,2026-09-26T17:02:07.866Z,
ACK,775,2026-09-26T17:02:07.970Z,
ACK,776,2026-09-26T17:02:08.079Z,
ACK,777,2026-09-26T17:02:08.196Z,
ACK,778,2026-09-26T17:02:08.294Z,
ACK,779,2026-09-26T17:02:08.393Z,
ACK,780,2026-09-26T17:02:08.502Z,
ACK,781,2026-09-26T17:02:08.612Z,
ACK,782,2026-09-26T17:02:08.711Z,
ACK,783,2026-09-26T17:02:08.815Z,
ACK,784,2026-09-26T17:02:08.912Z,
ACK,785,2026-09-26T17:02:09.015Z,
ACK,786,2026-09-26T17:02:09.111Z,
ACK,787,2026-09-26T17:02:09.227Z,
ACK,788,2026-09-26T17:02:09.345Z,
ACK,789,2026-09-26T17:02:09.452Z,
ACK,790,2026-09-26T17:02:09.577Z,
ACK,791,2026-09-26T17:02:09.677Z,
ACK,792,2026-09-26T17:02:09.785Z,
ACK,793,2026-09-26T17:02:09.884Z,
ACK,794,2026-09-26T17:02:09.983Z,
ACK,795,2026-09-26T17:02:10.086Z,
ACK,796,2026-09-26T17:02:10.202Z,
ACK,797,2026-09-26T17:02:10.321Z,
ACK,798,2026-09-26T17:02:10.434Z,
ACK,799,2026-09-26T17:02:10.531Z,
ACK,800,2026-09-26T17:02:10.636Z,
ACK,801,2026-09-26T17:02:10.743Z,
ACK,802,2026-09-26T17:02:10.839Z,
ACK,803,2026-09-26T17:02:10.945Z,
ACK,804,2026-09-26T17:02:11.041Z,
ACK,805,2026-09-26T17:02:11.151Z,
ACK,806,2026-09-26T17:02:11.247Z,
ACK,807,2026-09-26T17:02:11.354Z,
ACK,808,2026-09-26T17:02:11.485Z,
ACK,809,2026-09-26T17:02:11.582Z,
ACK,810,2026-09-26T17:02:11.688Z,
ACK,811,2026-09-26T17:02:11.784Z,
ACK,812,2026-09-26T17:02:11.892Z,
ACK,813,2026-09-26T17:02:12.008Z,
ACK,814,2026-09-26T17:02:12.123Z,
ACK,815,2026-09-26T17:02:12.222Z,
ACK,816,2026-09-26T17:02:12.359Z,
ACK,817,2026-09-26T17:02:12.500Z,
ACK,818,2026-09-26T17:02:12.606Z,
ACK,819,2026-09-26T17:02:12.699Z,
ACK,820,2026-09-26T17:02:12.804Z,
ACK,821,2026-09-26T17:02:12.920Z,
ACK,822,2026-09-26T17:02:13.022Z,
ACK,823,2026-09-26T17:02:13.141Z,
ACK,824,2026-09-26T17:02:13.254Z,
ACK,825,2026-09-26T17:02:13.358Z,
ACK,826,2026-09-26T17:02:13.466Z,
ACK,827,2026-09-26T17:02:13.562Z,
ACK,828,2026-09-26T17:02:13.665Z,
ACK,829,2026-09-26T17:02:13.773Z,
ACK,830,2026-09-26T17:02:13.872Z,
ACK,831,2026-09-26T17:02:14.001Z,
ACK,832,2026-09-26T17:02:14.132Z,
ACK,833,2026-09-26T17:02:14.247Z,
ACK,834,2026-09-26T17:02:14.349Z,
ACK,835,2026-09-26T17:02:14.447Z,
ACK,836,2026-09-26T17:02:14.553Z,
ACK,837,2026-09-26T17:02:14.771Z,
ACK,838,2026-09-26T17:02:14.887Z,
ACK,839,2026-09-26T17:02:14.985Z,
ACK,840,2026-09-26T17:02:15.112Z,
ACK,841,2026-09-26T17:02:15.208Z,
ACK,842,2026-09-26T17:02:15.473Z,
ACK,843,2026-09-26T17:02:15.581Z,
ACK,844,2026-09-26T17:02:15.682Z,
ACK,845,2026-09-26T17:02:15.783Z,
ACK,846,2026-09-26T17:02:15.894Z,
ACK,847,2026-09-26T17:02:15.990Z,
ACK,848,2026-09-26T17:02:16.096Z,
ACK,849,2026-09-26T17:02:16.197Z,
ACK,850,2026-09-26T17:02:16.301Z,
ACK,851,2026-09-26T17:02:16.400Z,
ACK,852,2026-09-26T17:02:16.513Z,
ACK,853,2026-09-26T17:02:16.622Z,
ACK,854,2026-09-26T17:02:16.731Z,
ACK,855,2026-09-26T17:02:16.835Z,
ACK,856,2026-09-26T17:02:16.935Z,
ACK,857,2026-09-26T17:02:17.038Z,
ACK,858,2026-09-26T17:02:17.147Z,
ACK,859,2026-09-26T17:02:17.242Z,
ACK,860,2026-09-26T17:02:17.343Z,
ACK,861,2026-09-26T17:02:17.460Z,
ACK,862,2026-09-26T17:02:17.595Z,
ACK,863,2026-09-26T17:02:17.697Z,
ACK,864,2026-09-26T17:02:17.797Z,
ACK,865,2026-09-26T17:02:17.893Z,
ACK,866,2026-09-26T17:02:17.992Z,
ACK,867,2026-09-26T17:02:18.098Z,
ACK,868,2026-09-26T17:02:18.199Z,
ACK,869,2026-09-26T17:02:18.458Z,
ACK,870,2026-09-26T17:02:18.582Z,
ACK,871,2026-09-26T17:02:18.689Z,
ACK,872,2026-09-26T17:02:18.794Z,
ACK,873,2026-09-26T17:02:18.896Z,
ACK,874,2026-09-26T17:02:19.016Z,
ACK,875,2026-09-26T17:02:19.122Z,
ACK,876,2026-09-26T17:02:19.226Z,
ACK,877,2026-09-26T17:02:19.349Z,
ACK,878,2026-09-26T17:02:19.480Z,
ACK,879,2026-09-26T17:02:19.581Z,
ACK,880,2026-09-26T17:02:19.683Z,
ACK,881,2026-09-26T17:02:19.780Z,
ACK,882,2026-09-26T17:02:19.902Z,
ACK,883,2026-09-26T17:02:20.028Z,
ACK,884,2026-09-26T17:02:20.145Z,
ACK,885,2026-09-26T17:02:20.252Z,
ACK,886,2026-09-26T17:02:20.356Z,
ACK,887,2026-09-26T17:02:20.484Z,
ACK,888,2026-09-26T17:02:20.592Z,
ACK,889,2026-09-26T17:02:20.695Z,
ACK,890,2026-09-26T17:02:20.806Z,
ACK,891,2026-09-26T17:02:20.907Z,
ACK,892,2026-09-26T17:02:21.022Z,
ACK,893,2026-09-26T17:02:21.121Z,
ACK,894,2026-09-26T17:02:21.225Z,
ACK,895,2026-09-26T17:02:21.325Z,
ACK,896,2026-09-26T17:02:21.435Z,
ACK,897,2026-09-26T17:02:21.537Z,
ACK,898,2026-09-26T17:02:21.639Z,
ACK,899,2026-09-26T17:02:21.740Z,
ACK,900,2026-09-26T17:02:21.835Z,
ACK,901,2026-09-26T17:02:21.941Z,
ACK,902,2026-09-26T17:02:22.044Z,
ACK,903,2026-09-26T17:02:22.141Z,
ACK,904,2026-09-26T17:02:22.250Z,
ACK,905,2026-09-26T17:02:22.356Z,
ACK,906,2026-09-26T17:02:22.459Z,
ACK,907,2026-09-26T17:02:22.634Z,
ACK,908,2026-09-26T17:02:22.729Z,
ACK,909,2026-09-26T17:02:22.837Z,
ACK,910,2026-09-26T17:02:22.934Z,
ACK,911,2026-09-26T17:02:23.035Z,
ACK,912,2026-09-26T17:02:23.152Z,
ACK,913,2026-09-26T17:02:23.256Z,
ACK,914,2026-09-26T17:02:23.377Z,
ACK,915,2026-09-26T17:02:23.512Z,
ACK,916,2026-09-26T17:02:23.610Z,
ACK,917,2026-09-26T17:02:23.709Z,
ACK,918,2026-09-26T17:02:23.847Z,
ACK,919,2026-09-26T17:02:23.953Z,
ACK,920,2026-09-26T17:02:24.075Z,
ACK,921,2026-09-26T17:02:24.178Z,
ACK,922,2026-09-26T17:02:24.279Z,
ACK,923,2026-09-26T17:02:24.382Z,
ACK,924,2026-09-26T17:02:24.509Z,
ACK,925,2026-09-26T17:02:24.609Z,
ACK,926,2026-09-26T17:02:24.714Z,
ACK,927,2026-09-26T17:02:24.832Z,
ACK,928,2026-09-26T17:02:24.932Z,
ACK,929,2026-09-26T17:02:25.032Z,
ACK,930,2026-09-26T17:02:25.132Z,
ACK,931,2026-09-26T17:02:25.234Z,
ACK,932,2026-09-26T17:02:25.332Z,
ACK,933,2026-09-26T17:02:25.434Z,
ACK,934,2026-09-26T17:02:25.534Z,
ACK,935,2026-09-26T17:02:25.635Z,
ACK,936,2026-09-26T17:02:25.738Z,
ACK,937,2026-09-26T17:02:25.835Z,
ACK,938,2026-09-26T17:02:25.946Z,
ACK,939,2026-09-26T17:02:26.041Z,
ACK,940,2026-09-26T17:02:26.144Z,
ACK,941,2026-09-26T17:02:26.248Z,
ACK,942,2026-09-26T17:02:26.344Z,
ACK,943,2026-09-26T17:02:26.447Z,
ACK,944,2026-09-26T17:02:26.544Z,
ACK,945,2026-09-26T17:02:26.648Z,
ACK,946,2026-09-26T17:02:26.746Z,
ACK,947,2026-09-26T17:02:26.851Z,
ACK,948,2026-09-26T17:02:26.948Z,
ACK,949,2026-09-26T17:02:27.060Z,
ACK,950,2026-09-26T17:02:27.159Z,
ACK,951,2026-09-26T17:02:27.283Z,
ACK,952,2026-09-26T17:02:27.462Z,
ACK,953,2026-09-26T17:02:27.574Z,
ACK,954,2026-09-26T17:02:27.681Z,
ACK,955,2026-09-26T17:02:27.800Z,
ACK,956,2026-09-26T17:02:27.904Z,
ACK,957,2026-09-26T17:02:28.002Z,
ACK,958,2026-09-26T17:02:28.129Z,
ACK,959,2026-09-26T17:02:28.241Z,
ACK,960,2026-09-26T17:02:28.342Z,
ACK,961,2026-09-26T17:02:28.444Z,
ACK,962,2026-09-26T17:02:28.548Z,
ACK,963,2026-09-26T17:02:28.671Z,
ACK,964,2026-09-26T17:02:28.807Z,
ACK,965,2026-09-26T17:02:28.908Z,
ACK,966,2026-09-26T17:02:29.008Z,
ACK,967,2026-09-26T17:02:29.111Z,
ACK,968,2026-09-26T17:02:29.208Z,
ACK,969,2026-09-26T17:02:29.312Z,
ACK,970,2026-09-26T17:02:29.433Z,
ACK,971,2026-09-26T17:02:29.557Z,
ACK,972,2026-09-26T17:02:29.662Z,
ACK,973,2026-09-26T17:02:29.768Z,
ACK,974,2026-09-26T17:02:29.867Z,
ACK,975,2026-09-26T17:02:29.969Z,
ACK,976,2026-09-26T17:02:30.071Z,
ACK,977,2026-09-26T17:02:30.169Z,
ACK,978,2026-09-26T17:02:30.273Z,
ACK,979,2026-09-26T17:02:30.372Z,
ACK,980,2026-09-26T17:02:30.467Z,
ACK,981,2026-09-26T17:02:30.572Z,
ACK,982,2026-09-26T17:02:30.683Z,
ACK,983,2026-09-26T17:02:30.786Z,
ACK,984,2026-09-26T17:02:30.891Z,
ACK,985,2026-09-26T17:02:30.989Z,
ACK,986,2026-09-26T17:02:31.090Z,
ACK,987,2026-09-26T17:02:31.195Z,
ACK,988,2026-09-26T17:02:31.296Z,
ACK,989,2026-09-26T17:02:31.392Z,
ACK,990,2026-09-26T17:02:31.493Z,
ACK,991,2026-09-26T17:02:31.607Z,
ACK,992,2026-09-26T17:02:31.706Z,
ACK,993,2026-09-26T17:02:31.813Z,
ACK,994,2026-09-26T17:02:31.910Z,
ACK,995,2026-09-26T17:02:32.105Z,
ACK,996,2026-09-26T17:02:32.206Z,
ACK,997,2026-09-26T17:02:32.305Z,
ACK,998,2026-09-26T17:02:32.408Z,
ACK,999,2026-09-26T17:02:32.516Z,
ACK,1000,2026-09-26T17:02:32.611Z,
ACK,1001,2026-09-26T17:02:32.720Z,
ACK,1002,2026-09-26T17:02:32.822Z,
ACK,1003,2026-09-26T17:02:32.942Z,
ACK,1004,2026-09-26T17:02:33.132Z,
ACK,1005,2026-09-26T17:02:33.229Z,
ACK,1006,2026-09-26T17:02:33.340Z,
ACK,1007,2026-09-26T17:02:33.441Z,
ACK,1008,2026-09-26T17:02:33.557Z,
ACK,1009,2026-09-26T17:02:33.656Z,
ACK,1010,2026-09-26T17:02:33.766Z,
ACK,1011,2026-09-26T17:02:33.916Z,
ACK,1012,2026-09-26T17:02:34.016Z,
ACK,1013,2026-09-26T17:02:34.124Z,
ACK,1014,2026-09-26T17:02:34.243Z,
ACK,1015,2026-09-26T17:02:34.344Z,
ACK,1016,2026-09-26T17:02:34.451Z,
ACK,1017,2026-09-26T17:02:34.553Z,
ACK,1018,2026-09-26T17:02:34.669Z,
ACK,1019,2026-09-26T17:02:34.767Z,
ACK,1020,2026-09-26T17:02:34.867Z,
ACK,1021,2026-09-26T17:02:34.977Z,
ACK,1022,2026-09-26T17:02:35.072Z,
ACK,1023,2026-09-26T17:02:35.188Z,
ACK,1024,2026-09-26T17:02:35.286Z,
ACK,1025,2026-09-26T17:02:35.386Z,
ACK,1026,2026-09-26T17:02:35.487Z,
ACK,1027,2026-09-26T17:02:35.591Z,
ACK,1028,2026-09-26T17:02:35.685Z,
ACK,1029,2026-09-26T17:02:35.789Z,
ACK,1030,2026-09-26T17:02:35.893Z,
ACK,1031,2026-09-26T17:02:35.990Z,
ACK,1032,2026-09-26T17:02:36.091Z,
ACK,1033,2026-09-26T17:02:36.216Z,
ACK,1034,2026-09-26T17:02:36.319Z,
ACK,1035,2026-09-26T17:02:36.437Z,
ACK,1036,2026-09-26T17:02:36.546Z,
ACK,1037,2026-09-26T17:02:36.666Z,
ACK,1038,2026-09-26T17:02:36.766Z,
ACK,1039,2026-09-26T17:02:36.896Z,
ACK,1040,2026-09-26T17:02:37.005Z,
ACK,1041,2026-09-26T17:02:37.102Z,
ACK,1042,2026-09-26T17:02:37.225Z,
ACK,1043,2026-09-26T17:02:37.323Z,
ACK,1044,2026-09-26T17:02:37.440Z,
ACK,1045,2026-09-26T17:02:37.543Z,
ACK,1046,2026-09-26T17:02:37.646Z,
ACK,1047,2026-09-26T17:02:37.747Z,
ACK,1048,2026-09-26T17:02:37.845Z,
ACK,1049,2026-09-26T17:02:37.946Z,
ACK,1050,2026-09-26T17:02:38.053Z,
ACK,1051,2026-09-26T17:02:38.158Z,
ACK,1052,2026-09-26T17:02:38.256Z,
ACK,1053,2026-09-26T17:02:38.361Z,
ACK,1054,2026-09-26T17:02:38.472Z,
ACK,1055,2026-09-26T17:02:38.583Z,
ACK,1056,2026-09-26T17:02:38.698Z,
ACK,1057,2026-09-26T17:02:38.804Z,
ACK,1058,2026-09-26T17:02:39.060Z,
ACK,1059,2026-09-26T17:02:39.175Z,
ACK,1060,2026-09-26T17:02:39.274Z,
ACK,1061,2026-09-26T17:02:39.385Z,
ACK,1062,2026-09-26T17:02:39.484Z,
ACK,1063,2026-09-26T17:02:39.592Z,
ACK,1064,2026-09-26T17:02:39.692Z,
ACK,1065,2026-09-26T17:02:39.843Z,
ACK,1066,2026-09-26T17:02:39.939Z,
ACK,1067,2026-09-26T17:02:40.057Z,
ACK,1068,2026-09-26T17:02:40.166Z,
ACK,1069,2026-09-26T17:02:40.279Z,
ACK,1070,2026-09-26T17:02:40.380Z,
ACK,1071,2026-09-26T17:02:40.488Z,
ACK,1072,2026-09-26T17:02:40.589Z,
ACK,1073,2026-09-26T17:02:40.687Z,
ACK,1074,2026-09-26T17:02:40.789Z,
ACK,1075,2026-09-26T17:02:40.897Z,
ACK,1076,2026-09-26T17:02:41.018Z,
ACK,1077,2026-09-26T17:02:41.164Z,
ACK,1078,2026-09-26T17:02:41.270Z,
ACK,1079,2026-09-26T17:02:41.386Z,
ACK,1080,2026-09-26T17:02:41.485Z,
ACK,1081,2026-09-26T17:02:41.640Z,
ACK,1082,2026-09-26T17:02:41.739Z,
ACK,1083,2026-09-26T17:02:41.842Z,
ACK,1084,2026-09-26T17:02:42.061Z,
ACK,1085,2026-09-26T17:02:42.158Z,
ACK,1086,2026-09-26T17:02:42.262Z,
ACK,1087,2026-09-26T17:02:42.374Z,
ACK,1088,2026-09-26T17:02:42.489Z,
ACK,1089,2026-09-26T17:02:42.591Z,
ACK,1090,2026-09-26T17:02:42.687Z,
ACK,1091,2026-09-26T17:02:42.786Z,
ACK,1092,2026-09-26T17:02:42.898Z,
ACK,1093,2026-09-26T17:02:43.010Z,
ACK,1094,2026-09-26T17:02:43.117Z,
ACK,1095,2026-09-26T17:02:43.213Z,
ACK,1096,2026-09-26T17:02:43.321Z,
ACK,1097,2026-09-26T17:02:43.425Z,
ACK,1098,2026-09-26T17:02:43.525Z,
ACK,1099,2026-09-26T17:02:43.622Z,
ACK,1100,2026-09-26T17:02:43.720Z,
ACK,1101,2026-09-26T17:02:43.826Z,
ACK,1102,2026-09-26T17:02:43.919Z,
ACK,1103,2026-09-26T17:02:44.025Z,
ACK,1104,2026-09-26T17:02:44.125Z,
ACK,1105,2026-09-26T17:02:44.238Z,
ACK,1106,2026-09-26T17:02:44.336Z,
ACK,1107,2026-09-26T17:02:44.437Z,
ACK,1108,2026-09-26T17:02:44.539Z,
ACK,1109,2026-09-26T17:02:44.643Z,
ACK,1110,2026-09-26T17:02:44.788Z,
ACK,1111,2026-09-26T17:02:44.939Z,
ACK,1112,2026-09-26T17:02:45.065Z,
ACK,1113,2026-09-26T17:02:45.167Z,
ACK,1114,2026-09-26T17:02:45.277Z,
ACK,1115,2026-09-26T17:02:45.375Z,
ACK,1116,2026-09-26T17:02:45.479Z,
ACK,1117,2026-09-26T17:02:45.581Z,
ACK,1118,2026-09-26T17:02:45.685Z,
ACK,1119,2026-09-26T17:02:45.789Z,
ACK,1120,2026-09-26T17:02:45.889Z,
ACK,1121,2026-09-26T17:02:45.988Z,
ACK,1122,2026-09-26T17:02:46.089Z,
ACK,1123,2026-09-26T17:02:46.197Z,
ACK,1124,2026-09-26T17:02:46.315Z,
ACK,1125,2026-09-26T17:02:46.412Z,
ACK,1126,2026-09-26T17:02:46.519Z,
ACK,1127,2026-09-26T17:02:46.616Z,
ACK,1128,2026-09-26T17:02:46.751Z,
ACK,1129,2026-09-26T17:02:46.848Z,
ACK,1130,2026-09-26T17:02:46.964Z,
ACK,1131,2026-09-26T17:02:47.079Z,
ACK,1132,2026-09-26T17:02:47.176Z,
ACK,1133,2026-09-26T17:02:47.281Z,
ACK,1134,2026-09-26T17:02:47.464Z,
ACK,1135,2026-09-26T17:02:47.583Z,
ACK,1136,2026-09-26T17:02:47.704Z,
ACK,1137,2026-09-26T17:02:47.799Z,
ACK,1138,2026-09-26T17:02:47.947Z,
ACK,1139,2026-09-26T17:02:48.058Z,
ACK,1140,2026-09-26T17:02:48.374Z,
ACK,1141,2026-09-26T17:02:48.477Z,
ACK,1142,2026-09-26T17:02:48.576Z,
ACK,1143,2026-09-26T17:02:48.676Z,
ACK,1144,2026-09-26T17:02:48.781Z,
ACK,1145,2026-09-26T17:02:48.878Z,
ACK,1146,2026-09-26T17:02:49.003Z,
ACK,1147,2026-09-26T17:02:49.148Z,
ACK,1148,2026-09-26T17:02:49.244Z,
ACK,1149,2026-09-26T17:02:49.352Z,
ACK,1150,2026-09-26T17:02:49.449Z,
ACK,1151,2026-09-26T17:02:49.560Z,
ACK,1152,2026-09-26T17:02:49.670Z,
ACK,1153,2026-09-26T17:02:49.791Z,
ACK,1154,2026-09-26T17:02:49.890Z,
ACK,1155,2026-09-26T17:02:50.099Z,
ACK,1156,2026-09-26T17:02:50.194Z,
ACK,1157,2026-09-26T17:02:50.297Z,
ACK,1158,2026-09-26T17:02:50.405Z,
ACK,1159,2026-09-26T17:02:50.512Z,
ACK,1160,2026-09-26T17:02:50.609Z,
ACK,1161,2026-09-26T17:02:50.712Z,
ACK,1162,2026-09-26T17:02:50.820Z,
ACK,1163,2026-09-26T17:02:50.927Z,
ACK,1164,2026-09-26T17:02:51.030Z,
ACK,1165,2026-09-26T17:02:51.131Z,
ACK,1166,2026-09-26T17:02:51.230Z,
ACK,1167,2026-09-26T17:02:51.326Z,
ACK,1168,2026-09-26T17:02:51.430Z,
ACK,1169,2026-09-26T17:02:51.535Z,
ACK,1170,2026-09-26T17:02:51.633Z,
ACK,1171,2026-09-26T17:02:51.734Z,
ACK,1172,2026-09-26T17:02:51.838Z,
ACK,1173,2026-09-26T17:02:51.985Z,
ACK,1174,2026-09-26T17:02:52.090Z,
ACK,1175,2026-09-26T17:02:52.200Z,
ACK,1176,2026-09-26T17:02:52.298Z,
ACK,1177,2026-09-26T17:02:52.398Z,
ACK,1178,2026-09-26T17:02:52.500Z,
ACK,1179,2026-09-26T17:02:52.606Z,
ACK,1180,2026-09-26T17:02:52.708Z,
ACK,1181,2026-09-26T17:02:52.848Z,
ACK,1182,2026-09-26T17:02:52.949Z,
ACK,1183,2026-09-26T17:02:53.048Z,
ACK,1184,2026-09-26T17:02:53.162Z,
ACK,1185,2026-09-26T17:02:53.331Z,
ACK,1186,2026-09-26T17:02:53.447Z,
ACK,1187,2026-09-26T17:02:53.550Z,
ACK,1188,2026-09-26T17:02:53.645Z,
ACK,1189,2026-09-26T17:02:53.752Z,
ACK,1190,2026-09-26T17:02:53.982Z,
ACK,1191,2026-09-26T17:02:54.122Z,
ACK,1192,2026-09-26T17:02:54.224Z,
ACK,1193,2026-09-26T17:02:54.321Z,
ACK,1194,2026-09-26T17:02:54.432Z,
ACK,1195,2026-09-26T17:02:54.530Z,
ACK,1196,2026-09-26T17:02:54.642Z,
ACK,1197,2026-09-26T17:02:54.739Z,
ACK,1198,2026-09-26T17:02:54.856Z,
ACK,1199,2026-09-26T17:02:54.951Z,
ACK,1200,2026-09-26T17:02:55.050Z,
ACK,1201,2026-09-26T17:02:55.161Z,
ACK,1202,2026-09-26T17:02:55.309Z,
ACK,1203,2026-09-26T17:02:55.448Z,
ACK,1204,2026-09-26T17:02:55.585Z,
ACK,1205,2026-09-26T17:02:55.729Z,
ACK,1206,2026-09-26T17:02:55.856Z,
ACK,1207,2026-09-26T17:02:55.986Z,
ACK,1208,2026-09-26T17:02:56.084Z,
ACK,1209,2026-09-26T17:02:56.227Z,
ACK,1210,2026-09-26T17:02:56.364Z,
ACK,1211,2026-09-26T17:02:56.483Z,
ACK,1212,2026-09-26T17:02:56.605Z,
ACK,1213,2026-09-26T17:02:56.742Z,
ACK,1214,2026-09-26T17:02:56.856Z,
ACK,1215,2026-09-26T17:02:56.956Z,
ACK,1216,2026-09-26T17:02:57.054Z,
ACK,1217,2026-09-26T17:02:57.153Z,
ACK,1218,2026-09-26T17:02:57.256Z,
ACK,1219,2026-09-26T17:02:57.386Z,
ACK,1220,2026-09-26T17:02:57.505Z,
ACK,1221,2026-09-26T17:02:57.608Z,
ACK,1222,2026-09-26T17:02:57.703Z,
ACK,1223,2026-09-26T17:02:57.819Z,
ACK,1224,2026-09-26T17:02:57.915Z,
ACK,1225,2026-09-26T17:02:58.014Z,
ACK,1226,2026-09-26T17:02:58.124Z,
ACK,1227,2026-09-26T17:02:58.225Z,
ACK,1228,2026-09-26T17:02:58.322Z,
ACK,1229,2026-09-26T17:02:58.422Z,
ACK,1230,2026-09-26T17:02:58.535Z,
ACK,1231,2026-09-26T17:02:58.649Z,
ACK,1232,2026-09-26T17:02:58.744Z,
ACK,1233,2026-09-26T17:02:58.856Z,
ACK,1234,2026-09-26T17:02:58.972Z,
ACK,1235,2026-09-26T17:02:59.084Z,
ACK,1236,2026-09-26T17:02:59.185Z,
ACK,1237,2026-09-26T17:02:59.289Z,
ACK,1238,2026-09-26T17:02:59.408Z,
ACK,1239,2026-09-26T17:02:59.621Z,
ACK,1240,2026-09-26T17:02:59.718Z,
ACK,1241,2026-09-26T17:02:59.855Z,
ACK,1242,2026-09-26T17:02:59.954Z,
ACK,1243,2026-09-26T17:03:00.050Z,
ACK,1244,2026-09-26T17:03:00.155Z,
ACK,1245,2026-09-26T17:03:00.287Z,
ACK,1246,2026-09-26T17:03:00.389Z,
ACK,1247,2026-09-26T17:03:00.490Z,
ACK,1248,2026-09-26T17:03:00.589Z,
ACK,1249,2026-09-26T17:03:00.690Z,
ACK,1250,2026-09-26T17:03:00.803Z,
ACK,1251,2026-09-26T17:03:00.901Z,
ACK,1252,2026-09-26T17:03:01.003Z,
ACK,1253,2026-09-26T17:03:01.121Z,
ACK,1254,2026-09-26T17:03:01.220Z,
ACK,1255,2026-09-26T17:03:01.329Z,
ACK,1256,2026-09-26T17:03:01.463Z,
ACK,1257,2026-09-26T17:03:01.565Z,
ACK,1258,2026-09-26T17:03:01.667Z,
ACK,1259,2026-09-26T17:03:01.778Z,
ACK,1260,2026-09-26T17:03:01.876Z,
ACK,1261,2026-09-26T17:03:01.978Z,
ACK,1262,2026-09-26T17:03:02.087Z,
ACK,1263,2026-09-26T17:03:02.192Z,
ACK,1264,2026-09-26T17:03:02.300Z,
ACK,1265,2026-09-26T17:03:02.396Z,
ACK,1266,2026-09-26T17:03:02.499Z,
ACK,1267,2026-09-26T17:03:02.600Z,
ACK,1268,2026-09-26T17:03:02.697Z,
ACK,1269,2026-09-26T17:03:02.802Z,
ACK,1270,2026-09-26T17:03:02.899Z,
ACK,1271,2026-09-26T17:03:03.011Z,
ACK,1272,2026-09-26T17:03:03.108Z,
ACK,1273,2026-09-26T17:03:03.215Z,
ACK,1274,2026-09-26T17:03:03.313Z,
ACK,1275,2026-09-26T17:03:03.415Z,
ACK,1276,2026-09-26T17:03:03.513Z,
ACK,1277,2026-09-26T17:03:03.617Z,
ACK,1278,2026-09-26T17:03:03.923Z,
ACK,1279,2026-09-26T17:03:04.134Z,
ACK,1280,2026-09-26T17:03:04.236Z,
ACK,1281,2026-09-26T17:03:04.344Z,
ACK,1282,2026-09-26T17:03:04.441Z,
ACK,1283,2026-09-26T17:03:04.551Z,
ACK,1284,2026-09-26T17:03:04.645Z,
ACK,1285,2026-09-26T17:03:04.958Z,
ACK,1286,2026-09-26T17:03:05.104Z,
ACK,1287,2026-09-26T17:03:05.203Z,
ACK,1288,2026-09-26T17:03:05.298Z,
ACK,1289,2026-09-26T17:03:05.404Z,
ACK,1290,2026-09-26T17:03:05.499Z,
ACK,1291,2026-09-26T17:03:05.608Z,
ACK,1292,2026-09-26T17:03:05.707Z,
ACK,1293,2026-09-26T17:03:05.806Z,
ACK,1294,2026-09-26T17:03:05.903Z,
ACK,1295,2026-09-26T17:03:06.007Z,
ACK,1296,2026-09-26T17:03:06.112Z,
ACK,1297,2026-09-26T17:03:06.206Z,
ACK,1298,2026-09-26T17:03:06.312Z,
ACK,1299,2026-09-26T17:03:06.434Z,
ACK,1300,2026-09-26T17:03:06.531Z,
ACK,1301,2026-09-26T17:03:06.633Z,
ACK,1302,2026-09-26T17:03:06.729Z,
ACK,1303,2026-09-26T17:03:06.850Z,
ACK,1304,2026-09-26T17:03:06.951Z,
ACK,1305,2026-09-26T17:03:07.061Z,
ACK,1306,2026-09-26T17:03:07.196Z,
ACK,1307,2026-09-26T17:03:07.293Z,
ACK,1308,2026-09-26T17:03:07.392Z,
ACK,1309,2026-09-26T17:03:07.495Z,
ACK,1310,2026-09-26T17:03:07.600Z,
ACK,1311,2026-09-26T17:03:07.697Z,
ACK,1312,2026-09-26T17:03:07.812Z,
ACK,1313,2026-09-26T17:03:07.941Z,
ACK,1314,2026-09-26T17:03:08.041Z,
ACK,1315,2026-09-26T17:03:08.141Z,
ACK,1316,2026-09-26T17:03:08.261Z,
ACK,1317,2026-09-26T17:03:08.367Z,
ACK,1318,2026-09-26T17:03:08.474Z,
ACK,1319,2026-09-26T17:03:08.576Z,
ACK,1320,2026-09-26T17:03:08.673Z,
ACK,1321,2026-09-26T17:03:08.775Z,
ACK,1322,2026-09-26T17:03:08.871Z,
ACK,1323,2026-09-26T17:03:09.043Z,
ACK,1324,2026-09-26T17:03:09.162Z,
ACK,1325,2026-09-26T17:03:09.265Z,
ACK,1326,2026-09-26T17:03:09.361Z,
ACK,1327,2026-09-26T17:03:09.469Z,
ACK,1328,2026-09-26T17:03:09.566Z,
ACK,1329,2026-09-26T17:03:09.688Z,
ACK,1330,2026-09-26T17:03:09.794Z,
ACK,1331,2026-09-26T17:03:09.891Z,
ACK,1332,2026-09-26T17:03:09.992Z,
ACK,1333,2026-09-26T17:03:10.149Z,
ACK,1334,2026-09-26T17:03:10.263Z,
ACK,1335,2026-09-26T17:03:10.362Z,
ACK,1336,2026-09-26T17:03:10.468Z,
ACK,1337,2026-09-26T17:03:10.564Z,
ACK,1338,2026-09-26T17:03:10.666Z,
ACK,1339,2026-09-26T17:03:10.765Z,
ACK,1340,2026-09-26T17:03:10.880Z,
ACK,1341,2026-09-26T17:03:10.985Z,
ACK,1342,2026-09-26T17:03:11.082Z,
ACK,1343,2026-09-26T17:03:11.184Z,
ACK,1344,2026-09-26T17:03:11.282Z,
ACK,1345,2026-09-26T17:03:11.385Z,
ACK,1346,2026-09-26T17:03:11.484Z,
ACK,1347,2026-09-26T17:03:11.599Z,
ACK,1348,2026-09-26T17:03:11.698Z,
ACK,1349,2026-09-26T17:03:11.800Z,
ACK,1350,2026-09-26T17:03:11.911Z,
ACK,1351,2026-09-26T17:03:12.016Z,
ACK,1352,2026-09-26T17:03:12.140Z,
ACK,1353,2026-09-26T17:03:12.337Z,
ACK,1354,2026-09-26T17:03:12.435Z,
ACK,1355,2026-09-26T17:03:12.554Z,
ACK,1356,2026-09-26T17:03:12.652Z,
ACK,1357,2026-09-26T17:03:12.748Z,
ACK,1358,2026-09-26T17:03:12.854Z,
ACK,1359,2026-09-26T17:03:12.954Z,
ACK,1360,2026-09-26T17:03:13.052Z,
ACK,1361,2026-09-26T17:03:13.155Z,
ACK,1362,2026-09-26T17:03:13.252Z,
ACK,1363,2026-09-26T17:03:13.352Z,
ACK,1364,2026-09-26T17:03:13.453Z,
ACK,1365,2026-09-26T17:03:13.555Z,
ACK,1366,2026-09-26T17:03:13.658Z,
ACK,1367,2026-09-26T17:03:13.759Z,
ACK,1368,2026-09-26T17:03:13.861Z,
ACK,1369,2026-09-26T17:03:13.960Z,
ACK,1370,2026-09-26T17:03:14.066Z,
ACK,1371,2026-09-26T17:03:14.166Z,
ACK,1372,2026-09-26T17:03:14.377Z,
ACK,1373,2026-09-26T17:03:14.475Z,
ACK,1374,2026-09-26T17:03:14.577Z,
ACK,1375,2026-09-26T17:03:14.684Z,
ACK,1376,2026-09-26T17:03:14.781Z,
ACK,1377,2026-09-26T17:03:14.909Z,
ACK,1378,2026-09-26T17:03:15.007Z,
ACK,1379,2026-09-26T17:03:15.108Z,
ACK,1380,2026-09-26T17:03:15.207Z,
ACK,1381,2026-09-26T17:03:15.304Z,
ACK,1382,2026-09-26T17:03:15.406Z,
ACK,1383,2026-09-26T17:03:15.505Z,
ACK,1384,2026-09-26T17:03:15.606Z,
ACK,1385,2026-09-26T17:03:15.753Z,
ACK,1386,2026-09-26T17:03:15.862Z,
ACK,1387,2026-09-26T17:03:15.968Z,
ACK,1388,2026-09-26T17:03:16.066Z,
ACK,1389,2026-09-26T17:03:16.161Z,
ACK,1390,2026-09-26T17:03:16.270Z,
ACK,1391,2026-09-26T17:03:16.364Z,
ACK,1392,2026-09-26T17:03:16.480Z,
ACK,1393,2026-09-26T17:03:16.579Z,
ACK,1394,2026-09-26T17:03:16.890Z,
ACK,1395,2026-09-26T17:03:17.005Z,
ACK,1396,2026-09-26T17:03:17.103Z,
ACK,1397,2026-09-26T17:03:17.202Z,
ACK,1398,2026-09-26T17:03:17.309Z,
ACK,1399,2026-09-26T17:03:17.409Z,
ACK,1400,2026-09-26T17:03:17.507Z,
ACK,1401,2026-09-26T17:03:17.615Z,
ACK,1402,2026-09-26T17:03:17.734Z,
ACK,1403,2026-09-26T17:03:17.836Z,
ACK,1404,2026-09-26T17:03:17.933Z,
ACK,1405,2026-09-26T17:03:18.050Z,
ACK,1406,2026-09-26T17:03:18.150Z,
ACK,1407,2026-09-26T17:03:18.251Z,
ACK,1408,2026-09-26T17:03:18.351Z,
ACK,1409,2026-09-26T17:03:18.450Z,
ACK,1410,2026-09-26T17:03:18.551Z,
ACK,1411,2026-09-26T17:03:18.647Z,
ACK,1412,2026-09-26T17:03:18.758Z,
ACK,1413,2026-09-26T17:03:18.883Z,
ACK,1414,2026-09-26T17:03:18.981Z,
ACK,1415,2026-09-26T17:03:19.077Z,
ACK,1416,2026-09-26T17:03:19.205Z,
ACK,1417,2026-09-26T17:03:19.307Z,
ACK,1418,2026-09-26T17:03:19.433Z,
ACK,1419,2026-09-26T17:03:19.540Z,
ACK,1420,2026-09-26T17:03:19.641Z,
ACK,1421,2026-09-26T17:03:19.736Z,
ACK,1422,2026-09-26T17:03:19.841Z,
ACK,1423,2026-09-26T17:03:19.940Z,
ACK,1424,2026-09-26T17:03:20.043Z,
ACK,1425,2026-09-26T17:03:20.142Z,
ACK,1426,2026-09-26T17:03:20.252Z,
ACK,1427,2026-09-26T17:03:20.349Z,
ACK,1428,2026-09-26T17:03:20.447Z,
ACK,1429,2026-09-26T17:03:20.555Z,
ACK,1430,2026-09-26T17:03:20.672Z,
ACK,1431,2026-09-26T17:03:20.772Z,
ACK,1432,2026-09-26T17:03:20.869Z,
ACK,1433,2026-09-26T17:03:20.970Z,
ACK,1434,2026-09-26T17:03:21.108Z,
ACK,1435,2026-09-26T17:03:21.203Z,
ACK,1436,2026-09-26T17:03:21.306Z,
ACK,1437,2026-09-26T17:03:21.406Z,
ACK,1438,2026-09-26T17:03:21.504Z,
ACK,1439,2026-09-26T17:03:21.605Z,
ACK,1440,2026-09-26T17:03:21.727Z,
ACK,1441,2026-09-26T17:03:21.825Z,
ACK,1442,2026-09-26T17:03:21.922Z,
ACK,1443,2026-09-26T17:03:22.069Z,
ACK,1444,2026-09-26T17:03:22.233Z,
ACK,1445,2026-09-26T17:03:22.363Z,
ACK,1446,2026-09-26T17:03:22.631Z,
ACK,1447,2026-09-26T17:03:22.746Z,
ACK,1448,2026-09-26T17:03:22.847Z,
ACK,1449,2026-09-26T17:03:22.960Z,
ACK,1450,2026-09-26T17:03:23.057Z,
ACK,1451,2026-09-26T17:03:23.160Z,
ACK,1452,2026-09-26T17:03:23.257Z,
ACK,1453,2026-09-26T17:03:23.358Z,
ACK,1454,2026-09-26T17:03:23.455Z,
ACK,1455,2026-09-26T17:03:23.564Z,
ACK,1456,2026-09-26T17:03:23.666Z,
ACK,1457,2026-09-26T17:03:23.761Z,
ACK,1458,2026-09-26T17:03:23.871Z,
ACK,1459,2026-09-26T17:03:23.969Z,
ACK,1460,2026-09-26T17:03:24.133Z,
ACK,1461,2026-09-26T17:03:24.236Z,
ACK,1462,2026-09-26T17:03:24.335Z,
ACK,1463,2026-09-26T17:03:24.442Z,
ACK,1464,2026-09-26T17:03:24.539Z,
ACK,1465,2026-09-26T17:03:24.640Z,
ACK,1466,2026-09-26T17:03:24.747Z,
ACK,1467,2026-09-26T17:03:24.847Z,
ACK,1468,2026-09-26T17:03:24.945Z,
ACK,1469,2026-09-26T17:03:25.047Z,
ACK,1470,2026-09-26T17:03:25.147Z,
ACK,1471,2026-09-26T17:03:25.250Z,
ACK,1472,2026-09-26T17:03:25.362Z,
ACK,1473,2026-09-26T17:03:25.460Z,
ACK,1474,2026-09-26T17:03:25.567Z,
ACK,1475,2026-09-26T17:03:25.666Z,
ACK,1476,2026-09-26T17:03:25.773Z,
ACK,1477,2026-09-26T17:03:25.874Z,
ACK,1478,2026-09-26T17:03:25.977Z,
ACK,1479,2026-09-26T17:03:26.081Z,
ACK,1480,2026-09-26T17:03:26.189Z,
ACK,1481,2026-09-26T17:03:26.338Z,
ACK,1482,2026-09-26T17:03:26.454Z,
ACK,1483,2026-09-26T17:03:26.553Z,
ACK,1484,2026-09-26T17:03:26.660Z,
ACK,1485,2026-09-26T17:03:26.782Z,
ACK,1486,2026-09-26T17:03:26.919Z,
ACK,1487,2026-09-26T17:03:27.014Z,
ACK,1488,2026-09-26T17:03:27.120Z,
ACK,1489,2026-09-26T17:03:27.223Z,
ACK,1490,2026-09-26T17:03:27.334Z,
ACK,1491,2026-09-26T17:03:27.432Z,
ACK,1492,2026-09-26T17:03:27.531Z,
ACK,1493,2026-09-26T17:03:27.636Z,
ACK,1494,2026-09-26T17:03:27.734Z,
ACK,1495,2026-09-26T17:03:27.830Z,
ACK,1496,2026-09-26T17:03:27.935Z,
ACK,1497,2026-09-26T17:03:28.035Z,
ACK,1498,2026-09-26T17:03:28.153Z,
ACK,1499,2026-09-26T17:03:28.268Z,
ACK,1500,2026-09-26T17:03:28.367Z,
ACK,1501,2026-09-26T17:03:28.488Z,
ACK,1502,2026-09-26T17:03:28.603Z,
ACK,1503,2026-09-26T17:03:28.722Z,
ACK,1504,2026-09-26T17:03:28.851Z,
ACK,1505,2026-09-26T17:03:28.962Z,
ACK,1506,2026-09-26T17:03:29.062Z,
ACK,1507,2026-09-26T17:03:29.180Z,
ACK,1508,2026-09-26T17:03:29.312Z,
ACK,1509,2026-09-26T17:03:29.422Z,
ACK,1510,2026-09-26T17:03:29.583Z,
ACK,1511,2026-09-26T17:03:29.693Z,
ACK,1512,2026-09-26T17:03:29.805Z,
ACK,1513,2026-09-26T17:03:29.920Z,
ACK,1514,2026-09-26T17:03:30.064Z,
ACK,1515,2026-09-26T17:03:30.168Z,
ACK,1516,2026-09-26T17:03:30.264Z,
ACK,1517,2026-09-26T17:03:30.388Z,
ACK,1518,2026-09-26T17:03:30.491Z,
ACK,1519,2026-09-26T17:03:30.590Z,
ACK,1520,2026-09-26T17:03:30.700Z,
ACK,1521,2026-09-26T17:03:30.804Z,
ACK,1522,2026-09-26T17:03:30.930Z,
ACK,1523,2026-09-26T17:03:31.053Z,
ACK,1524,2026-09-26T17:03:31.152Z,
ACK,1525,2026-09-26T17:03:31.278Z,
ACK,1526,2026-09-26T17:03:31.396Z,
ACK,1527,2026-09-26T17:03:31.502Z,
ACK,1528,2026-09-26T17:03:31.604Z,
ACK,1529,2026-09-26T17:03:31.711Z,
ACK,1530,2026-09-26T17:03:31.806Z,
ACK,1531,2026-09-26T17:03:31.913Z,
ACK,1532,2026-09-26T17:03:32.030Z,
ACK,1533,2026-09-26T17:03:32.141Z,
ACK,1534,2026-09-26T17:03:32.269Z,
ACK,1535,2026-09-26T17:03:32.387Z,
ACK,1536,2026-09-26T17:03:32.503Z,
ACK,1537,2026-09-26T17:03:32.603Z,
ACK,1538,2026-09-26T17:03:32.731Z,
ACK,1539,2026-09-26T17:03:32.854Z,
ACK,1540,2026-09-26T17:03:32.963Z,
ACK,1541,2026-09-26T17:03:33.062Z,
ACK,1542,2026-09-26T17:03:33.195Z,
ACK,1543,2026-09-26T17:03:33.304Z,
ACK,1544,2026-09-26T17:03:33.428Z,
ACK,1545,2026-09-26T17:03:33.527Z,
ACK,1546,2026-09-26T17:03:33.643Z,
ACK,1547,2026-09-26T17:03:33.747Z,
ACK,1548,2026-09-26T17:03:33.878Z,
ACK,1549,2026-09-26T17:03:33.972Z,
ACK,1550,2026-09-26T17:03:34.115Z,
ACK,1551,2026-09-26T17:03:34.218Z,
ACK,1552,2026-09-26T17:03:34.339Z,
ACK,1553,2026-09-26T17:03:34.448Z,
ACK,1554,2026-09-26T17:03:34.574Z,
ACK,1555,2026-09-26T17:03:34.679Z,
ACK,1556,2026-09-26T17:03:34.825Z,
ACK,1557,2026-09-26T17:03:34.934Z,
ACK,1558,2026-09-26T17:03:35.033Z,
ACK,1559,2026-09-26T17:03:35.138Z,
ACK,1560,2026-09-26T17:03:35.245Z,
ACK,1561,2026-09-26T17:03:35.340Z,
ACK,1562,2026-09-26T17:03:35.442Z,
ACK,1563,2026-09-26T17:03:35.549Z,
ACK,1564,2026-09-26T17:03:35.646Z,
ACK,1565,2026-09-26T17:03:35.744Z,
ACK,1566,2026-09-26T17:03:35.949Z,
ACK,1567,2026-09-26T17:03:36.061Z,
ACK,1568,2026-09-26T17:03:36.160Z,
ACK,1569,2026-09-26T17:03:36.261Z,
ACK,1570,2026-09-26T17:03:36.364Z,
ACK,1571,2026-09-26T17:03:36.470Z,
ACK,1572,2026-09-26T17:03:36.571Z,
ACK,1573,2026-09-26T17:03:36.691Z,
ACK,1574,2026-09-26T17:03:36.800Z,
ACK,1575,2026-09-26T17:03:36.900Z,
ACK,1576,2026-09-26T17:03:37.002Z,
ACK,1577,2026-09-26T17:03:37.109Z,
ACK,1578,2026-09-26T17:03:37.209Z,
ACK,1579,2026-09-26T17:03:37.320Z,
ACK,1580,2026-09-26T17:03:37.427Z,
ACK,1581,2026-09-26T17:03:37.547Z,
ACK,1582,2026-09-26T17:03:37.646Z,
ACK,1583,2026-09-26T17:03:37.747Z,
ACK,1584,2026-09-26T17:03:37.861Z,
ACK,1585,2026-09-26T17:03:37.958Z,
ACK,1586,2026-09-26T17:03:38.104Z,
ACK,1587,2026-09-26T17:03:38.243Z,
ACK,1588,2026-09-26T17:03:38.340Z,
ACK,1589,2026-09-26T17:03:38.444Z,
ACK,1590,2026-09-26T17:03:38.632Z,
ACK,1591,2026-09-26T17:03:38.907Z,
ACK,1592,2026-09-26T17:03:39.022Z,
ACK,1593,2026-09-26T17:03:39.131Z,
ACK,1594,2026-09-26T17:03:39.254Z,
ACK,1595,2026-09-26T17:03:39.376Z,
ACK,1596,2026-09-26T17:03:39.493Z,
ACK,1597,2026-09-26T17:03:39.596Z,
ACK,1598,2026-09-26T17:03:39.712Z,
ACK,1599,2026-09-26T17:03:39.826Z,
ACK,1600,2026-09-26T17:03:39.928Z,
ACK,1601,2026-09-26T17:03:40.026Z,
ACK,1602,2026-09-26T17:03:40.128Z,
ACK,1603,2026-09-26T17:03:40.224Z,
ACK,1604,2026-09-26T17:03:40.326Z,
ACK,1605,2026-09-26T17:03:40.426Z,
ACK,1606,2026-09-26T17:03:40.532Z,
ACK,1607,2026-09-26T17:03:40.629Z,
ACK,1608,2026-09-26T17:03:40.735Z,
ACK,1609,2026-09-26T17:03:40.837Z,
ACK,1610,2026-09-26T17:03:40.937Z,
ACK,1611,2026-09-26T17:03:41.032Z,
ACK,1612,2026-09-26T17:03:41.134Z,
ACK,1613,2026-09-26T17:03:41.240Z,
ACK,1614,2026-09-26T17:03:41.351Z,
ACK,1615,2026-09-26T17:03:41.446Z,
ACK,1616,2026-09-26T17:03:41.546Z,
ACK,1617,2026-09-26T17:03:41.650Z,
ACK,1618,2026-09-26T17:03:41.752Z,
ACK,1619,2026-09-26T17:03:41.850Z,
ACK,1620,2026-09-26T17:03:41.950Z,
ACK,1621,2026-09-26T17:03:42.069Z,
ACK,1622,2026-09-26T17:03:42.183Z,
ACK,1623,2026-09-26T17:03:42.285Z,
ACK,1624,2026-09-26T17:03:42.385Z,
ACK,1625,2026-09-26T17:03:42.489Z,
ACK,1626,2026-09-26T17:03:42.667Z,
ACK,1627,2026-09-26T17:03:42.778Z,
ACK,1628,2026-09-26T17:03:42.935Z,
ACK,1629,2026-09-26T17:03:43.041Z,
ACK,1630,2026-09-26T17:03:43.157Z,
ACK,1631,2026-09-26T17:03:43.313Z,
ACK,1632,2026-09-26T17:03:43.413Z,
ACK,1633,2026-09-26T17:03:43.638Z,
ACK,1634,2026-09-26T17:03:43.738Z,
ACK,1635,2026-09-26T17:03:43.841Z,
ACK,1636,2026-09-26T17:03:43.965Z,
ACK,1637,2026-09-26T17:03:44.094Z,
ACK,1638,2026-09-26T17:03:44.231Z,
ACK,1639,2026-09-26T17:03:44.326Z,
ACK,1640,2026-09-26T17:03:44.434Z,
ACK,1641,2026-09-26T17:03:44.595Z,
ACK,1642,2026-09-26T17:03:44.695Z,
ACK,1643,2026-09-26T17:03:44.795Z,
ACK,1644,2026-09-26T17:03:44.894Z,
ACK,1645,2026-09-26T17:03:44.999Z,
ACK,1646,2026-09-26T17:03:45.132Z,
ACK,1647,2026-09-26T17:03:45.228Z,
ACK,1648,2026-09-26T17:03:45.330Z,
ACK,1649,2026-09-26T17:03:45.436Z,
ACK,1650,2026-09-26T17:03:45.537Z,
ACK,1651,2026-09-26T17:03:45.632Z,
ACK,1652,2026-09-26T17:03:45.743Z,
ACK,1653,2026-09-26T17:03:45.841Z,
ACK,1654,2026-09-26T17:03:45.942Z,
ACK,1655,2026-09-26T17:03:46.061Z,
ACK,1656,2026-09-26T17:03:46.183Z,
ACK,1657,2026-09-26T17:03:46.279Z,
ACK,1658,2026-09-26T17:03:46.381Z,
ACK,1659,2026-09-26T17:03:46.482Z,
ACK,1660,2026-09-26T17:03:46.602Z,
ACK,1661,2026-09-26T17:03:46.725Z,
ACK,1662,2026-09-26T17:03:46.830Z,
ACK,1663,2026-09-26T17:03:46.936Z,
ACK,1664,2026-09-26T17:03:47.038Z,
ACK,1665,2026-09-26T17:03:47.158Z,
ACK,1666,2026-09-26T17:03:47.258Z,
ACK,1667,2026-09-26T17:03:47.362Z,
ACK,1668,2026-09-26T17:03:47.465Z,
ACK,1669,2026-09-26T17:03:47.570Z,
ACK,1670,2026-09-26T17:03:47.679Z,
ACK,1671,2026-09-26T17:03:47.795Z,
ACK,1672,2026-09-26T17:03:47.893Z,
ACK,1673,2026-09-26T17:03:47.993Z,
ACK,1674,2026-09-26T17:03:48.098Z,
ACK,1675,2026-09-26T17:03:48.194Z,
ACK,1676,2026-09-26T17:03:48.304Z,
ACK,1677,2026-09-26T17:03:48.426Z,
ACK,1678,2026-09-26T17:03:48.530Z,
ACK,1679,2026-09-26T17:03:48.632Z,
ACK,1680,2026-09-26T17:03:48.734Z,
ACK,1681,2026-09-26T17:03:48.842Z,
ACK,1682,2026-09-26T17:03:48.947Z,
ACK,1683,2026-09-26T17:03:49.082Z,
ACK,1684,2026-09-26T17:03:49.271Z,
ACK,1685,2026-09-26T17:03:49.404Z,
ACK,1686,2026-09-26T17:03:49.545Z,
ACK,1687,2026-09-26T17:03:49.662Z,
ACK,1688,2026-09-26T17:03:49.802Z,
ACK,1689,2026-09-26T17:03:49.913Z,
ACK,1690,2026-09-26T17:03:50.041Z,
ACK,1691,2026-09-26T17:03:50.192Z,
ACK,1692,2026-09-26T17:03:50.291Z,
ACK,1693,2026-09-26T17:03:50.404Z,
ACK,1694,2026-09-26T17:03:50.526Z,
ACK,1695,2026-09-26T17:03:50.645Z,
ACK,1696,2026-09-26T17:03:50.809Z,
ACK,1697,2026-09-26T17:03:50.923Z,
ACK,1698,2026-09-26T17:03:51.023Z,
ACK,1699,2026-09-26T17:03:51.133Z,
ACK,1700,2026-09-26T17:03:51.252Z,
ACK,1701,2026-09-26T17:03:51.405Z,
ACK,1702,2026-09-26T17:03:51.505Z,
ACK,1703,2026-09-26T17:03:51.666Z,
ACK,1704,2026-09-26T17:03:51.777Z,
ACK,1705,2026-09-26T17:03:51.884Z,
ACK,1706,2026-09-26T17:03:52.090Z,
ACK,1707,2026-09-26T17:03:52.243Z,
ACK,1708,2026-09-26T17:03:52.345Z,
ACK,1709,2026-09-26T17:03:52.517Z,
ACK,1710,2026-09-26T17:03:52.656Z,
ACK,1711,2026-09-26T17:03:52.766Z,
ACK,1712,2026-09-26T17:03:52.868Z,
ACK,1713,2026-09-26T17:03:53.020Z,
ACK,1714,2026-09-26T17:03:53.141Z,
ACK,1715,2026-09-26T17:03:53.252Z,
ACK,1716,2026-09-26T17:03:53.383Z,
ACK,1717,2026-09-26T17:03:53.482Z,
ACK,1718,2026-09-26T17:03:53.587Z,
ACK,1719,2026-09-26T17:03:53.687Z,
ACK,1720,2026-09-26T17:03:53.825Z,
ACK,1721,2026-09-26T17:03:54.016Z,
ACK,1722,2026-09-26T17:03:54.119Z,
ACK,1723,2026-09-26T17:03:54.215Z,
ACK,1724,2026-09-26T17:03:54.534Z,
ACK,1725,2026-09-26T17:03:54.846Z,
ACK,1726,2026-09-26T17:03:54.967Z,
ACK,1727,2026-09-26T17:03:55.064Z,
ACK,1728,2026-09-26T17:03:55.165Z,
ACK,1729,2026-09-26T17:03:55.283Z,
ACK,1730,2026-09-26T17:03:55.381Z,
ACK,1731,2026-09-26T17:03:55.486Z,
ACK,1732,2026-09-26T17:03:55.588Z,
ACK,1733,2026-09-26T17:03:55.700Z,
ACK,1734,2026-09-26T17:03:55.803Z,
ACK,1735,2026-09-26T17:03:55.900Z,
ACK,1736,2026-09-26T17:03:56.000Z,
ACK,1737,2026-09-26T17:03:56.110Z,
ACK,1738,2026-09-26T17:03:56.208Z,
ACK,1739,2026-09-26T17:03:56.311Z,
ACK,1740,2026-09-26T17:03:56.409Z,
ACK,1741,2026-09-26T17:03:56.525Z,
ACK,1742,2026-09-26T17:03:56.620Z,
ACK,1743,2026-09-26T17:03:56.726Z,
ACK,1744,2026-09-26T17:03:56.821Z,
ACK,1745,2026-09-26T17:03:56.922Z,
ACK,1746,2026-09-26T17:03:57.023Z,
ACK,1747,2026-09-26T17:03:57.134Z,
ACK,1748,2026-09-26T17:03:57.267Z,
ACK,1749,2026-09-26T17:03:57.413Z,
ACK,1750,2026-09-26T17:03:57.546Z,
ACK,1751,2026-09-26T17:03:57.668Z,
ACK,1752,2026-09-26T17:03:57.771Z,
ACK,1753,2026-09-26T17:03:57.878Z,
ACK,1754,2026-09-26T17:03:57.987Z,
ACK,1755,2026-09-26T17:03:58.113Z,
ACK,1756,2026-09-26T17:03:58.235Z,
ACK,1757,2026-09-26T17:03:58.447Z,
ACK,1758,2026-09-26T17:03:58.551Z,
ACK,1759,2026-09-26T17:03:58.652Z,
ACK,1760,2026-09-26T17:03:58.750Z,
ACK,1761,2026-09-26T17:03:58.848Z,
ACK,1762,2026-09-26T17:03:58.985Z,
ACK,1763,2026-09-26T17:03:59.128Z,
ACK,1764,2026-09-26T17:03:59.245Z,
ACK,1765,2026-09-26T17:03:59.359Z,
ACK,1766,2026-09-26T17:03:59.512Z,
ACK,1767,2026-09-26T17:03:59.618Z,
ACK,1768,2026-09-26T17:03:59.725Z,
ACK,1769,2026-09-26T17:03:59.832Z,
ACK,1770,2026-09-26T17:03:59.938Z,
ACK,1771,2026-09-26T17:04:00.114Z,
ACK,1772,2026-09-26T17:04:00.221Z,
ACK,1773,2026-09-26T17:04:00.317Z,
ACK,1774,2026-09-26T17:04:00.449Z,
ACK,1775,2026-09-26T17:04:00.549Z,
ACK,1776,2026-09-26T17:04:00.662Z,
ACK,1777,2026-09-26T17:04:00.773Z,
ACK,1778,2026-09-26T17:04:00.871Z,
ACK,1779,2026-09-26T17:04:00.987Z,
ACK,1780,2026-09-26T17:04:01.117Z,
ACK,1781,2026-09-26T17:04:01.255Z,
ACK,1782,2026-09-26T17:04:01.351Z,
ACK,1783,2026-09-26T17:04:01.562Z,
ACK,1784,2026-09-26T17:04:01.799Z,
ACK,1785,2026-09-26T17:04:01.968Z,
ACK,1786,2026-09-26T17:04:02.174Z,
ACK,1787,2026-09-26T17:04:02.292Z,
ACK,1788,2026-09-26T17:04:02.410Z,
ACK,1789,2026-09-26T17:04:02.584Z,
ACK,1790,2026-09-26T17:04:02.721Z,
ACK,1791,2026-09-26T17:04:02.820Z,
ACK,1792,2026-09-26T17:04:02.957Z,
ACK,1793,2026-09-26T17:04:03.098Z,
ACK,1794,2026-09-26T17:04:03.212Z,
ACK,1795,2026-09-26T17:04:03.331Z,
ACK,1796,2026-09-26T17:04:03.431Z,
ACK,1797,2026-09-26T17:04:03.530Z,
ACK,1798,2026-09-26T17:04:03.673Z,
ACK,1799,2026-09-26T17:04:03.810Z,
ACK,1800,2026-09-26T17:04:03.950Z,
ACK,1801,2026-09-26T17:04:04.085Z,
ACK,1802,2026-09-26T17:04:04.203Z,
ACK,1803,2026-09-26T17:04:04.324Z,
ACK,1804,2026-09-26T17:04:04.444Z,
ACK,1805,2026-09-26T17:04:04.665Z,
ACK,1806,2026-09-26T17:04:04.801Z,
ACK,1807,2026-09-26T17:04:04.938Z,
ACK,1808,2026-09-26T17:04:05.049Z,
ACK,1809,2026-09-26T17:04:05.151Z,
ACK,1810,2026-09-26T17:04:05.258Z,
ACK,1811,2026-09-26T17:04:05.355Z,
ACK,1812,2026-09-26T17:04:05.473Z,
ACK,1813,2026-09-26T17:04:05.571Z,
ACK,1814,2026-09-26T17:04:05.690Z,
ACK,1815,2026-09-26T17:04:05.801Z,
ACK,1816,2026-09-26T17:04:05.914Z,
ACK,1817,2026-09-26T17:04:06.010Z,
ACK,1818,2026-09-26T17:04:06.131Z,
ACK,1819,2026-09-26T17:04:06.249Z,
ACK,1820,2026-09-26T17:04:06.350Z,
ACK,1821,2026-09-26T17:04:06.450Z,
ACK,1822,2026-09-26T17:04:06.585Z,
ACK,1823,2026-09-26T17:04:06.689Z,
ACK,1824,2026-09-26T17:04:06.833Z,
ACK,1825,2026-09-26T17:04:06.955Z,
ACK,1826,2026-09-26T17:04:07.062Z,
ACK,1827,2026-09-26T17:04:07.299Z,
ACK,1828,2026-09-26T17:04:07.408Z,
ACK,1829,2026-09-26T17:04:07.525Z,
ACK,1830,2026-09-26T17:04:07.626Z,
ACK,1831,2026-09-26T17:04:07.747Z,
ACK,1832,2026-09-26T17:04:07.874Z,
ACK,1833,2026-09-26T17:04:07.986Z,
ACK,1834,2026-09-26T17:04:08.102Z,
ACK,1835,2026-09-26T17:04:08.243Z,
ACK,1836,2026-09-26T17:04:08.419Z,
ACK,1837,2026-09-26T17:04:08.552Z,
ACK,1838,2026-09-26T17:04:08.691Z,
ACK,1839,2026-09-26T17:04:08.799Z,
ACK,1840,2026-09-26T17:04:08.947Z,
ACK,1841,2026-09-26T17:04:09.052Z,
ACK,1842,2026-09-26T17:04:09.152Z,
ACK,1843,2026-09-26T17:04:09.254Z,
ACK,1844,2026-09-26T17:04:09.354Z,
ACK,1845,2026-09-26T17:04:09.487Z,
ACK,1846,2026-09-26T17:04:09.614Z,
ACK,1847,2026-09-26T17:04:09.733Z,
ACK,1848,2026-09-26T17:04:09.832Z,
ACK,1849,2026-09-26T17:04:09.933Z,
ACK,1850,2026-09-26T17:04:10.041Z,
ACK,1851,2026-09-26T17:04:10.166Z,
ACK,1852,2026-09-26T17:04:10.282Z,
ACK,1853,2026-09-26T17:04:10.434Z,
ACK,1854,2026-09-26T17:04:10.585Z,
ACK,1855,2026-09-26T17:04:10.711Z,
ACK,1856,2026-09-26T17:04:10.864Z,
ACK,1857,2026-09-26T17:04:10.964Z,
ACK,1858,2026-09-26T17:04:11.070Z,
ACK,1859,2026-09-26T17:04:11.173Z,
ACK,1860,2026-09-26T17:04:11.275Z,
ACK,1861,2026-09-26T17:04:11.412Z,
ACK,1862,2026-09-26T17:04:11.588Z,
ACK,1863,2026-09-26T17:04:11.891Z,
ACK,1864,2026-09-26T17:04:12.128Z,
ACK,1865,2026-09-26T17:04:12.232Z,
ACK,1866,2026-09-26T17:04:12.366Z,
ACK,1867,2026-09-26T17:04:12.483Z,
ACK,1868,2026-09-26T17:04:12.585Z,
ACK,1869,2026-09-26T17:04:12.719Z,
ACK,1870,2026-09-26T17:04:12.833Z,
ACK,1871,2026-09-26T17:04:12.939Z,
ACK,1872,2026-09-26T17:04:13.041Z,
ACK,1873,2026-09-26T17:04:13.143Z,
ACK,1874,2026-09-26T17:04:13.269Z,
ACK,1875,2026-09-26T17:04:13.473Z,
ACK,1876,2026-09-26T17:04:13.615Z,
ACK,1877,2026-09-26T17:04:13.779Z,
ACK,1878,2026-09-26T17:04:13.884Z,
ACK,1879,2026-09-26T17:04:14.104Z,
ACK,1880,2026-09-26T17:04:14.230Z,
ACK,1881,2026-09-26T17:04:14.410Z,
ACK,1882,2026-09-26T17:04:14.540Z,
ACK,1883,2026-09-26T17:04:14.764Z,
ACK,1884,2026-09-26T17:04:14.877Z,
ACK,1885,2026-09-26T17:04:15.013Z,
ACK,1886,2026-09-26T17:04:15.113Z,
ACK,1887,2026-09-26T17:04:15.237Z,
ACK,1888,2026-09-26T17:04:15.337Z,
ACK,1889,2026-09-26T17:04:15.449Z,
ACK,1890,2026-09-26T17:04:15.545Z,
ACK,1891,2026-09-26T17:04:15.651Z,
ACK,1892,2026-09-26T17:04:15.762Z,
ACK,1893,2026-09-26T17:04:15.862Z,
ACK,1894,2026-09-26T17:04:15.967Z,
ACK,1895,2026-09-26T17:04:16.114Z,
ACK,1896,2026-09-26T17:04:16.242Z,
ACK,1897,2026-09-26T17:04:16.373Z,
ACK,1898,2026-09-26T17:04:16.538Z,
ACK,1899,2026-09-26T17:04:16.643Z,
ACK,1900,2026-09-26T17:04:16.767Z,
ACK,1901,2026-09-26T17:04:16.906Z,
ACK,1902,2026-09-26T17:04:17.006Z,
ACK,1903,2026-09-26T17:04:17.124Z,
ACK,1904,2026-09-26T17:04:17.264Z,
ACK,1905,2026-09-26T17:04:17.364Z,
ACK,1906,2026-09-26T17:04:17.469Z,
ACK,1907,2026-09-26T17:04:17.572Z,
ACK,1908,2026-09-26T17:04:17.700Z,
ACK,1909,2026-09-26T17:04:17.835Z,
ACK,1910,2026-09-26T17:04:17.946Z,
ACK,1911,2026-09-26T17:04:18.080Z,
ACK,1912,2026-09-26T17:04:18.200Z,
ACK,1913,2026-09-26T17:04:18.329Z,
ACK,1914,2026-09-26T17:04:18.468Z,
ACK,1915,2026-09-26T17:04:18.632Z,
ACK,1916,2026-09-26T17:04:18.776Z,
ACK,1917,2026-09-26T17:04:18.913Z,
ACK,1918,2026-09-26T17:04:19.025Z,
ACK,1919,2026-09-26T17:04:19.137Z,
ACK,1920,2026-09-26T17:04:19.239Z,
ACK,1921,2026-09-26T17:04:19.349Z,
ACK,1922,2026-09-26T17:04:19.461Z,
ACK,1923,2026-09-26T17:04:19.577Z,
ACK,1924,2026-09-26T17:04:19.678Z,
ACK,1925,2026-09-26T17:04:19.777Z,
ACK,1926,2026-09-26T17:04:19.883Z,
ACK,1927,2026-09-26T17:04:19.987Z,
ACK,1928,2026-09-26T17:04:20.118Z,
ACK,1929,2026-09-26T17:04:20.220Z,
ACK,1930,2026-09-26T17:04:20.341Z,
ACK,1931,2026-09-26T17:04:20.447Z,
ACK,1932,2026-09-26T17:04:20.545Z,
ACK,1933,2026-09-26T17:04:20.658Z,
ACK,1934,2026-09-26T17:04:20.765Z,
ACK,1935,2026-09-26T17:04:20.873Z,
ACK,1936,2026-09-26T17:04:20.973Z,
ACK,1937,2026-09-26T17:04:21.131Z,
ACK,1938,2026-09-26T17:04:21.260Z,
ACK,1939,2026-09-26T17:04:21.361Z,
ACK,1940,2026-09-26T17:04:21.461Z,
ACK,1941,2026-09-26T17:04:21.656Z,
ACK,1942,2026-09-26T17:04:21.754Z,
ACK,1943,2026-09-26T17:04:21.876Z,
ACK,1944,2026-09-26T17:04:21.977Z,
ACK,1945,2026-09-26T17:04:22.082Z,
ACK,1946,2026-09-26T17:04:22.182Z,
ACK,1947,2026-09-26T17:04:22.309Z,
ACK,1948,2026-09-26T17:04:22.425Z,
ACK,1949,2026-09-26T17:04:22.528Z,
ACK,1950,2026-09-26T17:04:22.630Z,
ACK,1951,2026-09-26T17:04:22.751Z,
ACK,1952,2026-09-26T17:04:22.862Z,
ACK,1953,2026-09-26T17:04:22.963Z,
ACK,1954,2026-09-26T17:04:23.142Z,
ACK,1955,2026-09-26T17:04:23.265Z,
ACK,1956,2026-09-26T17:04:23.412Z,
ACK,1957,2026-09-26T17:04:23.533Z,
ACK,1958,2026-09-26T17:04:23.635Z,
ACK,1959,2026-09-26T17:04:23.736Z,
ACK,1960,2026-09-26T17:04:23.836Z,
ACK,1961,2026-09-26T17:04:23.940Z,
ACK,1962,2026-09-26T17:04:24.047Z,
ACK,1963,2026-09-26T17:04:24.147Z,
ACK,1964,2026-09-26T17:04:24.247Z,
ACK,1965,2026-09-26T17:04:24.377Z,
ACK,1966,2026-09-26T17:04:24.488Z,
ACK,1967,2026-09-26T17:04:24.592Z,
ACK,1968,2026-09-26T17:04:24.773Z,
ACK,1969,2026-09-26T17:04:24.898Z,
ACK,1970,2026-09-26T17:04:25.055Z,
ACK,1971,2026-09-26T17:04:25.156Z,
ACK,1972,2026-09-26T17:04:25.260Z,
ACK,1973,2026-09-26T17:04:25.366Z,
ACK,1974,2026-09-26T17:04:25.473Z,
ACK,1975,2026-09-26T17:04:25.570Z,
ACK,1976,2026-09-26T17:04:25.682Z,
ACK,1977,2026-09-26T17:04:25.854Z,
ACK,1978,2026-09-26T17:04:25.958Z,
ACK,1979,2026-09-26T17:04:26.058Z,
ACK,1980,2026-09-26T17:04:26.171Z,
ACK,1981,2026-09-26T17:04:26.269Z,
ACK,1982,2026-09-26T17:04:26.382Z,
ACK,1983,2026-09-26T17:04:26.484Z,
ACK,1984,2026-09-26T17:04:26.598Z,
ACK,1985,2026-09-26T17:04:26.716Z,
ACK,1986,2026-09-26T17:04:26.829Z,
ACK,1987,2026-09-26T17:04:26.939Z,
ACK,1988,2026-09-26T17:04:27.037Z,
ACK,1989,2026-09-26T17:04:27.156Z,
ACK,1990,2026-09-26T17:04:27.267Z,
ACK,1991,2026-09-26T17:04:27.368Z,
ACK,1992,2026-09-26T17:04:27.478Z,
ACK,1993,2026-09-26T17:04:27.606Z,
ACK,1994,2026-09-26T17:04:27.721Z,
ACK,1995,2026-09-26T17:04:27.941Z,
ACK,1996,2026-09-26T17:04:28.102Z,
ACK,1997,2026-09-26T17:04:28.238Z,
ACK,1998,2026-09-26T17:04:28.340Z,
ACK,1999,2026-09-26T17:04:28.468Z,
ACK,2000,2026-09-26T17:04:28.575Z,
ACK,2001,2026-09-26T17:04:28.759Z,
ACK,2002,2026-09-26T17:04:28.875Z,
ACK,2003,2026-09-26T17:04:29.069Z,
ACK,2004,2026-09-26T17:04:29.191Z,
ACK,2005,2026-09-26T17:04:29.295Z,
ACK,2006,2026-09-26T17:04:29.402Z,
ACK,2007,2026-09-26T17:04:29.502Z,
ACK,2008,2026-09-26T17:04:29.612Z,
ACK,2009,2026-09-26T17:04:29.713Z,
ACK,2010,2026-09-26T17:04:29.815Z,
ACK,2011,2026-09-26T17:04:29.922Z,
ACK,2012,2026-09-26T17:04:30.131Z,
ACK,2013,2026-09-26T17:04:30.235Z,
ACK,2014,2026-09-26T17:04:30.336Z,
ACK,2015,2026-09-26T17:04:30.432Z,
ACK,2016,2026-09-26T17:04:30.537Z,
ACK,2017,2026-09-26T17:04:30.638Z,
ACK,2018,2026-09-26T17:04:30.734Z,
ACK,2019,2026-09-26T17:04:30.846Z,
ACK,2020,2026-09-26T17:04:30.943Z,
ACK,2021,2026-09-26T17:04:31.051Z,
ACK,2022,2026-09-26T17:04:31.152Z,
ACK,2023,2026-09-26T17:04:31.258Z,
ACK,2024,2026-09-26T17:04:31.357Z,
ACK,2025,2026-09-26T17:04:31.453Z,
ACK,2026,2026-09-26T17:04:31.567Z,
ACK,2027,2026-09-26T17:04:31.663Z,
ACK,2028,2026-09-26T17:04:31.766Z,
ACK,2029,2026-09-26T17:04:31.881Z,
ACK,2030,2026-09-26T17:04:31.987Z,
ACK,2031,2026-09-26T17:04:32.081Z,
ACK,2032,2026-09-26T17:04:32.187Z,
ACK,2033,2026-09-26T17:04:32.286Z,
ACK,2034,2026-09-26T17:04:32.386Z,
ACK,2035,2026-09-26T17:04:32.493Z,
ACK,2036,2026-09-26T17:04:32.599Z,
ACK,2037,2026-09-26T17:04:32.697Z,
ACK,2038,2026-09-26T17:04:32.803Z,
ACK,2039,2026-09-26T17:04:32.961Z,
ACK,2040,2026-09-26T17:04:33.131Z,
ACK,2041,2026-09-26T17:04:33.242Z,
ACK,2042,2026-09-26T17:04:33.339Z,
ACK,2043,2026-09-26T17:04:33.439Z,
ACK,2044,2026-09-26T17:04:33.547Z,
ACK,2045,2026-09-26T17:04:33.650Z,
ACK,2046,2026-09-26T17:04:33.762Z,
ACK,2047,2026-09-26T17:04:33.863Z,
ACK,2048,2026-09-26T17:04:33.984Z,
ACK,2049,2026-09-26T17:04:34.132Z,
ACK,2050,2026-09-26T17:04:34.241Z,
ACK,2051,2026-09-26T17:04:34.463Z,
ACK,2052,2026-09-26T17:04:34.560Z,
ACK,2053,2026-09-26T17:04:34.664Z,
ACK,2054,2026-09-26T17:04:34.764Z,
ACK,2055,2026-09-26T17:04:35.067Z,
ACK,2056,2026-09-26T17:04:35.167Z,
ACK,2057,2026-09-26T17:04:35.280Z,
ACK,2058,2026-09-26T17:04:35.378Z,
ACK,2059,2026-09-26T17:04:35.488Z,
ACK,2060,2026-09-26T17:04:35.591Z,
ACK,2061,2026-09-26T17:04:35.751Z,
ACK,2062,2026-09-26T17:04:36.063Z,
ACK,2063,2026-09-26T17:04:36.234Z,
ACK,2064,2026-09-26T17:04:36.348Z,
ACK,2065,2026-09-26T17:04:36.571Z,
ACK,2066,2026-09-26T17:04:36.707Z,
ACK,2067,2026-09-26T17:04:36.806Z,
ACK,2068,2026-09-26T17:04:36.932Z,
ACK,2069,2026-09-26T17:04:37.054Z,
ACK,2070,2026-09-26T17:04:37.161Z,
ACK,2071,2026-09-26T17:04:37.300Z,
ACK,2072,2026-09-26T17:04:37.397Z,
ACK,2073,2026-09-26T17:04:37.497Z,
ACK,2074,2026-09-26T17:04:37.623Z,
ACK,2075,2026-09-26T17:04:37.780Z,
ACK,2076,2026-09-26T17:04:37.882Z,
ACK,2077,2026-09-26T17:04:38.030Z,
ACK,2078,2026-09-26T17:04:38.145Z,
ACK,2079,2026-09-26T17:04:38.250Z,
ACK,2080,2026-09-26T17:04:38.493Z,
ACK,2081,2026-09-26T17:04:38.621Z,
ACK,2082,2026-09-26T17:04:38.749Z,
ACK,2083,2026-09-26T17:04:38.848Z,
ACK,2084,2026-09-26T17:04:39.127Z,
ACK,2085,2026-09-26T17:04:39.305Z,
ACK,2086,2026-09-26T17:04:39.583Z,
ACK,2087,2026-09-26T17:04:39.945Z,
ACK,2088,2026-09-26T17:04:40.043Z,
ACK,2089,2026-09-26T17:04:40.191Z,
ACK,2090,2026-09-26T17:04:40.296Z,
ACK,2091,2026-09-26T17:04:40.413Z,
ACK,2092,2026-09-26T17:04:40.541Z,
ACK,2093,2026-09-26T17:04:40.682Z,
ACK,2094,2026-09-26T17:04:40.796Z,
ACK,2095,2026-09-26T17:04:40.906Z,
ACK,2096,2026-09-26T17:04:41.014Z,
ACK,2097,2026-09-26T17:04:41.125Z,
ACK,2098,2026-09-26T17:04:41.254Z,
ACK,2099,2026-09-26T17:04:41.413Z,
ACK,2100,2026-09-26T17:04:41.536Z,
ACK,2101,2026-09-26T17:04:41.847Z,
ACK,2102,2026-09-26T17:04:42.030Z,
ACK,2103,2026-09-26T17:04:42.145Z,
ACK,2104,2026-09-26T17:04:42.244Z,
ACK,2105,2026-09-26T17:04:42.408Z,
ACK,2106,2026-09-26T17:04:42.527Z,
ACK,2107,2026-09-26T17:04:42.703Z,
ACK,2108,2026-09-26T17:04:42.836Z,
ACK,2109,2026-09-26T17:04:42.934Z,
ACK,2110,2026-09-26T17:04:43.069Z,
ACK,2111,2026-09-26T17:04:43.192Z,
ACK,2112,2026-09-26T17:04:43.290Z,
ACK,2113,2026-09-26T17:04:43.395Z,
ACK,2114,2026-09-26T17:04:43.512Z,
ACK,2115,2026-09-26T17:04:43.607Z,
ACK,2116,2026-09-26T17:04:43.754Z,
ACK,2117,2026-09-26T17:04:43.857Z,
ACK,2118,2026-09-26T17:04:44.141Z,
ACK,2119,2026-09-26T17:04:44.319Z,
ACK,2120,2026-09-26T17:04:44.488Z,
ACK,2121,2026-09-26T17:04:44.588Z,
ACK,2122,2026-09-26T17:04:44.703Z,
ACK,2123,2026-09-26T17:04:44.865Z,
ACK,2124,2026-09-26T17:04:44.966Z,
ACK,2125,2026-09-26T17:04:45.067Z,
ACK,2126,2026-09-26T17:04:45.192Z,
ACK,2127,2026-09-26T17:04:45.321Z,
ACK,2128,2026-09-26T17:04:45.461Z,
ACK,2129,2026-09-26T17:04:45.585Z,
ACK,2130,2026-09-26T17:04:45.709Z,
ACK,2131,2026-09-26T17:04:45.869Z,
ACK,2132,2026-09-26T17:04:46.018Z,
ACK,2133,2026-09-26T17:04:46.118Z,
ACK,2134,2026-09-26T17:04:46.246Z,
ACK,2135,2026-09-26T17:04:46.352Z,
ACK,2136,2026-09-26T17:04:46.450Z,
ACK,2137,2026-09-26T17:04:46.553Z,
ACK,2138,2026-09-26T17:04:46.654Z,
ACK,2139,2026-09-26T17:04:46.754Z,
ACK,2140,2026-09-26T17:04:46.854Z,
ACK,2141,2026-09-26T17:04:46.988Z,
ACK,2142,2026-09-26T17:04:47.101Z,
ACK,2143,2026-09-26T17:04:47.219Z,
ACK,2144,2026-09-26T17:04:47.530Z,
ACK,2145,2026-09-26T17:04:47.642Z,
ACK,2146,2026-09-26T17:04:47.903Z,
ACK,2147,2026-09-26T17:04:48.008Z,
ACK,2148,2026-09-26T17:04:48.106Z,
ACK,2149,2026-09-26T17:04:48.209Z,
ACK,2150,2026-09-26T17:04:48.321Z,
ACK,2151,2026-09-26T17:04:48.417Z,
ACK,2152,2026-09-26T17:04:48.541Z,
ACK,2153,2026-09-26T17:04:48.648Z,
ACK,2154,2026-09-26T17:04:48.752Z,
ACK,2155,2026-09-26T17:04:48.856Z,
ACK,2156,2026-09-26T17:04:48.958Z,
ACK,2157,2026-09-26T17:04:49.056Z,
ACK,2158,2026-09-26T17:04:49.159Z,
ACK,2159,2026-09-26T17:04:49.274Z,
ACK,2160,2026-09-26T17:04:49.381Z,
ACK,2161,2026-09-26T17:04:49.483Z,
ACK,2162,2026-09-26T17:04:49.612Z,
ACK,2163,2026-09-26T17:04:49.733Z,
ACK,2164,2026-09-26T17:04:49.848Z,
ACK,2165,2026-09-26T17:04:50.029Z,
ACK,2166,2026-09-26T17:04:50.216Z,
ACK,2167,2026-09-26T17:04:50.319Z,
ACK,2168,2026-09-26T17:04:50.433Z,
ACK,2169,2026-09-26T17:04:50.530Z,
ACK,2170,2026-09-26T17:04:50.636Z,
ACK,2171,2026-09-26T17:04:50.736Z,
ACK,2172,2026-09-26T17:04:50.844Z,
ACK,2173,2026-09-26T17:04:50.940Z,
ACK,2174,2026-09-26T17:04:51.046Z,
ACK,2175,2026-09-26T17:04:51.158Z,
ACK,2176,2026-09-26T17:04:51.469Z,
ACK,2177,2026-09-26T17:04:51.576Z,
ACK,2178,2026-09-26T17:04:51.776Z,
ACK,2179,2026-09-26T17:04:51.890Z,
ACK,2180,2026-09-26T17:04:52.045Z,
ACK,2181,2026-09-26T17:04:52.151Z,
ACK,2182,2026-09-26T17:04:52.255Z,
ACK,2183,2026-09-26T17:04:52.370Z,
ACK,2184,2026-09-26T17:04:52.497Z,
ACK,2185,2026-09-26T17:04:52.608Z,
ACK,2186,2026-09-26T17:04:52.723Z,
ACK,2187,2026-09-26T17:04:52.824Z,
ACK,2188,2026-09-26T17:04:52.946Z,
ACK,2189,2026-09-26T17:04:53.044Z,
ACK,2190,2026-09-26T17:04:53.151Z,
ACK,2191,2026-09-26T17:04:53.252Z,
ACK,2192,2026-09-26T17:04:53.355Z,
ACK,2193,2026-09-26T17:04:53.483Z,
ACK,2194,2026-09-26T17:04:53.589Z,
ACK,2195,2026-09-26T17:04:53.777Z,
ACK,2196,2026-09-26T17:04:53.936Z,
ACK,2197,2026-09-26T17:04:54.042Z,
ACK,2198,2026-09-26T17:04:54.152Z,
ACK,2199,2026-09-26T17:04:54.273Z,
ACK,2200,2026-09-26T17:04:54.407Z,
ACK,2201,2026-09-26T17:04:54.562Z,
ACK,2202,2026-09-26T17:04:54.664Z,
ACK,2203,2026-09-26T17:04:54.773Z,
ACK,2204,2026-09-26T17:04:54.880Z,
ACK,2205,2026-09-26T17:04:54.982Z,
ACK,2206,2026-09-26T17:04:55.080Z,
ACK,2207,2026-09-26T17:04:55.201Z,
ACK,2208,2026-09-26T17:04:55.343Z,
ACK,2209,2026-09-26T17:04:55.475Z,
ACK,2210,2026-09-26T17:04:55.631Z,
ACK,2211,2026-09-26T17:04:55.855Z,
ACK,2212,2026-09-26T17:04:55.955Z,
ACK,2213,2026-09-26T17:04:56.072Z,
ACK,2214,2026-09-26T17:04:56.171Z,
ACK,2215,2026-09-26T17:04:56.302Z,
ACK,2216,2026-09-26T17:04:56.400Z,
ACK,2217,2026-09-26T17:04:56.555Z,
ACK,2218,2026-09-26T17:04:56.666Z,
ACK,2219,2026-09-26T17:04:56.785Z,
ACK,2220,2026-09-26T17:04:56.901Z,
ACK,2221,2026-09-26T17:04:57.003Z,
ACK,2222,2026-09-26T17:04:57.113Z,
ACK,2223,2026-09-26T17:04:57.213Z,
ACK,2224,2026-09-26T17:04:57.413Z,
ACK,2225,2026-09-26T17:04:57.514Z,
ACK,2226,2026-09-26T17:04:57.658Z,
ACK,2227,2026-09-26T17:04:57.779Z,
ACK,2228,2026-09-26T17:04:57.973Z,
ACK,2229,2026-09-26T17:04:58.079Z,
ACK,2230,2026-09-26T17:04:58.192Z,
ACK,2231,2026-09-26T17:04:58.297Z,
ACK,2232,2026-09-26T17:04:58.411Z,
ACK,2233,2026-09-26T17:04:58.566Z,
ACK,2234,2026-09-26T17:04:58.675Z,
ACK,2235,2026-09-26T17:04:58.794Z,
ACK,2236,2026-09-26T17:04:58.894Z,
ACK,2237,2026-09-26T17:04:59.131Z,
ACK,2238,2026-09-26T17:04:59.248Z,
ACK,2239,2026-09-26T17:04:59.385Z,
ACK,2240,2026-09-26T17:04:59.487Z,
ACK,2241,2026-09-26T17:04:59.607Z,
ACK,2242,2026-09-26T17:04:59.774Z,
ACK,2243,2026-09-26T17:04:59.877Z,
ACK,2244,2026-09-26T17:04:59.977Z,
ACK,2245,2026-09-26T17:05:00.146Z,
ACK,2246,2026-09-26T17:05:00.254Z,
ACK,2247,2026-09-26T17:05:00.375Z,
ACK,2248,2026-09-26T17:05:00.474Z,
ACK,2249,2026-09-26T17:05:00.600Z,
ACK,2250,2026-09-26T17:05:00.708Z,
ACK,2251,2026-09-26T17:05:00.872Z,
ACK,2252,2026-09-26T17:05:00.995Z,
ACK,2253,2026-09-26T17:05:01.099Z,
ACK,2254,2026-09-26T17:05:01.194Z,
ACK,2255,2026-09-26T17:05:01.300Z,
ACK,2256,2026-09-26T17:05:01.397Z,
ACK,2257,2026-09-26T17:05:01.514Z,
ACK,2258,2026-09-26T17:05:01.620Z,
ACK,2259,2026-09-26T17:05:01.717Z,
ACK,2260,2026-09-26T17:05:01.818Z,
ACK,2261,2026-09-26T17:05:01.925Z,
ACK,2262,2026-09-26T17:05:02.031Z,
ACK,2263,2026-09-26T17:05:02.148Z,
ACK,2264,2026-09-26T17:05:02.248Z,
ACK,2265,2026-09-26T17:05:02.352Z,
ACK,2266,2026-09-26T17:05:02.453Z,
ACK,2267,2026-09-26T17:05:02.552Z,
ACK,2268,2026-09-26T17:05:02.651Z,
ACK,2269,2026-09-26T17:05:02.759Z,
ACK,2270,2026-09-26T17:05:02.856Z,
ACK,2271,2026-09-26T17:05:02.965Z,
ACK,2272,2026-09-26T17:05:03.064Z,
ACK,2273,2026-09-26T17:05:03.163Z,
ACK,2274,2026-09-26T17:05:03.262Z,
ACK,2275,2026-09-26T17:05:03.367Z,
ACK,2276,2026-09-26T17:05:03.477Z,
ACK,2277,2026-09-26T17:05:03.578Z,
ACK,2278,2026-09-26T17:05:03.674Z,
ACK,2279,2026-09-26T17:05:03.778Z,
ACK,2280,2026-09-26T17:05:03.892Z,
ACK,2281,2026-09-26T17:05:03.990Z,
ACK,2282,2026-09-26T17:05:04.093Z,
ACK,2283,2026-09-26T17:05:04.220Z,
ACK,2284,2026-09-26T17:05:04.320Z,
ACK,2285,2026-09-26T17:05:04.418Z,
ACK,2286,2026-09-26T17:05:04.518Z,
ACK,2287,2026-09-26T17:05:04.630Z,
ACK,2288,2026-09-26T17:05:04.729Z,
ACK,2289,2026-09-26T17:05:04.830Z,
ACK,2290,2026-09-26T17:05:04.928Z,
ACK,2291,2026-09-26T17:05:05.043Z,
ACK,2292,2026-09-26T17:05:05.145Z,
ACK,2293,2026-09-26T17:05:05.244Z,
ACK,2294,2026-09-26T17:05:05.365Z,
ACK,2295,2026-09-26T17:05:05.479Z,
ACK,2296,2026-09-26T17:05:05.587Z,
ACK,2297,2026-09-26T17:05:05.688Z,
ACK,2298,2026-09-26T17:05:05.809Z,
ACK,2299,2026-09-26T17:05:05.907Z,
ACK,2300,2026-09-26T17:05:06.003Z,
ACK,2301,2026-09-26T17:05:06.266Z,
ACK,2302,2026-09-26T17:05:06.364Z,
ACK,2303,2026-09-26T17:05:06.503Z,
ACK,2304,2026-09-26T17:05:06.607Z,
ACK,2305,2026-09-26T17:05:06.714Z,
ACK,2306,2026-09-26T17:05:06.810Z,
ACK,2307,2026-09-26T17:05:06.912Z,
ACK,2308,2026-09-26T17:05:07.014Z,
ACK,2309,2026-09-26T17:05:07.118Z,
ACK,2310,2026-09-26T17:05:07.211Z,
ACK,2311,2026-09-26T17:05:07.319Z,
ACK,2312,2026-09-26T17:05:07.413Z,
ACK,2313,2026-09-26T17:05:07.629Z,
ACK,2314,2026-09-26T17:05:07.735Z,
ACK,2315,2026-09-26T17:05:07.830Z,
ACK,2316,2026-09-26T17:05:07.935Z,
ACK,2317,2026-09-26T17:05:08.033Z,
ACK,2318,2026-09-26T17:05:08.147Z,
ACK,2319,2026-09-26T17:05:08.275Z,
ACK,2320,2026-09-26T17:05:08.413Z,
ACK,2321,2026-09-26T17:05:08.631Z,
ACK,2322,2026-09-26T17:05:08.729Z,
ACK,2323,2026-09-26T17:05:08.830Z,
ACK,2324,2026-09-26T17:05:08.951Z,
ACK,2325,2026-09-26T17:05:09.064Z,
ACK,2326,2026-09-26T17:05:09.210Z,
ACK,2327,2026-09-26T17:05:09.526Z,
ACK,2328,2026-09-26T17:05:09.643Z,
ACK,2329,2026-09-26T17:05:09.754Z,
ACK,2330,2026-09-26T17:05:09.855Z,
ACK,2331,2026-09-26T17:05:09.968Z,
ACK,2332,2026-09-26T17:05:10.065Z,
ACK,2333,2026-09-26T17:05:10.174Z,
ACK,2334,2026-09-26T17:05:10.274Z,
ACK,2335,2026-09-26T17:05:10.372Z,
ACK,2336,2026-09-26T17:05:10.471Z,
ACK,2337,2026-09-26T17:05:10.595Z,
ACK,2338,2026-09-26T17:05:10.692Z,
ACK,2339,2026-09-26T17:05:10.794Z,
ACK,2340,2026-09-26T17:05:10.897Z,
ACK,2341,2026-09-26T17:05:10.998Z,
ACK,2342,2026-09-26T17:05:11.106Z,
ACK,2343,2026-09-26T17:05:11.206Z,
ACK,2344,2026-09-26T17:05:11.359Z,
ACK,2345,2026-09-26T17:05:11.458Z,
ACK,2346,2026-09-26T17:05:11.556Z,
ACK,2347,2026-09-26T17:05:11.658Z,
ACK,2348,2026-09-26T17:05:11.780Z,
ACK,2349,2026-09-26T17:05:11.878Z,
ACK,2350,2026-09-26T17:05:11.980Z,
ACK,2351,2026-09-26T17:05:12.092Z,
ACK,2352,2026-09-26T17:05:12.198Z,
ACK,2353,2026-09-26T17:05:12.330Z,
ACK,2354,2026-09-26T17:05:12.425Z,
ACK,2355,2026-09-26T17:05:12.549Z,
ACK,2356,2026-09-26T17:05:12.663Z,
ACK,2357,2026-09-26T17:05:12.774Z,
ACK,2358,2026-09-26T17:05:12.880Z,
ACK,2359,2026-09-26T17:05:12.984Z,
ACK,2360,2026-09-26T17:05:13.115Z,
ACK,2361,2026-09-26T17:05:13.214Z,
ACK,2362,2026-09-26T17:05:13.326Z,
ACK,2363,2026-09-26T17:05:13.421Z,
ACK,2364,2026-09-26T17:05:13.536Z,
ACK,2365,2026-09-26T17:05:13.655Z,
ACK,2366,2026-09-26T17:05:13.825Z,
ACK,2367,2026-09-26T17:05:13.945Z,
ACK,2368,2026-09-26T17:05:14.047Z,
ACK,2369,2026-09-26T17:05:14.151Z,
ACK,2370,2026-09-26T17:05:14.271Z,
ACK,2371,2026-09-26T17:05:14.403Z,
ACK,2372,2026-09-26T17:05:14.511Z,
ACK,2373,2026-09-26T17:05:14.635Z,
ACK,2374,2026-09-26T17:05:14.766Z,
ACK,2375,2026-09-26T17:05:15.073Z,
ACK,2376,2026-09-26T17:05:15.384Z,
ACK,2377,2026-09-26T17:05:15.641Z,
ACK,2378,2026-09-26T17:05:15.757Z,
ACK,2379,2026-09-26T17:05:16.104Z,
ACK,2380,2026-09-26T17:05:16.281Z,
ACK,2381,2026-09-26T17:05:16.448Z,
ACK,2382,2026-09-26T17:05:16.594Z,
ACK,2383,2026-09-26T17:05:16.692Z,
ACK,2384,2026-09-26T17:05:16.814Z,
ACK,2385,2026-09-26T17:05:16.914Z,
ACK,2386,2026-09-26T17:05:17.047Z,
ACK,2387,2026-09-26T17:05:17.225Z,
ACK,2388,2026-09-26T17:05:17.358Z,
ACK,2389,2026-09-26T17:05:17.631Z,
ACK,2390,2026-09-26T17:05:17.739Z,
ACK,2391,2026-09-26T17:05:17.844Z,
ACK,2392,2026-09-26T17:05:17.942Z,
ACK,2393,2026-09-26T17:05:18.046Z,
ACK,2394,2026-09-26T17:05:18.204Z,
ACK,2395,2026-09-26T17:05:18.346Z,
ACK,2396,2026-09-26T17:05:18.492Z,
ACK,2397,2026-09-26T17:05:18.608Z,
ACK,2398,2026-09-26T17:05:18.742Z,
ACK,2399,2026-09-26T17:05:18.864Z,
ACK,2400,2026-09-26T17:05:18.969Z,
ACK,2401,2026-09-26T17:05:19.147Z,
ACK,2402,2026-09-26T17:05:19.266Z,
ACK,2403,2026-09-26T17:05:19.383Z,
ACK,2404,2026-09-26T17:05:19.648Z,
ACK,2405,2026-09-26T17:05:19.744Z,
ACK,2406,2026-09-26T17:05:19.863Z,
ACK,2407,2026-09-26T17:05:19.959Z,
ACK,2408,2026-09-26T17:05:20.127Z,
ACK,2409,2026-09-26T17:05:20.228Z,
ACK,2410,2026-09-26T17:05:20.346Z,
ACK,2411,2026-09-26T17:05:20.541Z,
ACK,2412,2026-09-26T17:05:20.678Z,
ACK,2413,2026-09-26T17:05:20.774Z,
ACK,2414,2026-09-26T17:05:20.881Z,
ACK,2415,2026-09-26T17:05:20.998Z,
ACK,2416,2026-09-26T17:05:21.101Z,
ACK,2417,2026-09-26T17:05:21.196Z,
ACK,2418,2026-09-26T17:05:21.327Z,
ACK,2419,2026-09-26T17:05:21.434Z,
ACK,2420,2026-09-26T17:05:21.540Z,
ACK,2421,2026-09-26T17:05:21.768Z,
ACK,2422,2026-09-26T17:05:21.872Z,
ACK,2423,2026-09-26T17:05:21.973Z,
ACK,2424,2026-09-26T17:05:22.074Z,
ACK,2425,2026-09-26T17:05:22.172Z,
ACK,2426,2026-09-26T17:05:22.301Z,
ACK,2427,2026-09-26T17:05:22.403Z,
ACK,2428,2026-09-26T17:05:22.499Z,
ACK,2429,2026-09-26T17:05:22.611Z,
ACK,2430,2026-09-26T17:05:22.734Z,
ACK,2431,2026-09-26T17:05:22.862Z,
ACK,2432,2026-09-26T17:05:22.960Z,
ACK,2433,2026-09-26T17:05:23.068Z,
ACK,2434,2026-09-26T17:05:23.221Z,
ACK,2435,2026-09-26T17:05:23.319Z,
ACK,2436,2026-09-26T17:05:23.439Z,
ACK,2437,2026-09-26T17:05:23.537Z,
ACK,2438,2026-09-26T17:05:23.636Z,
ACK,2439,2026-09-26T17:05:23.741Z,
ACK,2440,2026-09-26T17:05:23.879Z,
ACK,2441,2026-09-26T17:05:23.982Z,
ACK,2442,2026-09-26T17:05:24.090Z,
ACK,2443,2026-09-26T17:05:24.210Z,
ACK,2444,2026-09-26T17:05:24.327Z,
ACK,2445,2026-09-26T17:05:24.426Z,
ACK,2446,2026-09-26T17:05:24.537Z,
ACK,2447,2026-09-26T17:05:24.635Z,
ACK,2448,2026-09-26T17:05:24.745Z,
ACK,2449,2026-09-26T17:05:24.848Z,
ACK,2450,2026-09-26T17:05:24.949Z,
ACK,2451,2026-09-26T17:05:25.068Z,
ACK,2452,2026-09-26T17:05:25.167Z,
ACK,2453,2026-09-26T17:05:25.272Z,
ACK,2454,2026-09-26T17:05:25.373Z,
ACK,2455,2026-09-26T17:05:25.479Z,
ACK,2456,2026-09-26T17:05:25.619Z,
ACK,2457,2026-09-26T17:05:25.716Z,
ACK,2458,2026-09-26T17:05:25.854Z,
ACK,2459,2026-09-26T17:05:25.950Z,
ACK,2460,2026-09-26T17:05:26.054Z,
ACK,2461,2026-09-26T17:05:26.221Z,
ACK,2462,2026-09-26T17:05:26.338Z,
ACK,2463,2026-09-26T17:05:26.433Z,
ACK,2464,2026-09-26T17:05:26.570Z,
ACK,2465,2026-09-26T17:05:26.669Z,
ACK,2466,2026-09-26T17:05:26.785Z,
ACK,2467,2026-09-26T17:05:26.881Z,
ACK,2468,2026-09-26T17:05:26.982Z,
ACK,2469,2026-09-26T17:05:27.089Z,
ACK,2470,2026-09-26T17:05:27.191Z,
ACK,2471,2026-09-26T17:05:27.291Z,
ACK,2472,2026-09-26T17:05:27.388Z,
ACK,2473,2026-09-26T17:05:27.490Z,
ACK,2474,2026-09-26T17:05:27.632Z,
ACK,2475,2026-09-26T17:05:27.736Z,
ACK,2476,2026-09-26T17:05:27.837Z,
ACK,2477,2026-09-26T17:05:27.935Z,
ACK,2478,2026-09-26T17:05:28.034Z,
ACK,2479,2026-09-26T17:05:28.137Z,
ACK,2480,2026-09-26T17:05:28.291Z,
ACK,2481,2026-09-26T17:05:28.418Z,
ACK,2482,2026-09-26T17:05:28.531Z,
ACK,2483,2026-09-26T17:05:28.627Z,
ACK,2484,2026-09-26T17:05:28.733Z,
ACK,2485,2026-09-26T17:05:28.833Z,
ACK,2486,2026-09-26T17:05:28.935Z,
ACK,2487,2026-09-26T17:05:29.036Z,
ACK,2488,2026-09-26T17:05:29.136Z,
ACK,2489,2026-09-26T17:05:29.265Z,
ACK,2490,2026-09-26T17:05:29.387Z,
ACK,2491,2026-09-26T17:05:29.484Z,
ACK,2492,2026-09-26T17:05:29.586Z,
ACK,2493,2026-09-26T17:05:29.683Z,
ACK,2494,2026-09-26T17:05:29.812Z,
ACK,2495,2026-09-26T17:05:29.936Z,
ACK,2496,2026-09-26T17:05:30.029Z,
ACK,2497,2026-09-26T17:05:30.342Z,
ACK,2498,2026-09-26T17:05:30.452Z,
ACK,2499,2026-09-26T17:05:30.549Z,
ACK,2500,2026-09-26T17:05:30.662Z,
ACK,2501,2026-09-26T17:05:30.762Z,
ACK,2502,2026-09-26T17:05:30.876Z,
ACK,2503,2026-09-26T17:05:30.976Z,
ACK,2504,2026-09-26T17:05:31.071Z,
ACK,2505,2026-09-26T17:05:31.173Z,
ACK,2506,2026-09-26T17:05:31.295Z,
ACK,2507,2026-09-26T17:05:31.402Z,
ACK,2508,2026-09-26T17:05:31.514Z,
ACK,2509,2026-09-26T17:05:31.611Z,
ACK,2510,2026-09-26T17:05:31.719Z,
ACK,2511,2026-09-26T17:05:31.818Z,
ACK,2512,2026-09-26T17:05:31.937Z,
ACK,2513,2026-09-26T17:05:32.051Z,
ACK,2514,2026-09-26T17:05:32.267Z,
ACK,2515,2026-09-26T17:05:32.370Z,
ACK,2516,2026-09-26T17:05:32.472Z,
ACK,2517,2026-09-26T17:05:32.598Z,
ACK,2518,2026-09-26T17:05:32.714Z,
ACK,2519,2026-09-26T17:05:32.812Z,
ACK,2520,2026-09-26T17:05:32.930Z,
ACK,2521,2026-09-26T17:05:33.026Z,
ACK,2522,2026-09-26T17:05:33.128Z,
ACK,2523,2026-09-26T17:05:33.230Z,
ACK,2524,2026-09-26T17:05:33.334Z,
ACK,2525,2026-09-26T17:05:33.430Z,
ACK,2526,2026-09-26T17:05:33.531Z,
ACK,2527,2026-09-26T17:05:33.642Z,
ACK,2528,2026-09-26T17:05:33.772Z,
ACK,2529,2026-09-26T17:05:33.900Z,
ACK,2530,2026-09-26T17:05:34.012Z,
ACK,2531,2026-09-26T17:05:34.110Z,
ACK,2532,2026-09-26T17:05:34.211Z,
ACK,2533,2026-09-26T17:05:34.319Z,
ACK,2534,2026-09-26T17:05:34.415Z,
ACK,2535,2026-09-26T17:05:34.523Z,
ACK,2536,2026-09-26T17:05:34.628Z,
ACK,2537,2026-09-26T17:05:34.752Z,
ACK,2538,2026-09-26T17:05:34.889Z,
ACK,2539,2026-09-26T17:05:34.998Z,
ACK,2540,2026-09-26T17:05:35.097Z,
ACK,2541,2026-09-26T17:05:35.205Z,
ACK,2542,2026-09-26T17:05:35.318Z,
ACK,2543,2026-09-26T17:05:35.428Z,
ACK,2544,2026-09-26T17:05:35.550Z,
ACK,2545,2026-09-26T17:05:35.653Z,
ACK,2546,2026-09-26T17:05:35.770Z,
ACK,2547,2026-09-26T17:05:35.887Z,
ACK,2548,2026-09-26T17:05:35.985Z,
ACK,2549,2026-09-26T17:05:36.087Z,
ACK,2550,2026-09-26T17:05:36.189Z,
ACK,2551,2026-09-26T17:05:36.291Z,
ACK,2552,2026-09-26T17:05:36.399Z,
ACK,2553,2026-09-26T17:05:36.499Z,
ACK,2554,2026-09-26T17:05:36.594Z,
ACK,2555,2026-09-26T17:05:36.696Z,
ACK,2556,2026-09-26T17:05:36.800Z,
ACK,2557,2026-09-26T17:05:36.901Z,
ACK,2558,2026-09-26T17:05:36.999Z,
ACK,2559,2026-09-26T17:05:37.111Z,
ACK,2560,2026-09-26T17:05:37.216Z,
ACK,2561,2026-09-26T17:05:37.314Z,
ACK,2562,2026-09-26T17:05:37.439Z,
ACK,2563,2026-09-26T17:05:37.538Z,
ACK,2564,2026-09-26T17:05:37.638Z,
ACK,2565,2026-09-26T17:05:37.739Z,
ACK,2566,2026-09-26T17:05:37.841Z,
ACK,2567,2026-09-26T17:05:37.938Z,
ACK,2568,2026-09-26T17:05:38.039Z,
ACK,2569,2026-09-26T17:05:38.138Z,
ACK,2570,2026-09-26T17:05:38.239Z,
ACK,2571,2026-09-26T17:05:38.355Z,
ACK,2572,2026-09-26T17:05:38.457Z,
ACK,2573,2026-09-26T17:05:38.559Z,
ACK,2574,2026-09-26T17:05:38.663Z,
ACK,2575,2026-09-26T17:05:38.787Z,
ACK,2576,2026-09-26T17:05:38.891Z,
ACK,2577,2026-09-26T17:05:38.986Z,
ACK,2578,2026-09-26T17:05:39.094Z,
ACK,2579,2026-09-26T17:05:39.202Z,
ACK,2580,2026-09-26T17:05:39.299Z,
ACK,2581,2026-09-26T17:05:39.405Z,
ACK,2582,2026-09-26T17:05:39.509Z,
ACK,2583,2026-09-26T17:05:39.612Z,
ACK,2584,2026-09-26T17:05:39.713Z,
ACK,2585,2026-09-26T17:05:39.891Z,
ACK,2586,2026-09-26T17:05:40.007Z,
ACK,2587,2026-09-26T17:05:40.149Z,
ACK,2588,2026-09-26T17:05:40.256Z,
ACK,2589,2026-09-26T17:05:40.360Z,
ACK,2590,2026-09-26T17:05:40.460Z,
ACK,2591,2026-09-26T17:05:40.576Z,
ACK,2592,2026-09-26T17:05:40.679Z,
ACK,2593,2026-09-26T17:05:40.794Z,
ACK,2594,2026-09-26T17:05:40.890Z,
ACK,2595,2026-09-26T17:05:41.014Z,
ACK,2596,2026-09-26T17:05:41.115Z,
ACK,2597,2026-09-26T17:05:41.219Z,
ACK,2598,2026-09-26T17:05:41.311Z,
ACK,2599,2026-09-26T17:05:41.424Z,
ACK,2600,2026-09-26T17:05:41.535Z,
ACK,2601,2026-09-26T17:05:41.646Z,
ACK,2602,2026-09-26T17:05:41.759Z,
ACK,2603,2026-09-26T17:05:41.918Z,
ACK,2604,2026-09-26T17:05:42.029Z,
ACK,2605,2026-09-26T17:05:42.160Z,
ACK,2606,2026-09-26T17:05:42.288Z,
ACK,2607,2026-09-26T17:05:42.436Z,
ACK,2608,2026-09-26T17:05:42.536Z,
ACK,2609,2026-09-26T17:05:42.701Z,
ACK,2610,2026-09-26T17:05:42.811Z,
ACK,2611,2026-09-26T17:05:42.934Z,
ACK,2612,2026-09-26T17:05:43.043Z,
ACK,2613,2026-09-26T17:05:43.173Z,
ACK,2614,2026-09-26T17:05:43.302Z,
ACK,2615,2026-09-26T17:05:43.409Z,
ACK,2616,2026-09-26T17:05:43.513Z,
ACK,2617,2026-09-26T17:05:43.632Z,
ACK,2618,2026-09-26T17:05:43.726Z,
ACK,2619,2026-09-26T17:05:43.836Z,
ACK,2620,2026-09-26T17:05:43.938Z,
ACK,2621,2026-09-26T17:05:44.038Z,
ACK,2622,2026-09-26T17:05:44.152Z,
ACK,2623,2026-09-26T17:05:44.265Z,
ACK,2624,2026-09-26T17:05:44.368Z,
ACK,2625,2026-09-26T17:05:44.482Z,
ACK,2626,2026-09-26T17:05:44.630Z,
ACK,2627,2026-09-26T17:05:44.783Z,
ACK,2628,2026-09-26T17:05:44.897Z,
ACK,2629,2026-09-26T17:05:45.024Z,
ACK,2630,2026-09-26T17:05:45.139Z,
ACK,2631,2026-09-26T17:05:45.276Z,
ACK,2632,2026-09-26T17:05:45.379Z,
ACK,2633,2026-09-26T17:05:45.519Z,
ACK,2634,2026-09-26T17:05:45.631Z,
ACK,2635,2026-09-26T17:05:45.753Z,
ACK,2636,2026-09-26T17:05:45.854Z,
ACK,2637,2026-09-26T17:05:45.977Z,
ACK,2638,2026-09-26T17:05:46.079Z,
ACK,2639,2026-09-26T17:05:46.183Z,
ACK,2640,2026-09-26T17:05:46.285Z,
ACK,2641,2026-09-26T17:05:46.391Z,
ACK,2642,2026-09-26T17:05:46.533Z,
ACK,2643,2026-09-26T17:05:46.636Z,
ACK,2644,2026-09-26T17:05:46.737Z,
ACK,2645,2026-09-26T17:05:46.840Z,
ACK,2646,2026-09-26T17:05:46.938Z,
ACK,2647,2026-09-26T17:05:47.059Z,
ACK,2648,2026-09-26T17:05:47.182Z,
ACK,2649,2026-09-26T17:05:47.289Z,
ACK,2650,2026-09-26T17:05:47.385Z,
ACK,2651,2026-09-26T17:05:47.487Z,
ACK,2652,2026-09-26T17:05:47.605Z,
ACK,2653,2026-09-26T17:05:47.716Z,
ACK,2654,2026-09-26T17:05:47.813Z,
ACK,2655,2026-09-26T17:05:47.918Z,
ACK,2656,2026-09-26T17:05:48.051Z,
ACK,2657,2026-09-26T17:05:48.148Z,
ACK,2658,2026-09-26T17:05:48.249Z,
ACK,2659,2026-09-26T17:05:48.381Z,
ACK,2660,2026-09-26T17:05:48.486Z,
ACK,2661,2026-09-26T17:05:48.631Z,
ACK,2662,2026-09-26T17:05:48.730Z,
ACK,2663,2026-09-26T17:05:48.829Z,
ACK,2664,2026-09-26T17:05:48.928Z,
ACK,2665,2026-09-26T17:05:49.031Z,
ACK,2666,2026-09-26T17:05:49.134Z,
ACK,2667,2026-09-26T17:05:49.231Z,
ACK,2668,2026-09-26T17:05:49.367Z,
ACK,2669,2026-09-26T17:05:49.463Z,
ACK,2670,2026-09-26T17:05:49.574Z,
ACK,2671,2026-09-26T17:05:49.677Z,
ACK,2672,2026-09-26T17:05:49.771Z,
ACK,2673,2026-09-26T17:05:49.876Z,
ACK,2674,2026-09-26T17:05:49.975Z,
ACK,2675,2026-09-26T17:05:50.073Z,
ACK,2676,2026-09-26T17:05:50.183Z,
ACK,2677,2026-09-26T17:05:50.284Z,
ACK,2678,2026-09-26T17:05:50.386Z,
ACK,2679,2026-09-26T17:05:50.503Z,
ACK,2680,2026-09-26T17:05:50.625Z,
ACK,2681,2026-09-26T17:05:50.741Z,
ACK,2682,2026-09-26T17:05:50.840Z,
ACK,2683,2026-09-26T17:05:50.938Z,
ACK,2684,2026-09-26T17:05:51.047Z,
ACK,2685,2026-09-26T17:05:51.149Z,
ACK,2686,2026-09-26T17:05:51.259Z,
ACK,2687,2026-09-26T17:05:51.372Z,
ACK,2688,2026-09-26T17:05:51.476Z,
ACK,2689,2026-09-26T17:05:51.580Z,
ACK,2690,2026-09-26T17:05:51.676Z,
ACK,2691,2026-09-26T17:05:51.778Z,
ACK,2692,2026-09-26T17:05:51.880Z,
ACK,2693,2026-09-26T17:05:52.012Z,
ACK,2694,2026-09-26T17:05:52.112Z,
ACK,2695,2026-09-26T17:05:52.209Z,
ACK,2696,2026-09-26T17:05:52.326Z,
ACK,2697,2026-09-26T17:05:52.423Z,
ACK,2698,2026-09-26T17:05:52.524Z,
ACK,2699,2026-09-26T17:05:52.694Z,
ACK,2700,2026-09-26T17:05:52.806Z,
ACK,2701,2026-09-26T17:05:52.901Z,
ACK,2702,2026-09-26T17:05:53.004Z,
ACK,2703,2026-09-26T17:05:53.103Z,
ACK,2704,2026-09-26T17:05:53.209Z,
ACK,2705,2026-09-26T17:05:53.312Z,
ACK,2706,2026-09-26T17:05:53.420Z,
ACK,2707,2026-09-26T17:05:53.536Z,
ACK,2708,2026-09-26T17:05:53.638Z,
ACK,2709,2026-09-26T17:05:53.740Z,
ACK,2710,2026-09-26T17:05:53.840Z,
ACK,2711,2026-09-26T17:05:53.938Z,
ACK,2712,2026-09-26T17:05:54.049Z,
ACK,2713,2026-09-26T17:05:54.147Z,
ACK,2714,2026-09-26T17:05:54.245Z,
ACK,2715,2026-09-26T17:05:54.383Z,
ACK,2716,2026-09-26T17:05:54.491Z,
ACK,2717,2026-09-26T17:05:54.720Z,
ACK,2718,2026-09-26T17:05:54.823Z,
ACK,2719,2026-09-26T17:05:54.925Z,
ACK,2720,2026-09-26T17:05:55.024Z,
ACK,2721,2026-09-26T17:05:55.127Z,
ACK,2722,2026-09-26T17:05:55.229Z,
ACK,2723,2026-09-26T17:05:55.328Z,
ACK,2724,2026-09-26T17:05:55.435Z,
ACK,2725,2026-09-26T17:05:55.562Z,
ACK,2726,2026-09-26T17:05:55.692Z,
ACK,2727,2026-09-26T17:05:55.790Z,
ACK,2728,2026-09-26T17:05:55.891Z,
ACK,2729,2026-09-26T17:05:55.990Z,
ACK,2730,2026-09-26T17:05:56.102Z,
ACK,2731,2026-09-26T17:05:56.214Z,
ACK,2732,2026-09-26T17:05:56.313Z,
ACK,2733,2026-09-26T17:05:56.429Z,
ACK,2734,2026-09-26T17:05:56.541Z,
ACK,2735,2026-09-26T17:05:56.643Z,
ACK,2736,2026-09-26T17:05:56.751Z,
ACK,2737,2026-09-26T17:05:56.857Z,
ACK,2738,2026-09-26T17:05:56.965Z,
ACK,2739,2026-09-26T17:05:57.079Z,
ACK,2740,2026-09-26T17:05:57.179Z,
ACK,2741,2026-09-26T17:05:57.275Z,
ACK,2742,2026-09-26T17:05:57.378Z,
ACK,2743,2026-09-26T17:05:57.489Z,
ACK,2744,2026-09-26T17:05:57.641Z,
ACK,2745,2026-09-26T17:05:57.741Z,
ACK,2746,2026-09-26T17:05:57.836Z,
ACK,2747,2026-09-26T17:05:57.956Z,
ACK,2748,2026-09-26T17:05:58.054Z,
ACK,2749,2026-09-26T17:05:58.152Z,
ACK,2750,2026-09-26T17:05:58.261Z,
ACK,2751,2026-09-26T17:05:58.370Z,
ACK,2752,2026-09-26T17:05:58.490Z,
ACK,2753,2026-09-26T17:05:58.589Z,
ACK,2754,2026-09-26T17:05:58.720Z,
ACK,2755,2026-09-26T17:05:58.819Z,
ACK,2756,2026-09-26T17:05:58.937Z,
ACK,2757,2026-09-26T17:05:59.041Z,
ACK,2758,2026-09-26T17:05:59.330Z,
ACK,2759,2026-09-26T17:05:59.436Z,
ACK,2760,2026-09-26T17:05:59.534Z,
ACK,2761,2026-09-26T17:05:59.687Z,
ACK,2762,2026-09-26T17:05:59.782Z,
ACK,2763,2026-09-26T17:05:59.892Z,
ACK,2764,2026-09-26T17:05:59.989Z,
ACK,2765,2026-09-26T17:06:00.095Z,
ACK,2766,2026-09-26T17:06:00.196Z,
ACK,2767,2026-09-26T17:06:00.293Z,
ACK,2768,2026-09-26T17:06:00.600Z,
ACK,2769,2026-09-26T17:06:00.721Z,
ACK,2770,2026-09-26T17:06:00.830Z,
ACK,2771,2026-09-26T17:06:00.929Z,
ACK,2772,2026-09-26T17:06:01.033Z,
ACK,2773,2026-09-26T17:06:01.137Z,
ACK,2774,2026-09-26T17:06:01.239Z,
ACK,2775,2026-09-26T17:06:01.398Z,
ACK,2776,2026-09-26T17:06:01.506Z,
ACK,2777,2026-09-26T17:06:01.633Z,
ACK,2778,2026-09-26T17:06:01.737Z,
ACK,2779,2026-09-26T17:06:01.851Z,
ACK,2780,2026-09-26T17:06:01.953Z,
ACK,2781,2026-09-26T17:06:02.060Z,
ACK,2782,2026-09-26T17:06:02.161Z,
ACK,2783,2026-09-26T17:06:02.282Z,
ACK,2784,2026-09-26T17:06:02.397Z,
ACK,2785,2026-09-26T17:06:02.528Z,
ACK,2786,2026-09-26T17:06:02.624Z,
ACK,2787,2026-09-26T17:06:02.741Z,
ACK,2788,2026-09-26T17:06:02.854Z,
ACK,2789,2026-09-26T17:06:02.964Z,
ACK,2790,2026-09-26T17:06:03.077Z,
ACK,2791,2026-09-26T17:06:03.187Z,
ACK,2792,2026-09-26T17:06:03.304Z,
ACK,2793,2026-09-26T17:06:03.398Z,
ACK,2794,2026-09-26T17:06:03.510Z,
ACK,2795,2026-09-26T17:06:03.608Z,
ACK,2796,2026-09-26T17:06:03.769Z,
ACK,2797,2026-09-26T17:06:03.880Z,
ACK,2798,2026-09-26T17:06:03.982Z,
ACK,2799,2026-09-26T17:06:04.101Z,
ACK,2800,2026-09-26T17:06:04.203Z,
ACK,2801,2026-09-26T17:06:04.303Z,
ACK,2802,2026-09-26T17:06:04.411Z,
ACK,2803,2026-09-26T17:06:04.547Z,
ACK,2804,2026-09-26T17:06:04.646Z,
ACK,2805,2026-09-26T17:06:04.757Z,
ACK,2806,2026-09-26T17:06:04.878Z,
ACK,2807,2026-09-26T17:06:04.982Z,
ACK,2808,2026-09-26T17:06:05.079Z,
ACK,2809,2026-09-26T17:06:05.199Z,
ACK,2810,2026-09-26T17:06:05.311Z,
ACK,2811,2026-09-26T17:06:05.428Z,
ACK,2812,2026-09-26T17:06:05.532Z,
ACK,2813,2026-09-26T17:06:05.627Z,
ACK,2814,2026-09-26T17:06:05.731Z,
ACK,2815,2026-09-26T17:06:05.841Z,
ACK,2816,2026-09-26T17:06:05.945Z,
ACK,2817,2026-09-26T17:06:06.050Z,
ACK,2818,2026-09-26T17:06:06.152Z,
ACK,2819,2026-09-26T17:06:06.249Z,
ACK,2820,2026-09-26T17:06:06.352Z,
ACK,2821,2026-09-26T17:06:06.455Z,
ACK,2822,2026-09-26T17:06:06.550Z,
ACK,2823,2026-09-26T17:06:06.712Z,
ACK,2824,2026-09-26T17:06:06.833Z,
ACK,2825,2026-09-26T17:06:06.933Z,
ACK,2826,2026-09-26T17:06:07.034Z,
ACK,2827,2026-09-26T17:06:07.133Z,
ACK,2828,2026-09-26T17:06:07.242Z,
ACK,2829,2026-09-26T17:06:07.343Z,
ACK,2830,2026-09-26T17:06:07.442Z,
ACK,2831,2026-09-26T17:06:07.563Z,
ACK,2832,2026-09-26T17:06:07.710Z,
ACK,2833,2026-09-26T17:06:07.855Z,
ACK,2834,2026-09-26T17:06:07.949Z,
ACK,2835,2026-09-26T17:06:08.050Z,
ACK,2836,2026-09-26T17:06:08.164Z,
ACK,2837,2026-09-26T17:06:08.268Z,
ACK,2838,2026-09-26T17:06:08.399Z,
ACK,2839,2026-09-26T17:06:08.509Z,
ACK,2840,2026-09-26T17:06:08.610Z,
ACK,2841,2026-09-26T17:06:08.712Z,
ACK,2842,2026-09-26T17:06:08.810Z,
ACK,2843,2026-09-26T17:06:08.922Z,
ACK,2844,2026-09-26T17:06:09.018Z,
ACK,2845,2026-09-26T17:06:09.128Z,
ACK,2846,2026-09-26T17:06:09.242Z,
ACK,2847,2026-09-26T17:06:09.347Z,
ACK,2848,2026-09-26T17:06:09.570Z,
ACK,2849,2026-09-26T17:06:09.671Z,
ACK,2850,2026-09-26T17:06:09.768Z,
ACK,2851,2026-09-26T17:06:09.897Z,
ACK,2852,2026-09-26T17:06:10.014Z,
ACK,2853,2026-09-26T17:06:10.142Z,
ACK,2854,2026-09-26T17:06:10.261Z,
ACK,2855,2026-09-26T17:06:10.367Z,
ACK,2856,2026-09-26T17:06:10.474Z,
ACK,2857,2026-09-26T17:06:10.592Z,
ACK,2858,2026-09-26T17:06:10.730Z,
ACK,2859,2026-09-26T17:06:10.840Z,
ACK,2860,2026-09-26T17:06:10.943Z,
ACK,2861,2026-09-26T17:06:11.071Z,
ACK,2862,2026-09-26T17:06:11.170Z,
ACK,2863,2026-09-26T17:06:11.278Z,
ACK,2864,2026-09-26T17:06:11.381Z,
ACK,2865,2026-09-26T17:06:11.530Z,
ACK,2866,2026-09-26T17:06:11.654Z,
ACK,2867,2026-09-26T17:06:11.807Z,
ACK,2868,2026-09-26T17:06:11.912Z,
ACK,2869,2026-09-26T17:06:12.031Z,
ACK,2870,2026-09-26T17:06:12.155Z,
ACK,2871,2026-09-26T17:06:12.253Z,
ACK,2872,2026-09-26T17:06:12.353Z,
ACK,2873,2026-09-26T17:06:12.453Z,
ACK,2874,2026-09-26T17:06:12.575Z,
ACK,2875,2026-09-26T17:06:12.684Z,
ACK,2876,2026-09-26T17:06:12.783Z,
ACK,2877,2026-09-26T17:06:12.889Z,
ACK,2878,2026-09-26T17:06:12.984Z,
ACK,2879,2026-09-26T17:06:13.086Z,
ACK,2880,2026-09-26T17:06:13.187Z,
ACK,2881,2026-09-26T17:06:13.285Z,
ACK,2882,2026-09-26T17:06:13.398Z,
ACK,2883,2026-09-26T17:06:13.498Z,
ACK,2884,2026-09-26T17:06:13.597Z,
ACK,2885,2026-09-26T17:06:13.702Z,
ACK,2886,2026-09-26T17:06:13.815Z,
ACK,2887,2026-09-26T17:06:13.933Z,
ACK,2888,2026-09-26T17:06:14.031Z,
ACK,2889,2026-09-26T17:06:14.146Z,
ACK,2890,2026-09-26T17:06:14.254Z,
ACK,2891,2026-09-26T17:06:14.349Z,
ACK,2892,2026-09-26T17:06:14.492Z,
ACK,2893,2026-09-26T17:06:14.596Z,
ACK,2894,2026-09-26T17:06:14.696Z,
ACK,2895,2026-09-26T17:06:14.796Z,
ACK,2896,2026-09-26T17:06:14.893Z,
ACK,2897,2026-09-26T17:06:15.003Z,
ACK,2898,2026-09-26T17:06:15.100Z,
ACK,2899,2026-09-26T17:06:15.201Z,
ACK,2900,2026-09-26T17:06:15.520Z,
ACK,2901,2026-09-26T17:06:15.632Z,
ACK,2902,2026-09-26T17:06:15.750Z,
ACK,2903,2026-09-26T17:06:15.860Z,
ACK,2904,2026-09-26T17:06:15.962Z,
ACK,2905,2026-09-26T17:06:16.087Z,
ACK,2906,2026-09-26T17:06:16.218Z,
ACK,2907,2026-09-26T17:06:16.332Z,
ACK,2908,2026-09-26T17:06:16.473Z,
ACK,2909,2026-09-26T17:06:16.577Z,
ACK,2910,2026-09-26T17:06:16.672Z,
ACK,2911,2026-09-26T17:06:16.776Z,
ACK,2912,2026-09-26T17:06:16.881Z,
ACK,2913,2026-09-26T17:06:16.976Z,
ACK,2914,2026-09-26T17:06:17.124Z,
ACK,2915,2026-09-26T17:06:17.394Z,
ACK,2916,2026-09-26T17:06:17.508Z,
ACK,2917,2026-09-26T17:06:17.616Z,
ACK,2918,2026-09-26T17:06:17.716Z,
ACK,2919,2026-09-26T17:06:17.816Z,
ACK,2920,2026-09-26T17:06:17.917Z,
ACK,2921,2026-09-26T17:06:18.011Z,
ACK,2922,2026-09-26T17:06:18.120Z,
ACK,2923,2026-09-26T17:06:18.239Z,
ACK,2924,2026-09-26T17:06:18.332Z,
ACK,2925,2026-09-26T17:06:18.449Z,
ACK,2926,2026-09-26T17:06:18.593Z,
ACK,2927,2026-09-26T17:06:18.692Z,
ACK,2928,2026-09-26T17:06:18.792Z,
ACK,2929,2026-09-26T17:06:18.888Z,
ACK,2930,2026-09-26T17:06:18.993Z,
ACK,2931,2026-09-26T17:06:19.103Z,
ACK,2932,2026-09-26T17:06:19.202Z,
ACK,2933,2026-09-26T17:06:19.315Z,
ACK,2934,2026-09-26T17:06:19.410Z,
ACK,2935,2026-09-26T17:06:19.528Z,
ACK,2936,2026-09-26T17:06:19.634Z,
ACK,2937,2026-09-26T17:06:19.736Z,
ACK,2938,2026-09-26T17:06:19.841Z,
ACK,2939,2026-09-26T17:06:19.954Z,
ACK,2940,2026-09-26T17:06:20.070Z,
ACK,2941,2026-09-26T17:06:20.201Z,
ACK,2942,2026-09-26T17:06:20.314Z,
ACK,2943,2026-09-26T17:06:20.420Z,
ACK,2944,2026-09-26T17:06:20.556Z,
ACK,2945,2026-09-26T17:06:20.667Z,
ACK,2946,2026-09-26T17:06:20.798Z,
ACK,2947,2026-09-26T17:06:20.902Z,
ACK,2948,2026-09-26T17:06:21.050Z,
ACK,2949,2026-09-26T17:06:21.148Z,
ACK,2950,2026-09-26T17:06:21.248Z,
ACK,2951,2026-09-26T17:06:21.368Z,
ACK,2952,2026-09-26T17:06:21.468Z,
ACK,2953,2026-09-26T17:06:21.567Z,
ACK,2954,2026-09-26T17:06:21.691Z,
ACK,2955,2026-09-26T17:06:21.792Z,
ACK,2956,2026-09-26T17:06:21.915Z,
ACK,2957,2026-09-26T17:06:22.010Z,
ACK,2958,2026-09-26T17:06:22.117Z,
ACK,2959,2026-09-26T17:06:22.256Z,
ACK,2960,2026-09-26T17:06:22.358Z,
ACK,2961,2026-09-26T17:06:22.461Z,
ACK,2962,2026-09-26T17:06:22.560Z,
ACK,2963,2026-09-26T17:06:22.661Z,
ACK,2964,2026-09-26T17:06:22.758Z,
ACK,2965,2026-09-26T17:06:22.859Z,
ACK,2966,2026-09-26T17:06:22.991Z,
ACK,2967,2026-09-26T17:06:23.091Z,
ACK,2968,2026-09-26T17:06:23.218Z,
ACK,2969,2026-09-26T17:06:23.315Z,
ACK,2970,2026-09-26T17:06:23.418Z,
ACK,2971,2026-09-26T17:06:23.632Z,
ACK,2972,2026-09-26T17:06:23.727Z,
ACK,2973,2026-09-26T17:06:23.925Z,
ACK,2974,2026-09-26T17:06:24.027Z,
ACK,2975,2026-09-26T17:06:24.125Z,
ACK,2976,2026-09-26T17:06:24.239Z,
ACK,2977,2026-09-26T17:06:24.374Z,
ACK,2978,2026-09-26T17:06:24.539Z,
ACK,2979,2026-09-26T17:06:24.642Z,
ACK,2980,2026-09-26T17:06:24.821Z,
ACK,2981,2026-09-26T17:06:24.959Z,
ACK,2982,2026-09-26T17:06:25.096Z,
ACK,2983,2026-09-26T17:06:25.234Z,
ACK,2984,2026-09-26T17:06:25.365Z,
ACK,2985,2026-09-26T17:06:25.496Z,
ACK,2986,2026-09-26T17:06:25.622Z,
ACK,2987,2026-09-26T17:06:25.736Z,
ACK,2988,2026-09-26T17:06:25.874Z,
ACK,2989,2026-09-26T17:06:26.113Z,
ACK,2990,2026-09-26T17:06:26.252Z,
ACK,2991,2026-09-26T17:06:26.349Z,
ACK,2992,2026-09-26T17:06:26.453Z,
ACK,2993,2026-09-26T17:06:26.552Z,
ACK,2994,2026-09-26T17:06:26.657Z,
ACK,2995,2026-09-26T17:06:26.760Z,
ACK,2996,2026-09-26T17:06:26.857Z,
ACK,2997,2026-09-26T17:06:27.141Z,
ACK,2998,2026-09-26T17:06:27.240Z,
ACK,2999,2026-09-26T17:06:27.337Z,
ACK,3000,2026-09-26T17:06:27.436Z,
ACK,3001,2026-09-26T17:06:27.545Z,
ACK,3002,2026-09-26T17:06:27.643Z,
ACK,3003,2026-09-26T17:06:27.748Z,
ACK,3004,2026-09-26T17:06:27.845Z,
ACK,3005,2026-09-26T17:06:27.947Z,
ACK,3006,2026-09-26T17:06:28.045Z,
ACK,3007,2026-09-26T17:06:28.146Z,
ACK,3008,2026-09-26T17:06:28.248Z,
ACK,3009,2026-09-26T17:06:28.345Z,
ACK,3010,2026-09-26T17:06:28.513Z,
ACK,3011,2026-09-26T17:06:28.637Z,
ACK,3012,2026-09-26T17:06:28.753Z,
ACK,3013,2026-09-26T17:06:28.881Z,
ACK,3014,2026-09-26T17:06:28.976Z,
ACK,3015,2026-09-26T17:06:29.077Z,
ACK,3016,2026-09-26T17:06:29.183Z,
ACK,3017,2026-09-26T17:06:29.286Z,
ACK,3018,2026-09-26T17:06:29.382Z,
ACK,3019,2026-09-26T17:06:29.486Z,
ACK,3020,2026-09-26T17:06:29.610Z,
ACK,3021,2026-09-26T17:06:29.709Z,
ACK,3022,2026-09-26T17:06:29.863Z,
ACK,3023,2026-09-26T17:06:29.962Z,
ACK,3024,2026-09-26T17:06:30.107Z,
ACK,3025,2026-09-26T17:06:30.208Z,
ACK,3026,2026-09-26T17:06:30.307Z,
ACK,3027,2026-09-26T17:06:30.404Z,
ACK,3028,2026-09-26T17:06:30.511Z,
ACK,3029,2026-09-26T17:06:30.611Z,
ACK,3030,2026-09-26T17:06:30.716Z,
ACK,3031,2026-09-26T17:06:30.824Z,
ACK,3032,2026-09-26T17:06:30.972Z,
ACK,3033,2026-09-26T17:06:31.078Z,
ACK,3034,2026-09-26T17:06:31.181Z,
ACK,3035,2026-09-26T17:06:31.288Z,
ACK,3036,2026-09-26T17:06:31.386Z,
ACK,3037,2026-09-26T17:06:31.486Z,
ACK,3038,2026-09-26T17:06:31.588Z,
ACK,3039,2026-09-26T17:06:31.684Z,
ACK,3040,2026-09-26T17:06:31.792Z,
ACK,3041,2026-09-26T17:06:31.966Z,
ACK,3042,2026-09-26T17:06:32.063Z,
ACK,3043,2026-09-26T17:06:32.164Z,
ACK,3044,2026-09-26T17:06:32.268Z,
ACK,3045,2026-09-26T17:06:32.365Z,
ACK,3046,2026-09-26T17:06:32.464Z,
ACK,3047,2026-09-26T17:06:32.631Z,
ACK,3048,2026-09-26T17:06:32.730Z,
ACK,3049,2026-09-26T17:06:32.829Z,
ACK,3050,2026-09-26T17:06:33.013Z,
ACK,3051,2026-09-26T17:06:33.112Z,
ACK,3052,2026-09-26T17:06:33.214Z,
ACK,3053,2026-09-26T17:06:33.315Z,
ACK,3054,2026-09-26T17:06:33.419Z,
ACK,3055,2026-09-26T17:06:33.528Z,
ACK,3056,2026-09-26T17:06:33.653Z,
ACK,3057,2026-09-26T17:06:33.755Z,
ACK,3058,2026-09-26T17:06:33.866Z,
ACK,3059,2026-09-26T17:06:33.969Z,
ACK,3060,2026-09-26T17:06:34.069Z,
ACK,3061,2026-09-26T17:06:34.378Z,
ACK,3062,2026-09-26T17:06:34.516Z,
ACK,3063,2026-09-26T17:06:34.656Z,
ACK,3064,2026-09-26T17:06:34.764Z,
ACK,3065,2026-09-26T17:06:34.859Z,
ACK,3066,2026-09-26T17:06:35.003Z,
ACK,3067,2026-09-26T17:06:35.106Z,
ACK,3068,2026-09-26T17:06:35.202Z,
ACK,3069,2026-09-26T17:06:35.303Z,
ACK,3070,2026-09-26T17:06:35.405Z,
ACK,3071,2026-09-26T17:06:35.572Z,
ACK,3072,2026-09-26T17:06:35.669Z,
ACK,3073,2026-09-26T17:06:35.773Z,
ACK,3074,2026-09-26T17:06:35.891Z,
ACK,3075,2026-09-26T17:06:35.994Z,
ACK,3076,2026-09-26T17:06:36.099Z,
ACK,3077,2026-09-26T17:06:36.198Z,
ACK,3078,2026-09-26T17:06:36.301Z,
ACK,3079,2026-09-26T17:06:36.400Z,
ACK,3080,2026-09-26T17:06:36.501Z,
ACK,3081,2026-09-26T17:06:36.599Z,
ACK,3082,2026-09-26T17:06:36.726Z,
ACK,3083,2026-09-26T17:06:36.824Z,
ACK,3084,2026-09-26T17:06:36.920Z,
ACK,3085,2026-09-26T17:06:37.022Z,
ACK,3086,2026-09-26T17:06:37.141Z,
ACK,3087,2026-09-26T17:06:37.237Z,
ACK,3088,2026-09-26T17:06:37.346Z,
ACK,3089,2026-09-26T17:06:37.459Z,
ACK,3090,2026-09-26T17:06:37.567Z,
ACK,3091,2026-09-26T17:06:37.669Z,
ACK,3092,2026-09-26T17:06:37.768Z,
ACK,3093,2026-09-26T17:06:37.875Z,
ACK,3094,2026-09-26T17:06:37.969Z,
ACK,3095,2026-09-26T17:06:38.076Z,
ACK,3096,2026-09-26T17:06:38.172Z,
ACK,3097,2026-09-26T17:06:38.275Z,
ACK,3098,2026-09-26T17:06:38.380Z,
ACK,3099,2026-09-26T17:06:38.482Z,
ACK,3100,2026-09-26T17:06:38.607Z,
ACK,3101,2026-09-26T17:06:38.701Z,
ACK,3102,2026-09-26T17:06:38.801Z,
ACK,3103,2026-09-26T17:06:38.905Z,
ACK,3104,2026-09-26T17:06:39.007Z,
ACK,3105,2026-09-26T17:06:39.104Z,
ACK,3106,2026-09-26T17:06:39.206Z,
ACK,3107,2026-09-26T17:06:39.305Z,
ACK,3108,2026-09-26T17:06:39.475Z,
ACK,3109,2026-09-26T17:06:39.583Z,
ACK,3110,2026-09-26T17:06:39.680Z,
ACK,3111,2026-09-26T17:06:39.783Z,
ACK,3112,2026-09-26T17:06:39.920Z,
ACK,3113,2026-09-26T17:06:40.018Z,
ACK,3114,2026-09-26T17:06:40.133Z,
ACK,3115,2026-09-26T17:06:40.235Z,
ACK,3116,2026-09-26T17:06:40.368Z,
ACK,3117,2026-09-26T17:06:40.605Z,
ACK,3118,2026-09-26T17:06:40.703Z,
ACK,3119,2026-09-26T17:06:40.825Z,
ACK,3120,2026-09-26T17:06:40.946Z,
ACK,3121,2026-09-26T17:06:41.049Z,
ACK,3122,2026-09-26T17:06:41.330Z,
ACK,3123,2026-09-26T17:06:41.432Z,
ACK,3124,2026-09-26T17:06:41.529Z,
ACK,3125,2026-09-26T17:06:41.640Z,
ACK,3126,2026-09-26T17:06:41.738Z,
ACK,3127,2026-09-26T17:06:41.861Z,
ACK,3128,2026-09-26T17:06:41.958Z,
ACK,3129,2026-09-26T17:06:42.060Z,
ACK,3130,2026-09-26T17:06:42.162Z,
ACK,3131,2026-09-26T17:06:42.282Z,
ACK,3132,2026-09-26T17:06:42.384Z,
ACK,3133,2026-09-26T17:06:42.501Z,
ACK,3134,2026-09-26T17:06:42.618Z,
ACK,3135,2026-09-26T17:06:42.713Z,
ACK,3136,2026-09-26T17:06:42.833Z,
ACK,3137,2026-09-26T17:06:42.928Z,
ACK,3138,2026-09-26T17:06:43.039Z,
ACK,3139,2026-09-26T17:06:43.137Z,
ACK,3140,2026-09-26T17:06:43.244Z,
ACK,3141,2026-09-26T17:06:43.336Z,
ACK,3142,2026-09-26T17:06:43.453Z,
ACK,3143,2026-09-26T17:06:43.570Z,
ACK,3144,2026-09-26T17:06:43.692Z,
ACK,3145,2026-09-26T17:06:43.792Z,
ACK,3146,2026-09-26T17:06:43.889Z,
ACK,3147,2026-09-26T17:06:43.990Z,
ACK,3148,2026-09-26T17:06:44.115Z,
ACK,3149,2026-09-26T17:06:44.219Z,
ACK,3150,2026-09-26T17:06:44.324Z,
ACK,3151,2026-09-26T17:06:44.441Z,
ACK,3152,2026-09-26T17:06:44.582Z,
ACK,3153,2026-09-26T17:06:44.682Z,
ACK,3154,2026-09-26T17:06:44.783Z,
ACK,3155,2026-09-26T17:06:44.908Z,
ACK,3156,2026-09-26T17:06:45.006Z,
ACK,3157,2026-09-26T17:06:45.111Z,
ACK,3158,2026-09-26T17:06:45.228Z,
ACK,3159,2026-09-26T17:06:45.330Z,
ACK,3160,2026-09-26T17:06:45.440Z,
ACK,3161,2026-09-26T17:06:45.575Z,
ACK,3162,2026-09-26T17:06:45.669Z,
ACK,3163,2026-09-26T17:06:45.778Z,
ACK,3164,2026-09-26T17:06:45.874Z,
ACK,3165,2026-09-26T17:06:45.976Z,
ACK,3166,2026-09-26T17:06:46.091Z,
ACK,3167,2026-09-26T17:06:46.187Z,
ACK,3168,2026-09-26T17:06:46.289Z,
ACK,3169,2026-09-26T17:06:46.387Z,
ACK,3170,2026-09-26T17:06:46.514Z,
ACK,3171,2026-09-26T17:06:46.611Z,
ACK,3172,2026-09-26T17:06:46.902Z,
ACK,3173,2026-09-26T17:06:46.999Z,
ACK,3174,2026-09-26T17:06:47.098Z,
ACK,3175,2026-09-26T17:06:47.198Z,
ACK,3176,2026-09-26T17:06:47.298Z,
ACK,3177,2026-09-26T17:06:47.405Z,
ACK,3178,2026-09-26T17:06:47.532Z,
ACK,3179,2026-09-26T17:06:47.628Z,
ACK,3180,2026-09-26T17:06:47.730Z,
ACK,3181,2026-09-26T17:06:47.838Z,
ACK,3182,2026-09-26T17:06:47.939Z,
ACK,3183,2026-09-26T17:06:48.033Z,
ACK,3184,2026-09-26T17:06:48.140Z,
ACK,3185,2026-09-26T17:06:48.237Z,
ACK,3186,2026-09-26T17:06:48.337Z,
ACK,3187,2026-09-26T17:06:48.444Z,
ACK,3188,2026-09-26T17:06:48.549Z,
ACK,3189,2026-09-26T17:06:48.668Z,
ACK,3190,2026-09-26T17:06:48.767Z,
ACK,3191,2026-09-26T17:06:48.867Z,
ACK,3192,2026-09-26T17:06:48.964Z,
ACK,3193,2026-09-26T17:06:49.071Z,
ACK,3194,2026-09-26T17:06:49.174Z,
ACK,3195,2026-09-26T17:06:49.284Z,
ACK,3196,2026-09-26T17:06:49.386Z,
ACK,3197,2026-09-26T17:06:49.515Z,
ACK,3198,2026-09-26T17:06:49.633Z,
ACK,3199,2026-09-26T17:06:49.790Z,
ACK,3200,2026-09-26T17:06:49.889Z,
ACK,3201,2026-09-26T17:06:49.997Z,
ACK,3202,2026-09-26T17:06:50.098Z,
ACK,3203,2026-09-26T17:06:50.210Z,
ACK,3204,2026-09-26T17:06:50.312Z,
ACK,3205,2026-09-26T17:06:50.409Z,
ACK,3206,2026-09-26T17:06:50.514Z,
ACK,3207,2026-09-26T17:06:50.615Z,
ACK,3208,2026-09-26T17:06:50.722Z,
ACK,3209,2026-09-26T17:06:50.829Z,
ACK,3210,2026-09-26T17:06:50.942Z,
ACK,3211,2026-09-26T17:06:51.037Z,
ACK,3212,2026-09-26T17:06:51.137Z,
ACK,3213,2026-09-26T17:06:51.244Z,
ACK,3214,2026-09-26T17:06:51.345Z,
ACK,3215,2026-09-26T17:06:51.443Z,
ACK,3216,2026-09-26T17:06:51.545Z,
ACK,3217,2026-09-26T17:06:51.640Z,
ACK,3218,2026-09-26T17:06:51.750Z,
ACK,3219,2026-09-26T17:06:51.849Z,
ACK,3220,2026-09-26T17:06:51.954Z,
ACK,3221,2026-09-26T17:06:52.048Z,
ACK,3222,2026-09-26T17:06:52.148Z,
ACK,3223,2026-09-26T17:06:52.462Z,
ACK,3224,2026-09-26T17:06:52.579Z,
ACK,3225,2026-09-26T17:06:52.675Z,
ACK,3226,2026-09-26T17:06:52.823Z,
ACK,3227,2026-09-26T17:06:52.924Z,
ACK,3228,2026-09-26T17:06:53.031Z,
ACK,3229,2026-09-26T17:06:53.163Z,
ACK,3230,2026-09-26T17:06:53.295Z,
ACK,3231,2026-09-26T17:06:53.431Z,
ACK,3232,2026-09-26T17:06:53.536Z,
ACK,3233,2026-09-26T17:06:53.663Z,
ACK,3234,2026-09-26T17:06:53.759Z,
ACK,3235,2026-09-26T17:06:53.863Z,
ACK,3236,2026-09-26T17:06:53.961Z,
ACK,3237,2026-09-26T17:06:54.072Z,
ACK,3238,2026-09-26T17:06:54.170Z,
ACK,3239,2026-09-26T17:06:54.267Z,
ACK,3240,2026-09-26T17:06:54.483Z,
ACK,3241,2026-09-26T17:06:54.597Z,
ACK,3242,2026-09-26T17:06:54.703Z,
ACK,3243,2026-09-26T17:06:54.804Z,
ACK,3244,2026-09-26T17:06:54.910Z,
ACK,3245,2026-09-26T17:06:55.005Z,
ACK,3246,2026-09-26T17:06:55.108Z,
ACK,3247,2026-09-26T17:06:55.216Z,
ACK,3248,2026-09-26T17:06:55.321Z,
ACK,3249,2026-09-26T17:06:55.444Z,
ACK,3250,2026-09-26T17:06:55.558Z,
ACK,3251,2026-09-26T17:06:55.656Z,
ACK,3252,2026-09-26T17:06:55.765Z,
ACK,3253,2026-09-26T17:06:55.864Z,
ACK,3254,2026-09-26T17:06:55.966Z,
ACK,3255,2026-09-26T17:06:56.068Z,
ACK,3256,2026-09-26T17:06:56.165Z,
ACK,3257,2026-09-26T17:06:56.291Z,
ACK,3258,2026-09-26T17:06:56.386Z,
ACK,3259,2026-09-26T17:06:56.491Z,
ACK,3260,2026-09-26T17:06:56.591Z,
ACK,3261,2026-09-26T17:06:56.686Z,
ACK,3262,2026-09-26T17:06:56.791Z,
ACK,3263,2026-09-26T17:06:57.014Z,
ACK,3264,2026-09-26T17:06:57.141Z,
ACK,3265,2026-09-26T17:06:57.245Z,
ACK,3266,2026-09-26T17:06:57.342Z,
ACK,3267,2026-09-26T17:06:57.447Z,
ACK,3268,2026-09-26T17:06:57.551Z,
ACK,3269,2026-09-26T17:06:57.648Z,
ACK,3270,2026-09-26T17:06:57.753Z,
ACK,3271,2026-09-26T17:06:57.855Z,
ACK,3272,2026-09-26T17:06:57.955Z,
ACK,3273,2026-09-26T17:06:58.057Z,
ACK,3274,2026-09-26T17:06:58.372Z,
ACK,3275,2026-09-26T17:06:58.478Z,
ACK,3276,2026-09-26T17:06:58.595Z,
ACK,3277,2026-09-26T17:06:58.699Z,
ACK,3278,2026-09-26T17:06:58.828Z,
ACK,3279,2026-09-26T17:06:58.922Z,
ACK,3280,2026-09-26T17:06:59.047Z,
ACK,3281,2026-09-26T17:06:59.151Z,
ACK,3282,2026-09-26T17:06:59.281Z,
ACK,3283,2026-09-26T17:06:59.383Z,
ACK,3284,2026-09-26T17:06:59.481Z,
ACK,3285,2026-09-26T17:06:59.602Z,
ACK,3286,2026-09-26T17:06:59.704Z,
ACK,3287,2026-09-26T17:06:59.822Z,
ACK,3288,2026-09-26T17:06:59.919Z,
ACK,3289,2026-09-26T17:07:00.036Z,
ACK,3290,2026-09-26T17:07:00.134Z,
ACK,3291,2026-09-26T17:07:00.299Z,
ACK,3292,2026-09-26T17:07:00.490Z,
ACK,3293,2026-09-26T17:07:00.584Z,
ACK,3294,2026-09-26T17:07:00.687Z,
ACK,3295,2026-09-26T17:07:00.787Z,
ACK,3296,2026-09-26T17:07:00.888Z,
ACK,3297,2026-09-26T17:07:00.991Z,
ACK,3298,2026-09-26T17:07:01.088Z,
ACK,3299,2026-09-26T17:07:01.248Z,
ACK,3300,2026-09-26T17:07:01.349Z,
ACK,3301,2026-09-26T17:07:01.449Z,
ACK,3302,2026-09-26T17:07:01.556Z,
ACK,3303,2026-09-26T17:07:01.657Z,
ACK,3304,2026-09-26T17:07:01.756Z,
ACK,3305,2026-09-26T17:07:01.856Z,
ACK,3306,2026-09-26T17:07:01.959Z,
ACK,3307,2026-09-26T17:07:02.056Z,
ACK,3308,2026-09-26T17:07:02.185Z,
ACK,3309,2026-09-26T17:07:02.302Z,
ACK,3310,2026-09-26T17:07:02.403Z,
ACK,3311,2026-09-26T17:07:02.498Z,
ACK,3312,2026-09-26T17:07:02.646Z,
ACK,3313,2026-09-26T17:07:02.752Z,
ACK,3314,2026-09-26T17:07:02.891Z,
ACK,3315,2026-09-26T17:07:02.992Z,
ACK,3316,2026-09-26T17:07:03.094Z,
ACK,3317,2026-09-26T17:07:03.198Z,
ACK,3318,2026-09-26T17:07:03.303Z,
ACK,3319,2026-09-26T17:07:03.397Z,
ACK,3320,2026-09-26T17:07:03.527Z,
ACK,3321,2026-09-26T17:07:03.635Z,
ACK,3322,2026-09-26T17:07:03.738Z,
ACK,3323,2026-09-26T17:07:03.837Z,
ACK,3324,2026-09-26T17:07:03.934Z,
ACK,3325,2026-09-26T17:07:04.038Z,
ACK,3326,2026-09-26T17:07:04.140Z,
ACK,3327,2026-09-26T17:07:04.246Z,
ACK,3328,2026-09-26T17:07:04.382Z,
ACK,3329,2026-09-26T17:07:04.485Z,
ACK,3330,2026-09-26T17:07:04.586Z,
ACK,3331,2026-09-26T17:07:04.726Z,
ACK,3332,2026-09-26T17:07:04.823Z,
ACK,3333,2026-09-26T17:07:04.926Z,
ACK,3334,2026-09-26T17:07:05.037Z,
ACK,3335,2026-09-26T17:07:05.138Z,
ACK,3336,2026-09-26T17:07:05.241Z,
ACK,3337,2026-09-26T17:07:05.350Z,
ACK,3338,2026-09-26T17:07:05.452Z,
ACK,3339,2026-09-26T17:07:05.553Z,
ACK,3340,2026-09-26T17:07:05.651Z,
ACK,3341,2026-09-26T17:07:05.752Z,
ACK,3342,2026-09-26T17:07:05.851Z,
ACK,3343,2026-09-26T17:07:06.010Z,
ACK,3344,2026-09-26T17:07:06.106Z,
ACK,3345,2026-09-26T17:07:06.207Z,
ACK,3346,2026-09-26T17:07:06.308Z,
ACK,3347,2026-09-26T17:07:06.412Z,
ACK,3348,2026-09-26T17:07:06.511Z,
ACK,3349,2026-09-26T17:07:06.611Z,
ACK,3350,2026-09-26T17:07:06.727Z,
ACK,3351,2026-09-26T17:07:06.827Z,
ACK,3352,2026-09-26T17:07:06.933Z,
ACK,3353,2026-09-26T17:07:07.026Z,
ACK,3354,2026-09-26T17:07:07.148Z,
ACK,3355,2026-09-26T17:07:07.248Z,
ACK,3356,2026-09-26T17:07:07.346Z,
ACK,3357,2026-09-26T17:07:07.447Z,
ACK,3358,2026-09-26T17:07:07.549Z,
ACK,3359,2026-09-26T17:07:07.650Z,
ACK,3360,2026-09-26T17:07:07.763Z,
ACK,3361,2026-09-26T17:07:07.863Z,
ACK,3362,2026-09-26T17:07:07.972Z,
ACK,3363,2026-09-26T17:07:08.086Z,
ACK,3364,2026-09-26T17:07:08.188Z,
ACK,3365,2026-09-26T17:07:08.283Z,
ACK,3366,2026-09-26T17:07:08.409Z,
ACK,3367,2026-09-26T17:07:08.508Z,
ACK,3368,2026-09-26T17:07:08.609Z,
ACK,3369,2026-09-26T17:07:08.842Z,
ACK,3370,2026-09-26T17:07:08.940Z,
ACK,3371,2026-09-26T17:07:09.041Z,
ACK,3372,2026-09-26T17:07:09.172Z,
ACK,3373,2026-09-26T17:07:09.278Z,
ACK,3374,2026-09-26T17:07:09.374Z,
ACK,3375,2026-09-26T17:07:09.593Z,
ACK,3376,2026-09-26T17:07:09.692Z,
ACK,3377,2026-09-26T17:07:09.791Z,
ACK,3378,2026-09-26T17:07:10.132Z,
ACK,3379,2026-09-26T17:07:10.234Z,
ACK,3380,2026-09-26T17:07:10.326Z,
ACK,3381,2026-09-26T17:07:10.541Z,
ACK,3382,2026-09-26T17:07:10.639Z,
ACK,3383,2026-09-26T17:07:10.739Z,
ACK,3384,2026-09-26T17:07:10.883Z,
ACK,3385,2026-09-26T17:07:10.980Z,
ACK,3386,2026-09-26T17:07:11.117Z,
ACK,3387,2026-09-26T17:07:11.229Z,
ACK,3388,2026-09-26T17:07:11.327Z,
ACK,3389,2026-09-26T17:07:11.430Z,
ACK,3390,2026-09-26T17:07:11.631Z,
ACK,3391,2026-09-26T17:07:11.731Z,
ACK,3392,2026-09-26T17:07:11.828Z,
ACK,3393,2026-09-26T17:07:11.943Z,
ACK,3394,2026-09-26T17:07:12.065Z,
ACK,3395,2026-09-26T17:07:12.161Z,
ACK,3396,2026-09-26T17:07:12.264Z,
ACK,3397,2026-09-26T17:07:12.364Z,
ACK,3398,2026-09-26T17:07:12.464Z,
ACK,3399,2026-09-26T17:07:12.570Z,
ACK,3400,2026-09-26T17:07:12.670Z,
ACK,3401,2026-09-26T17:07:12.771Z,
ACK,3402,2026-09-26T17:07:12.873Z,
ACK,3403,2026-09-26T17:07:12.983Z,
ACK,3404,2026-09-26T17:07:13.078Z,
ACK,3405,2026-09-26T17:07:13.183Z,
ACK,3406,2026-09-26T17:07:13.279Z,
ACK,3407,2026-09-26T17:07:13.379Z,
ACK,3408,2026-09-26T17:07:13.482Z,
ACK,3409,2026-09-26T17:07:13.581Z,
ACK,3410,2026-09-26T17:07:13.685Z,
ACK,3411,2026-09-26T17:07:13.786Z,
ACK,3412,2026-09-26T17:07:13.888Z,
ACK,3413,2026-09-26T17:07:13.987Z,
ACK,3414,2026-09-26T17:07:14.094Z,
ACK,3415,2026-09-26T17:07:14.188Z,
ACK,3416,2026-09-26T17:07:14.292Z,
ACK,3417,2026-09-26T17:07:14.392Z,
ACK,3418,2026-09-26T17:07:14.512Z,
ACK,3419,2026-09-26T17:07:14.616Z,
ACK,3420,2026-09-26T17:07:14.716Z,
ACK,3421,2026-09-26T17:07:14.813Z,
ACK,3422,2026-09-26T17:07:14.918Z,
ACK,3423,2026-09-26T17:07:15.011Z,
ACK,3424,2026-09-26T17:07:15.118Z,
ACK,3425,2026-09-26T17:07:15.218Z,
ACK,3426,2026-09-26T17:07:15.318Z,
ACK,3427,2026-09-26T17:07:15.421Z,
ACK,3428,2026-09-26T17:07:15.561Z,
ACK,3429,2026-09-26T17:07:15.668Z,
ACK,3430,2026-09-26T17:07:15.764Z,
ACK,3431,2026-09-26T17:07:15.874Z,
ACK,3432,2026-09-26T17:07:15.985Z,
ACK,3433,2026-09-26T17:07:16.089Z,
ACK,3434,2026-09-26T17:07:16.188Z,
ACK,3435,2026-09-26T17:07:16.290Z,
ACK,3436,2026-09-26T17:07:16.392Z,
ACK,3437,2026-09-26T17:07:16.495Z,
ACK,3438,2026-09-26T17:07:16.605Z,
ACK,3439,2026-09-26T17:07:16.742Z,
ACK,3440,2026-09-26T17:07:16.841Z,
ACK,3441,2026-09-26T17:07:16.944Z,
ACK,3442,2026-09-26T17:07:17.041Z,
ACK,3443,2026-09-26T17:07:17.152Z,
ACK,3444,2026-09-26T17:07:17.250Z,
ACK,3445,2026-09-26T17:07:17.354Z,
ACK,3446,2026-09-26T17:07:17.548Z,
ACK,3447,2026-09-26T17:07:17.652Z,
ACK,3448,2026-09-26T17:07:17.749Z,
ACK,3449,2026-09-26T17:07:17.845Z,
ACK,3450,2026-09-26T17:07:17.965Z,
ACK,3451,2026-09-26T17:07:18.061Z,
ACK,3452,2026-09-26T17:07:18.166Z,
ACK,3453,2026-09-26T17:07:18.262Z,
ACK,3454,2026-09-26T17:07:18.370Z,
ACK,3455,2026-09-26T17:07:18.468Z,
ACK,3456,2026-09-26T17:07:18.581Z,
ACK,3457,2026-09-26T17:07:18.773Z,
ACK,3458,2026-09-26T17:07:18.872Z,
ACK,3459,2026-09-26T17:07:18.977Z,
ACK,3460,2026-09-26T17:07:19.078Z,
ACK,3461,2026-09-26T17:07:19.218Z,
ACK,3462,2026-09-26T17:07:19.329Z,
ACK,3463,2026-09-26T17:07:19.428Z,
ACK,3464,2026-09-26T17:07:19.539Z,
ACK,3465,2026-09-26T17:07:19.640Z,
ACK,3466,2026-09-26T17:07:19.752Z,
ACK,3467,2026-09-26T17:07:19.850Z,
ACK,3468,2026-09-26T17:07:19.951Z,
ACK,3469,2026-09-26T17:07:20.046Z,
ACK,3470,2026-09-26T17:07:20.170Z,
ACK,3471,2026-09-26T17:07:20.268Z,
ACK,3472,2026-09-26T17:07:20.367Z,
ACK,3473,2026-09-26T17:07:20.474Z,
ACK,3474,2026-09-26T17:07:20.579Z,
ACK,3475,2026-09-26T17:07:20.683Z,
ACK,3476,2026-09-26T17:07:20.781Z,
ACK,3477,2026-09-26T17:07:20.918Z,
ACK,3478,2026-09-26T17:07:21.017Z,
ACK,3479,2026-09-26T17:07:21.120Z,
ACK,3480,2026-09-26T17:07:21.228Z,
ACK,3481,2026-09-26T17:07:21.327Z,
ACK,3482,2026-09-26T17:07:21.451Z,
ACK,3483,2026-09-26T17:07:21.554Z,
ACK,3484,2026-09-26T17:07:21.653Z,
ACK,3485,2026-09-26T17:07:21.751Z,
ACK,3486,2026-09-26T17:07:22.052Z,
ACK,3487,2026-09-26T17:07:22.156Z,
ACK,3488,2026-09-26T17:07:22.281Z,
ACK,3489,2026-09-26T17:07:22.382Z,
ACK,3490,2026-09-26T17:07:22.479Z,
ACK,3491,2026-09-26T17:07:22.580Z,
ACK,3492,2026-09-26T17:07:22.678Z,
ACK,3493,2026-09-26T17:07:22.783Z,
ACK,3494,2026-09-26T17:07:23.006Z,
ACK,3495,2026-09-26T17:07:23.102Z,
ACK,3496,2026-09-26T17:07:23.206Z,
ACK,3497,2026-09-26T17:07:23.306Z,
ACK,3498,2026-09-26T17:07:23.483Z,
ACK,3499,2026-09-26T17:07:23.586Z,
ACK,3500,2026-09-26T17:07:23.685Z,
ACK,3501,2026-09-26T17:07:23.786Z,
ACK,3502,2026-09-26T17:07:23.887Z,
ACK,3503,2026-09-26T17:07:23.986Z,
ACK,3504,2026-09-26T17:07:24.091Z,
ACK,3505,2026-09-26T17:07:24.284Z,
ACK,3506,2026-09-26T17:07:24.380Z,
ACK,3507,2026-09-26T17:07:24.492Z,
ACK,3508,2026-09-26T17:07:24.594Z,
ACK,3509,2026-09-26T17:07:24.704Z,
ACK,3510,2026-09-26T17:07:24.820Z,
ACK,3511,2026-09-26T17:07:24.930Z,
ACK,3512,2026-09-26T17:07:25.037Z,
ACK,3513,2026-09-26T17:07:25.166Z,
ACK,3514,2026-09-26T17:07:25.280Z,
ACK,3515,2026-09-26T17:07:25.385Z,
ACK,3516,2026-09-26T17:07:25.490Z,
ACK,3517,2026-09-26T17:07:25.594Z,
ACK,3518,2026-09-26T17:07:25.699Z,
ACK,3519,2026-09-26T17:07:25.811Z,
ACK,3520,2026-09-26T17:07:26.045Z,
ACK,3521,2026-09-26T17:07:26.153Z,
ACK,3522,2026-09-26T17:07:26.280Z,
ACK,3523,2026-09-26T17:07:26.417Z,
ACK,3524,2026-09-26T17:07:26.517Z,
ACK,3525,2026-09-26T17:07:26.640Z,
ACK,3526,2026-09-26T17:07:26.873Z,
ACK,3527,2026-09-26T17:07:26.965Z,
ACK,3528,2026-09-26T17:07:27.074Z,
ACK,3529,2026-09-26T17:07:27.180Z,
ACK,3530,2026-09-26T17:07:27.279Z,
ACK,3531,2026-09-26T17:07:27.383Z,
ACK,3532,2026-09-26T17:07:27.479Z,
ACK,3533,2026-09-26T17:07:27.586Z,
ACK,3534,2026-09-26T17:07:27.697Z,
ACK,3535,2026-09-26T17:07:27.796Z,
ACK,3536,2026-09-26T17:07:27.894Z,
ACK,3537,2026-09-26T17:07:27.992Z,
ACK,3538,2026-09-26T17:07:28.102Z,
ACK,3539,2026-09-26T17:07:28.313Z,
ACK,3540,2026-09-26T17:07:28.413Z,
ACK,3541,2026-09-26T17:07:28.512Z,
ACK,3542,2026-09-26T17:07:28.622Z,
ACK,3543,2026-09-26T17:07:28.787Z,
ACK,3544,2026-09-26T17:07:28.899Z,
ACK,3545,2026-09-26T17:07:28.997Z,
ACK,3546,2026-09-26T17:07:29.109Z,
ACK,3547,2026-09-26T17:07:29.216Z,
ACK,3548,2026-09-26T17:07:29.322Z,
ACK,3549,2026-09-26T17:07:29.419Z,
ACK,3550,2026-09-26T17:07:29.526Z,
ACK,3551,2026-09-26T17:07:29.624Z,
ACK,3552,2026-09-26T17:07:29.741Z,
ACK,3553,2026-09-26T17:07:29.862Z,
ACK,3554,2026-09-26T17:07:29.964Z,
ACK,3555,2026-09-26T17:07:30.057Z,
ACK,3556,2026-09-26T17:07:30.162Z,
ACK,3557,2026-09-26T17:07:30.262Z,
ACK,3558,2026-09-26T17:07:30.380Z,
ACK,3559,2026-09-26T17:07:30.578Z,
ACK,3560,2026-09-26T17:07:30.760Z,
ACK,3561,2026-09-26T17:07:30.869Z,
ACK,3562,2026-09-26T17:07:30.972Z,
ACK,3563,2026-09-26T17:07:31.102Z,
ACK,3564,2026-09-26T17:07:31.239Z,
ACK,3565,2026-09-26T17:07:31.336Z,
ACK,3566,2026-09-26T17:07:31.475Z,
ACK,3567,2026-09-26T17:07:31.613Z,
ACK,3568,2026-09-26T17:07:31.751Z,
ACK,3569,2026-09-26T17:07:31.850Z,
ACK,3570,2026-09-26T17:07:31.947Z,
ACK,3571,2026-09-26T17:07:32.045Z,
ACK,3572,2026-09-26T17:07:32.147Z,
ACK,3573,2026-09-26T17:07:32.251Z,
ACK,3574,2026-09-26T17:07:32.349Z,
ACK,3575,2026-09-26T17:07:32.451Z,
ACK,3576,2026-09-26T17:07:32.546Z,
ACK,3577,2026-09-26T17:07:32.682Z,
ACK,3578,2026-09-26T17:07:32.792Z,
ACK,3579,2026-09-26T17:07:32.897Z,
ACK,3580,2026-09-26T17:07:33.045Z,
ACK,3581,2026-09-26T17:07:33.142Z,
ACK,3582,2026-09-26T17:07:33.244Z,
ACK,3583,2026-09-26T17:07:33.342Z,
ACK,3584,2026-09-26T17:07:33.572Z,
ACK,3585,2026-09-26T17:07:33.674Z,
ACK,3586,2026-09-26T17:07:33.778Z,
ACK,3587,2026-09-26T17:07:33.895Z,
ACK,3588,2026-09-26T17:07:34.001Z,
ACK,3589,2026-09-26T17:07:34.098Z,
ACK,3590,2026-09-26T17:07:34.199Z,
ACK,3591,2026-09-26T17:07:34.300Z,
ACK,3592,2026-09-26T17:07:34.410Z,
ACK,3593,2026-09-26T17:07:34.521Z,
ACK,3594,2026-09-26T17:07:34.831Z,
ACK,3595,2026-09-26T17:07:34.947Z,
ACK,3596,2026-09-26T17:07:35.046Z,
ACK,3597,2026-09-26T17:07:35.156Z,
ACK,3598,2026-09-26T17:07:35.262Z,
ACK,3599,2026-09-26T17:07:35.359Z,
ACK,3600,2026-09-26T17:07:35.462Z,
ACK,3601,2026-09-26T17:07:35.561Z,
ACK,3602,2026-09-26T17:07:35.664Z,
ACK,3603,2026-09-26T17:07:35.768Z,
ACK,3604,2026-09-26T17:07:35.864Z,
ACK,3605,2026-09-26T17:07:35.969Z,
ACK,3606,2026-09-26T17:07:36.063Z,
ACK,3607,2026-09-26T17:07:36.186Z,
ACK,3608,2026-09-26T17:07:36.311Z,
ACK,3609,2026-09-26T17:07:36.417Z,
ACK,3610,2026-09-26T17:07:36.513Z,
ACK,3611,2026-09-26T17:07:36.623Z,
ACK,3612,2026-09-26T17:07:36.725Z,
ACK,3613,2026-09-26T17:07:36.828Z,
ACK,3614,2026-09-26T17:07:36.926Z,
ACK,3615,2026-09-26T17:07:37.046Z,
ACK,3616,2026-09-26T17:07:37.147Z,
ACK,3617,2026-09-26T17:07:37.252Z,
ACK,3618,2026-09-26T17:07:37.356Z,
ACK,3619,2026-09-26T17:07:37.456Z,
ACK,3620,2026-09-26T17:07:37.559Z,
ACK,3621,2026-09-26T17:07:37.654Z,
ACK,3622,2026-09-26T17:07:37.753Z,
ACK,3623,2026-09-26T17:07:37.857Z,
ACK,3624,2026-09-26T17:07:37.956Z,
ACK,3625,2026-09-26T17:07:38.062Z,
ACK,3626,2026-09-26T17:07:38.160Z,
ACK,3627,2026-09-26T17:07:38.264Z,
ACK,3628,2026-09-26T17:07:38.361Z,
ACK,3629,2026-09-26T17:07:38.484Z,
ACK,3630,2026-09-26T17:07:38.583Z,
ACK,3631,2026-09-26T17:07:38.718Z,
ACK,3632,2026-09-26T17:07:38.839Z,
ACK,3633,2026-09-26T17:07:38.964Z,
ACK,3634,2026-09-26T17:07:39.080Z,
ACK,3635,2026-09-26T17:07:39.194Z,
ACK,3636,2026-09-26T17:07:39.297Z,
ACK,3637,2026-09-26T17:07:39.424Z,
ACK,3638,2026-09-26T17:07:39.549Z,
ACK,3639,2026-09-26T17:07:39.673Z,
ACK,3640,2026-09-26T17:07:39.785Z,
ACK,3641,2026-09-26T17:07:39.926Z,
ACK,3642,2026-09-26T17:07:40.051Z,
ACK,3643,2026-09-26T17:07:40.177Z,
ACK,3644,2026-09-26T17:07:40.303Z,
ACK,3645,2026-09-26T17:07:40.475Z,
ACK,3646,2026-09-26T17:07:40.596Z,
ACK,3647,2026-09-26T17:07:40.701Z,
ACK,3648,2026-09-26T17:07:40.823Z,
ACK,3649,2026-09-26T17:07:40.916Z,
ACK,3650,2026-09-26T17:07:41.016Z,
ACK,3651,2026-09-26T17:07:41.116Z,
ACK,3652,2026-09-26T17:07:41.222Z,
ACK,3653,2026-09-26T17:07:41.324Z,
ACK,3654,2026-09-26T17:07:41.434Z,
ACK,3655,2026-09-26T17:07:41.538Z,
ACK,3656,2026-09-26T17:07:41.644Z,
ACK,3657,2026-09-26T17:07:41.749Z,
ACK,3658,2026-09-26T17:07:41.848Z,
ACK,3659,2026-09-26T17:07:41.958Z,
ACK,3660,2026-09-26T17:07:42.063Z,
ACK,3661,2026-09-26T17:07:42.168Z,
ACK,3662,2026-09-26T17:07:42.280Z,
ACK,3663,2026-09-26T17:07:42.376Z,
ACK,3664,2026-09-26T17:07:42.514Z,
ACK,3665,2026-09-26T17:07:42.613Z,
ACK,3666,2026-09-26T17:07:42.732Z,
ACK,3667,2026-09-26T17:07:42.828Z,
ACK,3668,2026-09-26T17:07:42.932Z,
ACK,3669,2026-09-26T17:07:43.049Z,
ACK,3670,2026-09-26T17:07:43.146Z,
ACK,3671,2026-09-26T17:07:43.271Z,
ACK,3672,2026-09-26T17:07:43.387Z,
ACK,3673,2026-09-26T17:07:43.491Z,
ACK,3674,2026-09-26T17:07:43.604Z,
ACK,3675,2026-09-26T17:07:43.704Z,
ACK,3676,2026-09-26T17:07:43.814Z,
ACK,3677,2026-09-26T17:07:43.922Z,
ACK,3678,2026-09-26T17:07:44.026Z,
ACK,3679,2026-09-26T17:07:44.123Z,
ACK,3680,2026-09-26T17:07:44.232Z,
ACK,3681,2026-09-26T17:07:44.333Z,
ACK,3682,2026-09-26T17:07:44.442Z,
ACK,3683,2026-09-26T17:07:44.539Z,
ACK,3684,2026-09-26T17:07:44.641Z,
ACK,3685,2026-09-26T17:07:44.751Z,
ACK,3686,2026-09-26T17:07:44.860Z,
ACK,3687,2026-09-26T17:07:44.976Z,
ACK,3688,2026-09-26T17:07:45.092Z,
ACK,3689,2026-09-26T17:07:45.191Z,
ACK,3690,2026-09-26T17:07:45.339Z,
ACK,3691,2026-09-26T17:07:45.461Z,
ACK,3692,2026-09-26T17:07:45.565Z,
ACK,3693,2026-09-26T17:07:45.669Z,
ACK,3694,2026-09-26T17:07:45.778Z,
ACK,3695,2026-09-26T17:07:45.876Z,
ACK,3696,2026-09-26T17:07:45.972Z,
ACK,3697,2026-09-26T17:07:46.082Z,
ACK,3698,2026-09-26T17:07:46.195Z,
ACK,3699,2026-09-26T17:07:46.308Z,
ACK,3700,2026-09-26T17:07:46.429Z,
ACK,3701,2026-09-26T17:07:46.531Z,
ACK,3702,2026-09-26T17:07:46.632Z,
ACK,3703,2026-09-26T17:07:46.731Z,
ACK,3704,2026-09-26T17:07:46.832Z,
ACK,3705,2026-09-26T17:07:46.932Z,
ACK,3706,2026-09-26T17:07:47.100Z,
ACK,3707,2026-09-26T17:07:47.197Z,
ACK,3708,2026-09-26T17:07:47.312Z,
ACK,3709,2026-09-26T17:07:47.410Z,
ACK,3710,2026-09-26T17:07:47.514Z,
ACK,3711,2026-09-26T17:07:47.616Z,
ACK,3712,2026-09-26T17:07:47.721Z,
ACK,3713,2026-09-26T17:07:47.852Z,
ACK,3714,2026-09-26T17:07:47.957Z,
ACK,3715,2026-09-26T17:07:48.056Z,
ACK,3716,2026-09-26T17:07:48.172Z,
ACK,3717,2026-09-26T17:07:48.271Z,
ACK,3718,2026-09-26T17:07:48.387Z,
ACK,3719,2026-09-26T17:07:48.482Z,
ACK,3720,2026-09-26T17:07:48.589Z,
ACK,3721,2026-09-26T17:07:48.699Z,
ACK,3722,2026-09-26T17:07:48.911Z,
ACK,3723,2026-09-26T17:07:49.062Z,
ACK,3724,2026-09-26T17:07:49.163Z,
ACK,3725,2026-09-26T17:07:49.281Z,
ACK,3726,2026-09-26T17:07:49.387Z,
ACK,3727,2026-09-26T17:07:49.484Z,
ACK,3728,2026-09-26T17:07:49.608Z,
ACK,3729,2026-09-26T17:07:49.704Z,
ACK,3730,2026-09-26T17:07:49.819Z,
ACK,3731,2026-09-26T17:07:49.915Z,
ACK,3732,2026-09-26T17:07:50.017Z,
ACK,3733,2026-09-26T17:07:50.126Z,
ACK,3734,2026-09-26T17:07:50.223Z,
ACK,3735,2026-09-26T17:07:50.351Z,
ACK,3736,2026-09-26T17:07:50.448Z,
ACK,3737,2026-09-26T17:07:50.547Z,
ACK,3738,2026-09-26T17:07:50.649Z,
ACK,3739,2026-09-26T17:07:50.758Z,
ACK,3740,2026-09-26T17:07:50.879Z,
ACK,3741,2026-09-26T17:07:50.982Z,
ACK,3742,2026-09-26T17:07:51.079Z,
ACK,3743,2026-09-26T17:07:51.184Z,
ACK,3744,2026-09-26T17:07:51.283Z,
ACK,3745,2026-09-26T17:07:51.389Z,
ACK,3746,2026-09-26T17:07:51.496Z,
ACK,3747,2026-09-26T17:07:51.605Z,
ACK,3748,2026-09-26T17:07:51.701Z,
ACK,3749,2026-09-26T17:07:51.802Z,
ACK,3750,2026-09-26T17:07:51.911Z,
ACK,3751,2026-09-26T17:07:52.130Z,
ACK,3752,2026-09-26T17:07:52.229Z,
ACK,3753,2026-09-26T17:07:52.333Z,
ACK,3754,2026-09-26T17:07:52.430Z,
ACK,3755,2026-09-26T17:07:52.544Z,
ACK,3756,2026-09-26T17:07:52.660Z,
ACK,3757,2026-09-26T17:07:52.762Z,
ACK,3758,2026-09-26T17:07:52.900Z,
ACK,3759,2026-09-26T17:07:53.045Z,
ACK,3760,2026-09-26T17:07:53.345Z,
ACK,3761,2026-09-26T17:07:53.513Z,
ACK,3762,2026-09-26T17:07:53.612Z,
ACK,3763,2026-09-26T17:07:53.710Z,
ACK,3764,2026-09-26T17:07:53.821Z,
ACK,3765,2026-09-26T17:07:53.931Z,
ACK,3766,2026-09-26T17:07:54.030Z,
ACK,3767,2026-09-26T17:07:54.131Z,
ACK,3768,2026-09-26T17:07:54.232Z,
ACK,3769,2026-09-26T17:07:54.334Z,
ACK,3770,2026-09-26T17:07:54.435Z,
ACK,3771,2026-09-26T17:07:54.537Z,
ACK,3772,2026-09-26T17:07:54.634Z,
ACK,3773,2026-09-26T17:07:54.734Z,
ACK,3774,2026-09-26T17:07:54.837Z,
ACK,3775,2026-09-26T17:07:54.938Z,
ACK,3776,2026-09-26T17:07:55.036Z,
ACK,3777,2026-09-26T17:07:55.136Z,
ACK,3778,2026-09-26T17:07:55.256Z,
ACK,3779,2026-09-26T17:07:55.353Z,
ACK,3780,2026-09-26T17:07:55.457Z,
ACK,3781,2026-09-26T17:07:55.555Z,
ACK,3782,2026-09-26T17:07:55.681Z,
ACK,3783,2026-09-26T17:07:55.792Z,
ACK,3784,2026-09-26T17:07:55.894Z,
ACK,3785,2026-09-26T17:07:55.990Z,
ACK,3786,2026-09-26T17:07:56.092Z,
ACK,3787,2026-09-26T17:07:56.197Z,
ACK,3788,2026-09-26T17:07:56.459Z,
ACK,3789,2026-09-26T17:07:56.641Z,
ACK,3790,2026-09-26T17:07:56.806Z,
ACK,3791,2026-09-26T17:07:56.968Z,
ACK,3792,2026-09-26T17:07:57.106Z,
ACK,3793,2026-09-26T17:07:57.565Z,
ACK,3794,2026-09-26T17:07:57.713Z,
ACK,3795,2026-09-26T17:07:57.849Z,
ACK,3796,2026-09-26T17:07:58.102Z,
ACK,3797,2026-09-26T17:07:58.309Z,
ACK,3798,2026-09-26T17:07:58.455Z,
ACK,3799,2026-09-26T17:07:58.642Z,
ACK,3800,2026-09-26T17:07:58.816Z,
ACK,3801,2026-09-26T17:07:59.027Z,
ACK,3802,2026-09-26T17:07:59.180Z,
ACK,3803,2026-09-26T17:07:59.357Z,
ACK,3804,2026-09-26T17:07:59.641Z,
ACK,3805,2026-09-26T17:07:59.826Z,
ACK,3806,2026-09-26T17:07:59.984Z,
ACK,3807,2026-09-26T17:08:00.140Z,
ACK,3808,2026-09-26T17:08:00.367Z,
ACK,3809,2026-09-26T17:08:00.593Z,
ACK,3810,2026-09-26T17:08:00.736Z,
ACK,3811,2026-09-26T17:08:00.902Z,
ACK,3812,2026-09-26T17:08:01.047Z,
ACK,3813,2026-09-26T17:08:01.209Z,
ACK,3814,2026-09-26T17:08:01.360Z,
ACK,3815,2026-09-26T17:08:01.640Z,
ACK,3816,2026-09-26T17:08:01.906Z,
