event,seq,utc,detail
RECONNECT,7897,2026-09-26T17:22:41.635Z,connected
ACK,7897,2026-09-26T17:22:41.730Z,
ACK,7898,2026-09-26T17:22:41.834Z,
ACK,7899,2026-09-26T17:22:41.964Z,
ACK,7900,2026-09-26T17:22:42.089Z,
ACK,7901,2026-09-26T17:22:42.194Z,
ACK,7902,2026-09-26T17:22:42.294Z,
ACK,7903,2026-09-26T17:22:42.407Z,
ACK,7904,2026-09-26T17:22:42.498Z,
ACK,7905,2026-09-26T17:22:42.609Z,
ACK,7906,2026-09-26T17:22:42.699Z,
ACK,7907,2026-09-26T17:22:42.822Z,
ACK,7908,2026-09-26T17:22:42.912Z,
ACK,7909,2026-09-26T17:22:43.021Z,
ACK,7910,2026-09-26T17:22:43.131Z,
ACK,7911,2026-09-26T17:22:43.225Z,
ACK,7912,2026-09-26T17:22:43.329Z,
ACK,7913,2026-09-26T17:22:43.447Z,
ACK,7914,2026-09-26T17:22:43.534Z,
ACK,7915,2026-09-26T17:22:43.635Z,
ACK,7916,2026-09-26T17:22:43.809Z,
ACK,7917,2026-09-26T17:22:43.906Z,
ACK,7918,2026-09-26T17:22:43.998Z,
ACK,7919,2026-09-26T17:22:44.111Z,
ACK,7920,2026-09-26T17:22:44.202Z,
ACK,7921,2026-09-26T17:22:44.301Z,
ACK,7922,2026-09-26T17:22:44.401Z,
ACK,7923,2026-09-26T17:22:44.512Z,
ACK,7924,2026-09-26T17:22:44.605Z,
ACK,7925,2026-09-26T17:22:44.706Z,
ACK,7926,2026-09-26T17:22:44.798Z,
ACK,7927,2026-09-26T17:22:44.904Z,
ACK,7928,2026-09-26T17:22:45.005Z,
ACK,7929,2026-09-26T17:22:45.104Z,
ACK,7930,2026-09-26T17:22:45.210Z,
ACK,7931,2026-09-26T17:22:45.306Z,
ACK,7932,2026-09-26T17:22:45.404Z,
ACK,7933,2026-09-26T17:22:45.505Z,
ACK,7934,2026-09-26T17:22:45.611Z,
ACK,7935,2026-09-26T17:22:45.707Z,
ACK,7936,2026-09-26T17:22:45.805Z,
ACK,7937,2026-09-26T17:22:45.907Z,
ACK,7938,2026-09-26T17:22:46.010Z,
ACK,7939,2026-09-26T17:22:46.108Z,
ACK,7940,2026-09-26T17:22:46.210Z,
ACK,7941,2026-09-26T17:22:46.315Z,
ACK,7942,2026-09-26T17:22:46.409Z,
ACK,7943,2026-09-26T17:22:46.533Z,
ACK,7944,2026-09-26T17:22:46.640Z,
ACK,7945,2026-09-26T17:22:46.734Z,
ACK,7946,2026-09-26T17:22:46.845Z,
ACK,7947,2026-09-26T17:22:46.935Z,
ACK,7948,2026-09-26T17:22:47.210Z,
ACK,7949,2026-09-26T17:22:47.304Z,
ACK,7950,2026-09-26T17:22:47.400Z,
ACK,7951,2026-09-26T17:22:47.542Z,
ACK,7952,2026-09-26T17:22:47.631Z,
ACK,7953,2026-09-26T17:22:47.732Z,
ACK,7954,2026-09-26T17:22:47.831Z,
ACK,7955,2026-09-26T17:22:47.935Z,
ACK,7956,2026-09-26T17:22:48.080Z,
ACK,7957,2026-09-26T17:22:48.179Z,
ACK,7958,2026-09-26T17:22:48.298Z,
ACK,7959,2026-09-26T17:22:48.399Z,
ACK,7960,2026-09-26T17:22:48.528Z,
ACK,7961,2026-09-26T17:22:48.619Z,
ACK,7962,2026-09-26T17:22:48.730Z,
ACK,7963,2026-09-26T17:22:48.838Z,
ACK,7964,2026-09-26T17:22:48.972Z,
ACK,7965,2026-09-26T17:22:49.098Z,
ACK,7966,2026-09-26T17:22:49.241Z,
ACK,7967,2026-09-26T17:22:49.344Z,
ACK,7968,2026-09-26T17:22:49.441Z,
ACK,7969,2026-09-26T17:22:49.540Z,
ACK,7970,2026-09-26T17:22:49.650Z,
ACK,7971,2026-09-26T17:22:49.770Z,
ACK,7972,2026-09-26T17:22:49.865Z,
ACK,7973,2026-09-26T17:22:49.963Z,
ACK,7974,2026-09-26T17:22:50.063Z,
ACK,7975,2026-09-26T17:22:50.160Z,
ACK,7976,2026-09-26T17:22:50.263Z,
ACK,7977,2026-09-26T17:22:50.364Z,
ACK,7978,2026-09-26T17:22:50.460Z,
ACK,7979,2026-09-26T17:22:50.568Z,
ACK,7980,2026-09-26T17:22:50.665Z,
ACK,7981,2026-09-26T17:22:50.764Z,
ACK,7982,2026-09-26T17:22:50.866Z,
ACK,7983,2026-09-26T17:22:50.966Z,
ACK,7984,2026-09-26T17:22:51.063Z,
ACK,7985,2026-09-26T17:22:51.184Z,
ACK,7986,2026-09-26T17:22:51.279Z,
ACK,7987,2026-09-26T17:22:51.375Z,
ACK,7988,2026-09-26T17:22:51.477Z,
ACK,7989,2026-09-26T17:22:51.586Z,
ACK,7990,2026-09-26T17:22:51.681Z,
ACK,7991,2026-09-26T17:22:51.864Z,
ACK,7992,2026-09-26T17:22:51.971Z,
ACK,7993,2026-09-26T17:22:52.085Z,
ACK,7994,2026-09-26T17:22:52.178Z,
ACK,7995,2026-09-26T17:22:52.280Z,
ACK,7996,2026-09-26T17:22:52.374Z,
ACK,7997,2026-09-26T17:22:52.472Z,
ACK,7998,2026-09-26T17:22:52.579Z,
ACK,7999,2026-09-26T17:22:52.698Z,
ACK,8000,2026-09-26T17:22:52.789Z,
ACK,8001,2026-09-26T17:22:52.900Z,
ACK,8002,2026-09-26T17:22:53.007Z,
ACK,8003,2026-09-26T17:22:53.094Z,
ACK,8004,2026-09-26T17:22:53.199Z,
ACK,8005,2026-09-26T17:22:53.308Z,
ACK,8006,2026-09-26T17:22:53.410Z,
ACK,8007,2026-09-26T17:22:53.504Z,
ACK,8008,2026-09-26T17:22:53.602Z,
ACK,8009,2026-09-26T17:22:53.708Z,
ACK,8010,2026-09-26T17:22:53.801Z,
ACK,8011,2026-09-26T17:22:53.949Z,
ACK,8012,2026-09-26T17:22:54.038Z,
ACK,8013,2026-09-26T17:22:54.136Z,
ACK,8014,2026-09-26T17:22:54.285Z,
ACK,8015,2026-09-26T17:22:54.398Z,
ACK,8016,2026-09-26T17:22:54.487Z,
ACK,8017,2026-09-26T17:22:54.593Z,
ACK,8018,2026-09-26T17:22:54.691Z,
ACK,8019,2026-09-26T17:22:54.791Z,
ACK,8020,2026-09-26T17:22:54.889Z,
ACK,8021,2026-09-26T17:22:54.998Z,
ACK,8022,2026-09-26T17:22:55.090Z,
ACK,8023,2026-09-26T17:22:55.189Z,
ACK,8024,2026-09-26T17:22:55.321Z,
ACK,8025,2026-09-26T17:22:55.428Z,
ACK,8026,2026-09-26T17:22:55.540Z,
ACK,8027,2026-09-26T17:22:55.683Z,
ACK,8028,2026-09-26T17:22:55.998Z,
ACK,8029,2026-09-26T17:22:56.156Z,
ACK,8030,2026-09-26T17:22:56.255Z,
ACK,8031,2026-09-26T17:22:56.360Z,
ACK,8032,2026-09-26T17:22:56.448Z,
ACK,8033,2026-09-26T17:22:56.714Z,
ACK,8034,2026-09-26T17:22:56.805Z,
ACK,8035,2026-09-26T17:22:56.903Z,
ACK,8036,2026-09-26T17:22:57.013Z,
ACK,8037,2026-09-26T17:22:57.149Z,
ACK,8038,2026-09-26T17:22:57.260Z,
ACK,8039,2026-09-26T17:22:57.352Z,
ACK,8040,2026-09-26T17:22:57.494Z,
ACK,8041,2026-09-26T17:22:57.612Z,
ACK,8042,2026-09-26T17:22:57.716Z,
ACK,8043,2026-09-26T17:22:57.805Z,
ACK,8044,2026-09-26T17:22:57.907Z,
ACK,8045,2026-09-26T17:22:58.007Z,
ACK,8046,2026-09-26T17:22:58.105Z,
ACK,8047,2026-09-26T17:22:58.203Z,
ACK,8048,2026-09-26T17:22:58.524Z,
ACK,8049,2026-09-26T17:22:58.646Z,
ACK,8050,2026-09-26T17:22:58.750Z,
ACK,8051,2026-09-26T17:22:58.863Z,
ACK,8052,2026-09-26T17:22:58.959Z,
ACK,8053,2026-09-26T17:22:59.051Z,
ACK,8054,2026-09-26T17:22:59.155Z,
ACK,8055,2026-09-26T17:22:59.315Z,
ACK,8056,2026-09-26T17:22:59.405Z,
ACK,8057,2026-09-26T17:22:59.510Z,
ACK,8058,2026-09-26T17:22:59.609Z,
ACK,8059,2026-09-26T17:22:59.726Z,
ACK,8060,2026-09-26T17:22:59.815Z,
ACK,8061,2026-09-26T17:23:00.124Z,
ACK,8062,2026-09-26T17:23:00.222Z,
ACK,8063,2026-09-26T17:23:00.330Z,
ACK,8064,2026-09-26T17:23:00.448Z,
ACK,8065,2026-09-26T17:23:00.542Z,
ACK,8066,2026-09-26T17:23:00.642Z,
ACK,8067,2026-09-26T17:23:00.753Z,
ACK,8068,2026-09-26T17:23:00.848Z,
ACK,8069,2026-09-26T17:23:00.944Z,
ACK,8070,2026-09-26T17:23:01.045Z,
ACK,8071,2026-09-26T17:23:01.145Z,
ACK,8072,2026-09-26T17:23:01.260Z,
ACK,8073,2026-09-26T17:23:01.350Z,
ACK,8074,2026-09-26T17:23:01.452Z,
ACK,8075,2026-09-26T17:23:01.570Z,
ACK,8076,2026-09-26T17:23:01.669Z,
ACK,8077,2026-09-26T17:23:01.758Z,
ACK,8078,2026-09-26T17:23:01.949Z,
ACK,8079,2026-09-26T17:23:02.046Z,
ACK,8080,2026-09-26T17:23:02.141Z,
ACK,8081,2026-09-26T17:23:02.238Z,
ACK,8082,2026-09-26T17:23:02.339Z,
ACK,8083,2026-09-26T17:23:02.441Z,
ACK,8084,2026-09-26T17:23:02.541Z,
ACK,8085,2026-09-26T17:23:02.638Z,
ACK,8086,2026-09-26T17:23:02.740Z,
ACK,8087,2026-09-26T17:23:02.841Z,
ACK,8088,2026-09-26T17:23:02.941Z,
ACK,8089,2026-09-26T17:23:03.044Z,
ACK,8090,2026-09-26T17:23:03.144Z,
ACK,8091,2026-09-26T17:23:03.240Z,
ACK,8092,2026-09-26T17:23:03.344Z,
ACK,8093,2026-09-26T17:23:03.449Z,
ACK,8094,2026-09-26T17:23:03.570Z,
ACK,8095,2026-09-26T17:23:03.666Z,
ACK,8096,2026-09-26T17:23:03.801Z,
ACK,8097,2026-09-26T17:23:03.928Z,
ACK,8098,2026-09-26T17:23:04.020Z,
ACK,8099,2026-09-26T17:23:04.146Z,
ACK,8100,2026-09-26T17:23:04.239Z,
ACK,8101,2026-09-26T17:23:04.335Z,
ACK,8102,2026-09-26T17:23:04.437Z,
ACK,8103,2026-09-26T17:23:04.726Z,
ACK,8104,2026-09-26T17:23:04.852Z,
ACK,8105,2026-09-26T17:23:04.939Z,
ACK,8106,2026-09-26T17:23:05.041Z,
ACK,8107,2026-09-26T17:23:05.144Z,
ACK,8108,2026-09-26T17:23:05.246Z,
ACK,8109,2026-09-26T17:23:05.343Z,
ACK,8110,2026-09-26T17:23:05.443Z,
ACK,8111,2026-09-26T17:23:05.546Z,
ACK,8112,2026-09-26T17:23:05.650Z,
ACK,8113,2026-09-26T17:23:05.745Z,
ACK,8114,2026-09-26T17:23:05.888Z,
ACK,8115,2026-09-26T17:23:06.070Z,
ACK,8116,2026-09-26T17:23:06.222Z,
ACK,8117,2026-09-26T17:23:06.586Z,
ACK,8118,2026-09-26T17:23:06.778Z,
ACK,8119,2026-09-26T17:23:06.945Z,
ACK,8120,2026-09-26T17:23:07.080Z,
ACK,8121,2026-09-26T17:23:07.229Z,
ACK,8122,2026-09-26T17:23:07.635Z,
ACK,8123,2026-09-26T17:23:07.769Z,
ACK,8124,2026-09-26T17:23:07.898Z,
ACK,8125,2026-09-26T17:23:08.090Z,
ACK,8126,2026-09-26T17:23:08.226Z,
ACK,8127,2026-09-26T17:23:08.381Z,
ACK,8128,2026-09-26T17:23:08.694Z,
ACK,8129,2026-09-26T17:23:08.832Z,
ACK,8130,2026-09-26T17:23:08.966Z,
ACK,8131,2026-09-26T17:23:09.100Z,
ACK,8132,2026-09-26T17:23:09.319Z,
ACK,8133,2026-09-26T17:23:09.452Z,
ACK,8134,2026-09-26T17:23:09.594Z,
ACK,8135,2026-09-26T17:23:09.742Z,
ACK,8136,2026-09-26T17:23:09.882Z,
ACK,8137,2026-09-26T17:23:10.237Z,
ACK,8138,2026-09-26T17:23:10.426Z,
ACK,8139,2026-09-26T17:23:10.563Z,
FAIL,8140,2026-09-26T17:23:10.681Z,"(0, b'Unknown error')"
RECONNECT,8140,2026-09-26T17:23:12.097Z,connected
FAIL,8140,2026-09-26T17:23:12.158Z,"(3906, b'Failed to update database ""drilldb"" because the database is read-only.DB-Lib error message 20018, severity 16:\nGeneral SQL Server error: Check message"
RECONNECT,8140,2026-09-26T17:23:13.509Z,connected
FAIL,8140,2026-09-26T17:23:13.578Z,"(3906, b'Failed to update database ""drilldb"" because the database is read-only.DB-Lib error message 20018, severity 16:\nGeneral SQL Server error: Check message"
RECONNECT,8140,2026-09-26T17:23:15.174Z,connected
ACK,8140,2026-09-26T17:23:17.235Z,already-present
ACK,8141,2026-09-26T17:23:17.295Z,
ACK,8142,2026-09-26T17:23:17.394Z,
ACK,8143,2026-09-26T17:23:17.497Z,
ACK,8144,2026-09-26T17:23:17.609Z,
ACK,8145,2026-09-26T17:23:17.703Z,
ACK,8146,2026-09-26T17:23:17.801Z,
ACK,8147,2026-09-26T17:23:17.896Z,
ACK,8148,2026-09-26T17:23:17.994Z,
ACK,8149,2026-09-26T17:23:18.113Z,
ACK,8150,2026-09-26T17:23:18.200Z,
ACK,8151,2026-09-26T17:23:18.298Z,
ACK,8152,2026-09-26T17:23:18.397Z,
ACK,8153,2026-09-26T17:23:18.727Z,
ACK,8154,2026-09-26T17:23:18.786Z,
ACK,8155,2026-09-26T17:23:18.930Z,
ACK,8156,2026-09-26T17:23:18.996Z,
ACK,8157,2026-09-26T17:23:19.134Z,
ACK,8158,2026-09-26T17:23:19.191Z,
ACK,8159,2026-09-26T17:23:19.334Z,
ACK,8160,2026-09-26T17:23:19.399Z,
ACK,8161,2026-09-26T17:23:19.498Z,
ACK,8162,2026-09-26T17:23:19.627Z,
ACK,8163,2026-09-26T17:23:19.730Z,
ACK,8164,2026-09-26T17:23:19.798Z,
ACK,8165,2026-09-26T17:23:19.936Z,
ACK,8166,2026-09-26T17:23:20.023Z,
ACK,8167,2026-09-26T17:23:20.172Z,
ACK,8168,2026-09-26T17:23:20.242Z,
ACK,8169,2026-09-26T17:23:20.367Z,
ACK,8170,2026-09-26T17:23:20.480Z,
ACK,8171,2026-09-26T17:23:20.548Z,
ACK,8172,2026-09-26T17:23:20.651Z,
ACK,8173,2026-09-26T17:23:20.788Z,
ACK,8174,2026-09-26T17:23:20.864Z,
ACK,8175,2026-09-26T17:23:20.995Z,
ACK,8176,2026-09-26T17:23:21.094Z,
ACK,8177,2026-09-26T17:23:21.162Z,
ACK,8178,2026-09-26T17:23:21.333Z,
ACK,8179,2026-09-26T17:23:21.402Z,
ACK,8180,2026-09-26T17:23:21.572Z,
ACK,8181,2026-09-26T17:23:21.641Z,
ACK,8182,2026-09-26T17:23:21.779Z,
ACK,8183,2026-09-26T17:23:21.854Z,
ACK,8184,2026-09-26T17:23:22.086Z,
ACK,8185,2026-09-26T17:23:22.153Z,
ACK,8186,2026-09-26T17:23:22.255Z,
ACK,8187,2026-09-26T17:23:22.392Z,
ACK,8188,2026-09-26T17:23:22.494Z,
ACK,8189,2026-09-26T17:23:22.563Z,
ACK,8190,2026-09-26T17:23:22.701Z,
ACK,8191,2026-09-26T17:23:22.770Z,
ACK,8192,2026-09-26T17:23:22.938Z,
ACK,8193,2026-09-26T17:23:22.999Z,
ACK,8194,2026-09-26T17:23:23.099Z,
ACK,8195,2026-09-26T17:23:23.211Z,
ACK,8196,2026-09-26T17:23:23.301Z,
ACK,8197,2026-09-26T17:23:23.405Z,
ACK,8198,2026-09-26T17:23:23.500Z,
ACK,8199,2026-09-26T17:23:23.598Z,
ACK,8200,2026-09-26T17:23:23.727Z,
ACK,8201,2026-09-26T17:23:23.815Z,
ACK,8202,2026-09-26T17:23:23.904Z,
ACK,8203,2026-09-26T17:23:24.013Z,
ACK,8204,2026-09-26T17:23:24.122Z,
ACK,8205,2026-09-26T17:23:24.204Z,
ACK,8206,2026-09-26T17:23:24.300Z,
ACK,8207,2026-09-26T17:23:24.409Z,
ACK,8208,2026-09-26T17:23:24.509Z,
ACK,8209,2026-09-26T17:23:24.603Z,
ACK,8210,2026-09-26T17:23:24.714Z,
ACK,8211,2026-09-26T17:23:24.807Z,
ACK,8212,2026-09-26T17:23:24.909Z,
ACK,8213,2026-09-26T17:23:25.018Z,
ACK,8214,2026-09-26T17:23:25.108Z,
ACK,8215,2026-09-26T17:23:25.209Z,
ACK,8216,2026-09-26T17:23:25.550Z,
ACK,8217,2026-09-26T17:23:25.727Z,
ACK,8218,2026-09-26T17:23:26.018Z,
ACK,8219,2026-09-26T17:23:26.081Z,
ACK,8220,2026-09-26T17:23:26.178Z,
ACK,8221,2026-09-26T17:23:26.279Z,
ACK,8222,2026-09-26T17:23:26.379Z,
ACK,8223,2026-09-26T17:23:26.482Z,
ACK,8224,2026-09-26T17:23:26.578Z,
ACK,8225,2026-09-26T17:23:26.682Z,
ACK,8226,2026-09-26T17:23:26.783Z,
ACK,8227,2026-09-26T17:23:26.878Z,
ACK,8228,2026-09-26T17:23:26.999Z,
ACK,8229,2026-09-26T17:23:27.087Z,
ACK,8230,2026-09-26T17:23:27.181Z,
ACK,8231,2026-09-26T17:23:27.283Z,
ACK,8232,2026-09-26T17:23:27.383Z,
ACK,8233,2026-09-26T17:23:27.482Z,
ACK,8234,2026-09-26T17:23:27.584Z,
ACK,8235,2026-09-26T17:23:27.683Z,
ACK,8236,2026-09-26T17:23:27.790Z,
ACK,8237,2026-09-26T17:23:28.137Z,
ACK,8238,2026-09-26T17:23:28.226Z,
ACK,8239,2026-09-26T17:23:28.297Z,
ACK,8240,2026-09-26T17:23:28.405Z,
ACK,8241,2026-09-26T17:23:28.496Z,
ACK,8242,2026-09-26T17:23:28.599Z,
ACK,8243,2026-09-26T17:23:28.722Z,
ACK,8244,2026-09-26T17:23:28.819Z,
ACK,8245,2026-09-26T17:23:28.901Z,
ACK,8246,2026-09-26T17:23:28.998Z,
ACK,8247,2026-09-26T17:23:29.102Z,
ACK,8248,2026-09-26T17:23:29.205Z,
ACK,8249,2026-09-26T17:23:29.303Z,
ACK,8250,2026-09-26T17:23:29.405Z,
ACK,8251,2026-09-26T17:23:29.520Z,
ACK,8252,2026-09-26T17:23:29.602Z,
ACK,8253,2026-09-26T17:23:29.726Z,
ACK,8254,2026-09-26T17:23:29.804Z,
ACK,8255,2026-09-26T17:23:29.928Z,
ACK,8256,2026-09-26T17:23:30.006Z,
ACK,8257,2026-09-26T17:23:30.103Z,
ACK,8258,2026-09-26T17:23:30.210Z,
ACK,8259,2026-09-26T17:23:30.304Z,
ACK,8260,2026-09-26T17:23:30.417Z,
ACK,8261,2026-09-26T17:23:30.512Z,
ACK,8262,2026-09-26T17:23:30.604Z,
ACK,8263,2026-09-26T17:23:30.710Z,
ACK,8264,2026-09-26T17:23:30.809Z,
ACK,8265,2026-09-26T17:23:30.908Z,
ACK,8266,2026-09-26T17:23:31.010Z,
ACK,8267,2026-09-26T17:23:31.109Z,
ACK,8268,2026-09-26T17:23:31.208Z,
ACK,8269,2026-09-26T17:23:31.314Z,
ACK,8270,2026-09-26T17:23:31.409Z,
ACK,8271,2026-09-26T17:23:31.511Z,
ACK,8272,2026-09-26T17:23:31.611Z,
ACK,8273,2026-09-26T17:23:31.713Z,
ACK,8274,2026-09-26T17:23:31.814Z,
ACK,8275,2026-09-26T17:23:31.977Z,
ACK,8276,2026-09-26T17:23:32.044Z,
ACK,8277,2026-09-26T17:23:32.143Z,
ACK,8278,2026-09-26T17:23:32.232Z,
ACK,8279,2026-09-26T17:23:32.341Z,
ACK,8280,2026-09-26T17:23:32.448Z,
ACK,8281,2026-09-26T17:23:32.539Z,
ACK,8282,2026-09-26T17:23:32.642Z,
ACK,8283,2026-09-26T17:23:32.737Z,
ACK,8284,2026-09-26T17:23:32.850Z,
ACK,8285,2026-09-26T17:23:32.937Z,
ACK,8286,2026-09-26T17:23:33.036Z,
ACK,8287,2026-09-26T17:23:33.149Z,
ACK,8288,2026-09-26T17:23:33.242Z,
ACK,8289,2026-09-26T17:23:33.339Z,
ACK,8290,2026-09-26T17:23:33.442Z,
ACK,8291,2026-09-26T17:23:33.542Z,
ACK,8292,2026-09-26T17:23:33.643Z,
ACK,8293,2026-09-26T17:23:34.048Z,
ACK,8294,2026-09-26T17:23:34.113Z,
ACK,8295,2026-09-26T17:23:34.242Z,
ACK,8296,2026-09-26T17:23:34.307Z,
ACK,8297,2026-09-26T17:23:34.418Z,
ACK,8298,2026-09-26T17:23:34.509Z,
ACK,8299,2026-09-26T17:23:34.610Z,
ACK,8300,2026-09-26T17:23:34.812Z,
ACK,8301,2026-09-26T17:23:34.869Z,
ACK,8302,2026-09-26T17:23:34.973Z,
ACK,8303,2026-09-26T17:23:35.082Z,
ACK,8304,2026-09-26T17:23:35.179Z,
ACK,8305,2026-09-26T17:23:35.274Z,
ACK,8306,2026-09-26T17:23:35.373Z,
ACK,8307,2026-09-26T17:23:35.508Z,
ACK,8308,2026-09-26T17:23:35.595Z,
ACK,8309,2026-09-26T17:23:35.678Z,
ACK,8310,2026-09-26T17:23:35.777Z,
ACK,8311,2026-09-26T17:23:35.911Z,
ACK,8312,2026-09-26T17:23:35.983Z,
ACK,8313,2026-09-26T17:23:36.084Z,
ACK,8314,2026-09-26T17:23:36.178Z,
ACK,8315,2026-09-26T17:23:36.282Z,
ACK,8316,2026-09-26T17:23:36.384Z,
ACK,8317,2026-09-26T17:23:36.478Z,
ACK,8318,2026-09-26T17:23:36.578Z,
ACK,8319,2026-09-26T17:23:36.681Z,
ACK,8320,2026-09-26T17:23:36.788Z,
ACK,8321,2026-09-26T17:23:36.897Z,
ACK,8322,2026-09-26T17:23:37.037Z,
ACK,8323,2026-09-26T17:23:37.127Z,
ACK,8324,2026-09-26T17:23:37.203Z,
ACK,8325,2026-09-26T17:23:37.293Z,
ACK,8326,2026-09-26T17:23:37.401Z,
ACK,8327,2026-09-26T17:23:37.495Z,
ACK,8328,2026-09-26T17:23:37.603Z,
ACK,8329,2026-09-26T17:23:37.699Z,
ACK,8330,2026-09-26T17:23:37.826Z,
ACK,8331,2026-09-26T17:23:38.062Z,
ACK,8332,2026-09-26T17:23:38.138Z,
ACK,8333,2026-09-26T17:23:38.224Z,
ACK,8334,2026-09-26T17:23:38.351Z,
ACK,8335,2026-09-26T17:23:38.438Z,
ACK,8336,2026-09-26T17:23:38.549Z,
ACK,8337,2026-09-26T17:23:38.619Z,
ACK,8338,2026-09-26T17:23:38.727Z,
ACK,8339,2026-09-26T17:23:38.824Z,
ACK,8340,2026-09-26T17:23:38.978Z,
ACK,8341,2026-09-26T17:23:39.054Z,
ACK,8342,2026-09-26T17:23:39.162Z,
ACK,8343,2026-09-26T17:23:39.242Z,
ACK,8344,2026-09-26T17:23:39.347Z,
ACK,8345,2026-09-26T17:23:39.458Z,
ACK,8346,2026-09-26T17:23:39.560Z,
ACK,8347,2026-09-26T17:23:39.638Z,
ACK,8348,2026-09-26T17:23:39.758Z,
ACK,8349,2026-09-26T17:23:39.867Z,
ACK,8350,2026-09-26T17:23:39.953Z,
ACK,8351,2026-09-26T17:23:40.039Z,
ACK,8352,2026-09-26T17:23:40.140Z,
ACK,8353,2026-09-26T17:23:40.355Z,
ACK,8354,2026-09-26T17:23:40.421Z,
ACK,8355,2026-09-26T17:23:40.514Z,
ACK,8356,2026-09-26T17:23:40.618Z,
ACK,8357,2026-09-26T17:23:40.714Z,
ACK,8358,2026-09-26T17:23:40.816Z,
ACK,8359,2026-09-26T17:23:40.912Z,
ACK,8360,2026-09-26T17:23:41.033Z,
ACK,8361,2026-09-26T17:23:41.117Z,
ACK,8362,2026-09-26T17:23:41.227Z,
ACK,8363,2026-09-26T17:23:41.436Z,
ACK,8364,2026-09-26T17:23:41.531Z,
ACK,8365,2026-09-26T17:23:41.597Z,
ACK,8366,2026-09-26T17:23:41.693Z,
ACK,8367,2026-09-26T17:23:41.794Z,
ACK,8368,2026-09-26T17:23:41.952Z,
ACK,8369,2026-09-26T17:23:42.016Z,
ACK,8370,2026-09-26T17:23:42.131Z,
ACK,8371,2026-09-26T17:23:42.214Z,
ACK,8372,2026-09-26T17:23:42.316Z,
ACK,8373,2026-09-26T17:23:42.424Z,
ACK,8374,2026-09-26T17:23:42.519Z,
ACK,8375,2026-09-26T17:23:42.615Z,
ACK,8376,2026-09-26T17:23:42.729Z,
ACK,8377,2026-09-26T17:23:42.815Z,
ACK,8378,2026-09-26T17:23:42.914Z,
ACK,8379,2026-09-26T17:23:43.021Z,
ACK,8380,2026-09-26T17:23:43.118Z,
ACK,8381,2026-09-26T17:23:43.248Z,
ACK,8382,2026-09-26T17:23:43.318Z,
ACK,8383,2026-09-26T17:23:43.457Z,
ACK,8384,2026-09-26T17:23:43.521Z,
ACK,8385,2026-09-26T17:23:43.618Z,
ACK,8386,2026-09-26T17:23:43.719Z,
ACK,8387,2026-09-26T17:23:43.818Z,
ACK,8388,2026-09-26T17:23:43.929Z,
ACK,8389,2026-09-26T17:23:44.050Z,
ACK,8390,2026-09-26T17:23:44.159Z,
ACK,8391,2026-09-26T17:23:44.364Z,
ACK,8392,2026-09-26T17:23:44.427Z,
ACK,8393,2026-09-26T17:23:44.543Z,
ACK,8394,2026-09-26T17:23:44.663Z,
ACK,8395,2026-09-26T17:23:44.757Z,
ACK,8396,2026-09-26T17:23:44.833Z,
ACK,8397,2026-09-26T17:23:44.926Z,
ACK,8398,2026-09-26T17:23:45.033Z,
ACK,8399,2026-09-26T17:23:45.127Z,
ACK,8400,2026-09-26T17:23:45.226Z,
ACK,8401,2026-09-26T17:23:45.329Z,
ACK,8402,2026-09-26T17:23:45.434Z,
ACK,8403,2026-09-26T17:23:45.528Z,
ACK,8404,2026-09-26T17:23:45.629Z,
ACK,8405,2026-09-26T17:23:45.735Z,
ACK,8406,2026-09-26T17:23:45.836Z,
ACK,8407,2026-09-26T17:23:45.976Z,
ACK,8408,2026-09-26T17:23:46.046Z,
ACK,8409,2026-09-26T17:23:46.136Z,
ACK,8410,2026-09-26T17:23:46.287Z,
ACK,8411,2026-09-26T17:23:46.357Z,
ACK,8412,2026-09-26T17:23:46.445Z,
ACK,8413,2026-09-26T17:23:46.546Z,
ACK,8414,2026-09-26T17:23:46.716Z,
ACK,8415,2026-09-26T17:23:46.781Z,
ACK,8416,2026-09-26T17:23:46.873Z,
ACK,8417,2026-09-26T17:23:46.976Z,
ACK,8418,2026-09-26T17:23:47.072Z,
ACK,8419,2026-09-26T17:23:47.175Z,
ACK,8420,2026-09-26T17:23:47.526Z,
ACK,8421,2026-09-26T17:23:47.587Z,
ACK,8422,2026-09-26T17:23:47.681Z,
ACK,8423,2026-09-26T17:23:47.819Z,
ACK,8424,2026-09-26T17:23:47.889Z,
ACK,8425,2026-09-26T17:23:47.988Z,
ACK,8426,2026-09-26T17:23:48.097Z,
ACK,8427,2026-09-26T17:23:48.191Z,
ACK,8428,2026-09-26T17:23:48.289Z,
ACK,8429,2026-09-26T17:23:48.434Z,
ACK,8430,2026-09-26T17:23:48.497Z,
ACK,8431,2026-09-26T17:23:48.592Z,
ACK,8432,2026-09-26T17:23:48.717Z,
ACK,8433,2026-09-26T17:23:48.796Z,
ACK,8434,2026-09-26T17:23:48.894Z,
ACK,8435,2026-09-26T17:23:48.993Z,
ACK,8436,2026-09-26T17:23:49.094Z,
ACK,8437,2026-09-26T17:23:49.199Z,
ACK,8438,2026-09-26T17:23:49.298Z,
ACK,8439,2026-09-26T17:23:49.393Z,
ACK,8440,2026-09-26T17:23:49.496Z,
ACK,8441,2026-09-26T17:23:49.596Z,
ACK,8442,2026-09-26T17:23:49.711Z,
ACK,8443,2026-09-26T17:23:49.812Z,
ACK,8444,2026-09-26T17:23:49.899Z,
ACK,8445,2026-09-26T17:23:50.004Z,
ACK,8446,2026-09-26T17:23:50.221Z,
ACK,8447,2026-09-26T17:23:50.312Z,
ACK,8448,2026-09-26T17:23:50.388Z,
ACK,8449,2026-09-26T17:23:50.477Z,
ACK,8450,2026-09-26T17:23:50.586Z,
ACK,8451,2026-09-26T17:23:50.689Z,
ACK,8452,2026-09-26T17:23:50.789Z,
ACK,8453,2026-09-26T17:23:50.881Z,
ACK,8454,2026-09-26T17:23:50.989Z,
ACK,8455,2026-09-26T17:23:51.083Z,
ACK,8456,2026-09-26T17:23:51.216Z,
ACK,8457,2026-09-26T17:23:51.302Z,
ACK,8458,2026-09-26T17:23:51.386Z,
ACK,8459,2026-09-26T17:23:51.486Z,
ACK,8460,2026-09-26T17:23:51.623Z,
ACK,8461,2026-09-26T17:23:51.688Z,
ACK,8462,2026-09-26T17:23:51.790Z,
ACK,8463,2026-09-26T17:23:51.902Z,
ACK,8464,2026-09-26T17:23:52.021Z,
ACK,8465,2026-09-26T17:23:52.098Z,
ACK,8466,2026-09-26T17:23:52.197Z,
ACK,8467,2026-09-26T17:23:52.296Z,
ACK,8468,2026-09-26T17:23:52.389Z,
ACK,8469,2026-09-26T17:23:52.594Z,
ACK,8470,2026-09-26T17:23:52.663Z,
ACK,8471,2026-09-26T17:23:52.758Z,
ACK,8472,2026-09-26T17:23:52.853Z,
ACK,8473,2026-09-26T17:23:52.959Z,
ACK,8474,2026-09-26T17:23:53.062Z,
ACK,8475,2026-09-26T17:23:53.156Z,
ACK,8476,2026-09-26T17:23:53.298Z,
ACK,8477,2026-09-26T17:23:53.357Z,
ACK,8478,2026-09-26T17:23:53.466Z,
ACK,8479,2026-09-26T17:23:53.563Z,
ACK,8480,2026-09-26T17:23:53.716Z,
ACK,8481,2026-09-26T17:23:53.793Z,
ACK,8482,2026-09-26T17:23:53.871Z,
ACK,8483,2026-09-26T17:23:53.976Z,
ACK,8484,2026-09-26T17:23:54.074Z,
ACK,8485,2026-09-26T17:23:54.174Z,
ACK,8486,2026-09-26T17:23:54.287Z,
ACK,8487,2026-09-26T17:23:54.376Z,
ACK,8488,2026-09-26T17:23:54.655Z,
ACK,8489,2026-09-26T17:23:54.720Z,
ACK,8490,2026-09-26T17:23:54.812Z,
ACK,8491,2026-09-26T17:23:54.922Z,
ACK,8492,2026-09-26T17:23:55.015Z,
ACK,8493,2026-09-26T17:23:55.114Z,
ACK,8494,2026-09-26T17:23:55.215Z,
ACK,8495,2026-09-26T17:23:55.317Z,
ACK,8496,2026-09-26T17:23:55.416Z,
ACK,8497,2026-09-26T17:23:55.519Z,
ACK,8498,2026-09-26T17:23:55.616Z,
ACK,8499,2026-09-26T17:23:55.728Z,
ACK,8500,2026-09-26T17:23:55.823Z,
ACK,8501,2026-09-26T17:23:55.942Z,
ACK,8502,2026-09-26T17:23:56.016Z,
ACK,8503,2026-09-26T17:23:56.135Z,
ACK,8504,2026-09-26T17:23:56.229Z,
ACK,8505,2026-09-26T17:23:56.342Z,
ACK,8506,2026-09-26T17:23:56.422Z,
ACK,8507,2026-09-26T17:23:56.524Z,
ACK,8508,2026-09-26T17:23:56.634Z,
ACK,8509,2026-09-26T17:23:56.729Z,
ACK,8510,2026-09-26T17:23:56.834Z,
ACK,8511,2026-09-26T17:23:56.923Z,
ACK,8512,2026-09-26T17:23:57.028Z,
ACK,8513,2026-09-26T17:23:57.131Z,
ACK,8514,2026-09-26T17:23:57.221Z,
ACK,8515,2026-09-26T17:23:57.484Z,
ACK,8516,2026-09-26T17:23:57.543Z,
ACK,8517,2026-09-26T17:23:57.644Z,
ACK,8518,2026-09-26T17:23:57.742Z,
ACK,8519,2026-09-26T17:23:57.843Z,
ACK,8520,2026-09-26T17:23:57.952Z,
ACK,8521,2026-09-26T17:23:58.043Z,
ACK,8522,2026-09-26T17:23:58.216Z,
ACK,8523,2026-09-26T17:23:58.276Z,
ACK,8524,2026-09-26T17:23:58.373Z,
ACK,8525,2026-09-26T17:23:58.478Z,
ACK,8526,2026-09-26T17:23:58.573Z,
ACK,8527,2026-09-26T17:23:58.682Z,
ACK,8528,2026-09-26T17:23:58.779Z,
ACK,8529,2026-09-26T17:23:58.880Z,
ACK,8530,2026-09-26T17:23:58.979Z,
ACK,8531,2026-09-26T17:23:59.079Z,
ACK,8532,2026-09-26T17:23:59.436Z,
ACK,8533,2026-09-26T17:23:59.726Z,
ACK,8534,2026-09-26T17:23:59.782Z,
ACK,8535,2026-09-26T17:23:59.943Z,
ACK,8536,2026-09-26T17:24:00.007Z,
ACK,8537,2026-09-26T17:24:00.101Z,
ACK,8538,2026-09-26T17:24:00.223Z,
ACK,8539,2026-09-26T17:24:00.307Z,
ACK,8540,2026-09-26T17:24:00.406Z,
ACK,8541,2026-09-26T17:24:00.504Z,
ACK,8542,2026-09-26T17:24:00.608Z,
ACK,8543,2026-09-26T17:24:00.705Z,
ACK,8544,2026-09-26T17:24:00.800Z,
ACK,8545,2026-09-26T17:24:00.908Z,
ACK,8546,2026-09-26T17:24:01.011Z,
ACK,8547,2026-09-26T17:24:01.124Z,
ACK,8548,2026-09-26T17:24:01.207Z,
ACK,8549,2026-09-26T17:24:01.311Z,
ACK,8550,2026-09-26T17:24:01.409Z,
ACK,8551,2026-09-26T17:24:01.511Z,
ACK,8552,2026-09-26T17:24:01.607Z,
ACK,8553,2026-09-26T17:24:01.740Z,
ACK,8554,2026-09-26T17:24:01.844Z,
ACK,8555,2026-09-26T17:24:01.922Z,
ACK,8556,2026-09-26T17:24:02.023Z,
ACK,8557,2026-09-26T17:24:02.116Z,
ACK,8558,2026-09-26T17:24:02.212Z,
ACK,8559,2026-09-26T17:24:02.313Z,
ACK,8560,2026-09-26T17:24:02.418Z,
ACK,8561,2026-09-26T17:24:02.726Z,
ACK,8562,2026-09-26T17:24:02.781Z,
ACK,8563,2026-09-26T17:24:02.895Z,
ACK,8564,2026-09-26T17:24:02.989Z,
ACK,8565,2026-09-26T17:24:03.086Z,
ACK,8566,2026-09-26T17:24:03.187Z,
ACK,8567,2026-09-26T17:24:03.289Z,
ACK,8568,2026-09-26T17:24:03.406Z,
ACK,8569,2026-09-26T17:24:03.490Z,
ACK,8570,2026-09-26T17:24:03.590Z,
ACK,8571,2026-09-26T17:24:03.690Z,
ACK,8572,2026-09-26T17:24:03.789Z,
ACK,8573,2026-09-26T17:24:03.895Z,
ACK,8574,2026-09-26T17:24:03.991Z,
ACK,8575,2026-09-26T17:24:04.095Z,
ACK,8576,2026-09-26T17:24:04.226Z,
ACK,8577,2026-09-26T17:24:04.302Z,
ACK,8578,2026-09-26T17:24:04.421Z,
ACK,8579,2026-09-26T17:24:04.490Z,
ACK,8580,2026-09-26T17:24:04.598Z,
ACK,8581,2026-09-26T17:24:04.694Z,
ACK,8582,2026-09-26T17:24:04.798Z,
ACK,8583,2026-09-26T17:24:04.902Z,
ACK,8584,2026-09-26T17:24:05.081Z,
ACK,8585,2026-09-26T17:24:05.138Z,
ACK,8586,2026-09-26T17:24:05.285Z,
ACK,8587,2026-09-26T17:24:05.591Z,
ACK,8588,2026-09-26T17:24:05.655Z,
ACK,8589,2026-09-26T17:24:05.748Z,
ACK,8590,2026-09-26T17:24:05.861Z,
ACK,8591,2026-09-26T17:24:05.952Z,
ACK,8592,2026-09-26T17:24:06.053Z,
ACK,8593,2026-09-26T17:24:06.151Z,
ACK,8594,2026-09-26T17:24:06.276Z,
ACK,8595,2026-09-26T17:24:06.353Z,
ACK,8596,2026-09-26T17:24:06.454Z,
ACK,8597,2026-09-26T17:24:06.558Z,
ACK,8598,2026-09-26T17:24:06.655Z,
ACK,8599,2026-09-26T17:24:06.806Z,
ACK,8600,2026-09-26T17:24:06.870Z,
ACK,8601,2026-09-26T17:24:06.962Z,
ACK,8602,2026-09-26T17:24:07.069Z,
ACK,8603,2026-09-26T17:24:07.164Z,
ACK,8604,2026-09-26T17:24:07.299Z,
ACK,8605,2026-09-26T17:24:07.379Z,
ACK,8606,2026-09-26T17:24:07.471Z,
ACK,8607,2026-09-26T17:24:07.580Z,
ACK,8608,2026-09-26T17:24:07.688Z,
ACK,8609,2026-09-26T17:24:07.785Z,
ACK,8610,2026-09-26T17:24:07.877Z,
ACK,8611,2026-09-26T17:24:07.971Z,
ACK,8612,2026-09-26T17:24:08.075Z,
ACK,8613,2026-09-26T17:24:08.169Z,
ACK,8614,2026-09-26T17:24:08.297Z,
ACK,8615,2026-09-26T17:24:08.371Z,
ACK,8616,2026-09-26T17:24:08.472Z,
ACK,8617,2026-09-26T17:24:08.574Z,
ACK,8618,2026-09-26T17:24:08.681Z,
ACK,8619,2026-09-26T17:24:08.778Z,
ACK,8620,2026-09-26T17:24:08.872Z,
ACK,8621,2026-09-26T17:24:08.983Z,
ACK,8622,2026-09-26T17:24:09.075Z,
ACK,8623,2026-09-26T17:24:09.189Z,
ACK,8624,2026-09-26T17:24:09.281Z,
ACK,8625,2026-09-26T17:24:09.389Z,
ACK,8626,2026-09-26T17:24:09.478Z,
ACK,8627,2026-09-26T17:24:09.581Z,
ACK,8628,2026-09-26T17:24:09.700Z,
ACK,8629,2026-09-26T17:24:09.781Z,
ACK,8630,2026-09-26T17:24:09.879Z,
ACK,8631,2026-09-26T17:24:10.209Z,
ACK,8632,2026-09-26T17:24:10.268Z,
ACK,8633,2026-09-26T17:24:10.383Z,
ACK,8634,2026-09-26T17:24:10.717Z,
ACK,8635,2026-09-26T17:24:10.777Z,
ACK,8636,2026-09-26T17:24:10.930Z,
ACK,8637,2026-09-26T17:24:10.984Z,
ACK,8638,2026-09-26T17:24:11.097Z,
ACK,8639,2026-09-26T17:24:11.195Z,
ACK,8640,2026-09-26T17:24:11.288Z,
ACK,8641,2026-09-26T17:24:11.422Z,
ACK,8642,2026-09-26T17:24:11.491Z,
ACK,8643,2026-09-26T17:24:11.594Z,
ACK,8644,2026-09-26T17:24:11.692Z,
ACK,8645,2026-09-26T17:24:11.819Z,
ACK,8646,2026-09-26T17:24:11.918Z,
ACK,8647,2026-09-26T17:24:11.994Z,
ACK,8648,2026-09-26T17:24:12.216Z,
ACK,8649,2026-09-26T17:24:12.273Z,
ACK,8650,2026-09-26T17:24:12.374Z,
ACK,8651,2026-09-26T17:24:12.479Z,
ACK,8652,2026-09-26T17:24:12.572Z,
ACK,8653,2026-09-26T17:24:12.676Z,
ACK,8654,2026-09-26T17:24:12.787Z,
ACK,8655,2026-09-26T17:24:12.891Z,
ACK,8656,2026-09-26T17:24:12.982Z,
ACK,8657,2026-09-26T17:24:13.081Z,
ACK,8658,2026-09-26T17:24:13.188Z,
ACK,8659,2026-09-26T17:24:13.283Z,
ACK,8660,2026-09-26T17:24:13.378Z,
ACK,8661,2026-09-26T17:24:13.491Z,
ACK,8662,2026-09-26T17:24:13.601Z,
ACK,8663,2026-09-26T17:24:13.682Z,
ACK,8664,2026-09-26T17:24:13.792Z,
ACK,8665,2026-09-26T17:24:13.896Z,
ACK,8666,2026-09-26T17:24:13.983Z,
ACK,8667,2026-09-26T17:24:14.093Z,
ACK,8668,2026-09-26T17:24:14.184Z,
ACK,8669,2026-09-26T17:24:14.301Z,
ACK,8670,2026-09-26T17:24:14.384Z,
ACK,8671,2026-09-26T17:24:14.486Z,
ACK,8672,2026-09-26T17:24:14.589Z,
ACK,8673,2026-09-26T17:24:14.688Z,
ACK,8674,2026-09-26T17:24:14.787Z,
ACK,8675,2026-09-26T17:24:14.896Z,
ACK,8676,2026-09-26T17:24:14.987Z,
ACK,8677,2026-09-26T17:24:15.216Z,
ACK,8678,2026-09-26T17:24:15.285Z,
ACK,8679,2026-09-26T17:24:15.381Z,
ACK,8680,2026-09-26T17:24:15.474Z,
ACK,8681,2026-09-26T17:24:15.640Z,
ACK,8682,2026-09-26T17:24:15.707Z,
ACK,8683,2026-09-26T17:24:15.797Z,
ACK,8684,2026-09-26T17:24:15.913Z,
ACK,8685,2026-09-26T17:24:15.999Z,
ACK,8686,2026-09-26T17:24:16.104Z,
ACK,8687,2026-09-26T17:24:16.205Z,
ACK,8688,2026-09-26T17:24:16.302Z,
ACK,8689,2026-09-26T17:24:16.430Z,
ACK,8690,2026-09-26T17:24:16.503Z,
ACK,8691,2026-09-26T17:24:16.609Z,
ACK,8692,2026-09-26T17:24:16.705Z,
ACK,8693,2026-09-26T17:24:16.803Z,
ACK,8694,2026-09-26T17:24:16.901Z,
ACK,8695,2026-09-26T17:24:17.216Z,
ACK,8696,2026-09-26T17:24:17.285Z,
ACK,8697,2026-09-26T17:24:17.372Z,
ACK,8698,2026-09-26T17:24:17.565Z,
ACK,8699,2026-09-26T17:24:17.623Z,
ACK,8700,2026-09-26T17:24:17.724Z,
ACK,8701,2026-09-26T17:24:17.829Z,
ACK,8702,2026-09-26T17:24:17.928Z,
ACK,8703,2026-09-26T17:24:18.031Z,
ACK,8704,2026-09-26T17:24:18.129Z,
ACK,8705,2026-09-26T17:24:18.281Z,
ACK,8706,2026-09-26T17:24:18.345Z,
ACK,8707,2026-09-26T17:24:18.441Z,
ACK,8708,2026-09-26T17:24:18.542Z,
ACK,8709,2026-09-26T17:24:18.638Z,
ACK,8710,2026-09-26T17:24:18.753Z,
ACK,8711,2026-09-26T17:24:18.852Z,
ACK,8712,2026-09-26T17:24:18.941Z,
ACK,8713,2026-09-26T17:24:19.053Z,
ACK,8714,2026-09-26T17:24:19.167Z,
ACK,8715,2026-09-26T17:24:19.246Z,
ACK,8716,2026-09-26T17:24:19.348Z,
ACK,8717,2026-09-26T17:24:19.461Z,
ACK,8718,2026-09-26T17:24:19.555Z,
ACK,8719,2026-09-26T17:24:19.760Z,
ACK,8720,2026-09-26T17:24:20.076Z,
ACK,8721,2026-09-26T17:24:20.158Z,
ACK,8722,2026-09-26T17:24:20.247Z,
ACK,8723,2026-09-26T17:24:20.340Z,
ACK,8724,2026-09-26T17:24:20.440Z,
ACK,8725,2026-09-26T17:24:20.545Z,
ACK,8726,2026-09-26T17:24:20.639Z,
ACK,8727,2026-09-26T17:24:20.742Z,
ACK,8728,2026-09-26T17:24:20.841Z,
ACK,8729,2026-09-26T17:24:20.941Z,
ACK,8730,2026-09-26T17:24:21.040Z,
ACK,8731,2026-09-26T17:24:21.142Z,
ACK,8732,2026-09-26T17:24:21.271Z,
ACK,8733,2026-09-26T17:24:21.346Z,
ACK,8734,2026-09-26T17:24:21.508Z,
ACK,8735,2026-09-26T17:24:21.570Z,
ACK,8736,2026-09-26T17:24:21.681Z,
ACK,8737,2026-09-26T17:24:21.778Z,
ACK,8738,2026-09-26T17:24:21.895Z,
ACK,8739,2026-09-26T17:24:22.145Z,
ACK,8740,2026-09-26T17:24:22.235Z,
ACK,8741,2026-09-26T17:24:22.312Z,
ACK,8742,2026-09-26T17:24:22.408Z,
ACK,8743,2026-09-26T17:24:22.537Z,
ACK,8744,2026-09-26T17:24:22.607Z,
ACK,8745,2026-09-26T17:24:22.708Z,
ACK,8746,2026-09-26T17:24:22.814Z,
ACK,8747,2026-09-26T17:24:22.910Z,
ACK,8748,2026-09-26T17:24:23.012Z,
ACK,8749,2026-09-26T17:24:23.118Z,
ACK,8750,2026-09-26T17:24:23.220Z,
ACK,8751,2026-09-26T17:24:23.475Z,
ACK,8752,2026-09-26T17:24:23.542Z,
ACK,8753,2026-09-26T17:24:23.637Z,
ACK,8754,2026-09-26T17:24:23.734Z,
ACK,8755,2026-09-26T17:24:23.834Z,
ACK,8756,2026-09-26T17:24:23.935Z,
ACK,8757,2026-09-26T17:24:24.037Z,
ACK,8758,2026-09-26T17:24:24.196Z,
ACK,8759,2026-09-26T17:24:24.260Z,
ACK,8760,2026-09-26T17:24:24.358Z,
ACK,8761,2026-09-26T17:24:24.457Z,
ACK,8762,2026-09-26T17:24:24.554Z,
ACK,8763,2026-09-26T17:24:24.683Z,
ACK,8764,2026-09-26T17:24:24.754Z,
ACK,8765,2026-09-26T17:24:25.111Z,
ACK,8766,2026-09-26T17:24:25.178Z,
ACK,8767,2026-09-26T17:24:25.406Z,
ACK,8768,2026-09-26T17:24:25.475Z,
ACK,8769,2026-09-26T17:24:25.563Z,
ACK,8770,2026-09-26T17:24:25.667Z,
ACK,8771,2026-09-26T17:24:25.768Z,
ACK,8772,2026-09-26T17:24:25.875Z,
ACK,8773,2026-09-26T17:24:26.039Z,
ACK,8774,2026-09-26T17:24:26.095Z,
ACK,8775,2026-09-26T17:24:26.226Z,
ACK,8776,2026-09-26T17:24:26.304Z,
ACK,8777,2026-09-26T17:24:26.413Z,
ACK,8778,2026-09-26T17:24:26.502Z,
ACK,8779,2026-09-26T17:24:26.601Z,
ACK,8780,2026-09-26T17:24:26.716Z,
ACK,8781,2026-09-26T17:24:26.801Z,
ACK,8782,2026-09-26T17:24:26.903Z,
ACK,8783,2026-09-26T17:24:27.009Z,
ACK,8784,2026-09-26T17:24:27.146Z,
ACK,8785,2026-09-26T17:24:27.217Z,
ACK,8786,2026-09-26T17:24:27.354Z,
ACK,8787,2026-09-26T17:24:27.426Z,
ACK,8788,2026-09-26T17:24:27.558Z,
ACK,8789,2026-09-26T17:24:27.689Z,
ACK,8790,2026-09-26T17:24:27.756Z,
ACK,8791,2026-09-26T17:24:27.897Z,
ACK,8792,2026-09-26T17:24:27.995Z,
ACK,8793,2026-09-26T17:24:28.065Z,
ACK,8794,2026-09-26T17:24:28.189Z,
ACK,8795,2026-09-26T17:24:28.303Z,
ACK,8796,2026-09-26T17:24:28.372Z,
ACK,8797,2026-09-26T17:24:28.462Z,
ACK,8798,2026-09-26T17:24:28.591Z,
ACK,8799,2026-09-26T17:24:28.666Z,
ACK,8800,2026-09-26T17:24:28.762Z,
ACK,8801,2026-09-26T17:24:28.910Z,
ACK,8802,2026-09-26T17:24:29.101Z,
ACK,8803,2026-09-26T17:24:29.216Z,
ACK,8804,2026-09-26T17:24:29.277Z,
ACK,8805,2026-09-26T17:24:29.373Z,
ACK,8806,2026-09-26T17:24:29.544Z,
ACK,8807,2026-09-26T17:24:29.615Z,
ACK,8808,2026-09-26T17:24:29.707Z,
ACK,8809,2026-09-26T17:24:29.802Z,
ACK,8810,2026-09-26T17:24:29.904Z,
ACK,8811,2026-09-26T17:24:30.008Z,
ACK,8812,2026-09-26T17:24:30.109Z,
ACK,8813,2026-09-26T17:24:30.208Z,
ACK,8814,2026-09-26T17:24:30.305Z,
ACK,8815,2026-09-26T17:24:30.416Z,
ACK,8816,2026-09-26T17:24:30.505Z,
ACK,8817,2026-09-26T17:24:30.602Z,
ACK,8818,2026-09-26T17:24:30.734Z,
ACK,8819,2026-09-26T17:24:30.808Z,
ACK,8820,2026-09-26T17:24:30.910Z,
ACK,8821,2026-09-26T17:24:31.020Z,
ACK,8822,2026-09-26T17:24:31.111Z,
ACK,8823,2026-09-26T17:24:31.209Z,
ACK,8824,2026-09-26T17:24:31.313Z,
ACK,8825,2026-09-26T17:24:31.411Z,
ACK,8826,2026-09-26T17:24:31.551Z,
ACK,8827,2026-09-26T17:24:31.611Z,
ACK,8828,2026-09-26T17:24:31.726Z,
ACK,8829,2026-09-26T17:24:31.810Z,
ACK,8830,2026-09-26T17:24:31.911Z,
ACK,8831,2026-09-26T17:24:32.015Z,
ACK,8832,2026-09-26T17:24:32.120Z,
ACK,8833,2026-09-26T17:24:32.214Z,
ACK,8834,2026-09-26T17:24:32.316Z,
ACK,8835,2026-09-26T17:24:32.420Z,
ACK,8836,2026-09-26T17:24:32.536Z,
ACK,8837,2026-09-26T17:24:32.618Z,
ACK,8838,2026-09-26T17:24:32.717Z,
ACK,8839,2026-09-26T17:24:32.823Z,
ACK,8840,2026-09-26T17:24:32.918Z,
ACK,8841,2026-09-26T17:24:33.030Z,
ACK,8842,2026-09-26T17:24:33.118Z,
ACK,8843,2026-09-26T17:24:33.216Z,
ACK,8844,2026-09-26T17:24:33.323Z,
ACK,8845,2026-09-26T17:24:33.420Z,
ACK,8846,2026-09-26T17:24:33.543Z,
ACK,8847,2026-09-26T17:24:33.621Z,
ACK,8848,2026-09-26T17:24:33.763Z,
ACK,8849,2026-09-26T17:24:33.826Z,
ACK,8850,2026-09-26T17:24:33.921Z,
ACK,8851,2026-09-26T17:24:34.025Z,
ACK,8852,2026-09-26T17:24:34.134Z,
ACK,8853,2026-09-26T17:24:34.225Z,
ACK,8854,2026-09-26T17:24:34.321Z,
ACK,8855,2026-09-26T17:24:34.460Z,
ACK,8856,2026-09-26T17:24:34.523Z,
ACK,8857,2026-09-26T17:24:34.671Z,
ACK,8858,2026-09-26T17:24:34.737Z,
ACK,8859,2026-09-26T17:24:34.836Z,
ACK,8860,2026-09-26T17:24:34.934Z,
ACK,8861,2026-09-26T17:24:35.038Z,
ACK,8862,2026-09-26T17:24:35.134Z,
ACK,8863,2026-09-26T17:24:35.495Z,
ACK,8864,2026-09-26T17:24:35.558Z,
ACK,8865,2026-09-26T17:24:35.661Z,
ACK,8866,2026-09-26T17:24:35.755Z,
ACK,8867,2026-09-26T17:24:35.858Z,
ACK,8868,2026-09-26T17:24:36.193Z,
ACK,8869,2026-09-26T17:24:36.286Z,
ACK,8870,2026-09-26T17:24:36.348Z,
ACK,8871,2026-09-26T17:24:36.451Z,
ACK,8872,2026-09-26T17:24:36.552Z,
ACK,8873,2026-09-26T17:24:36.651Z,
ACK,8874,2026-09-26T17:24:36.769Z,
ACK,8875,2026-09-26T17:24:36.851Z,
ACK,8876,2026-09-26T17:24:36.957Z,
ACK,8877,2026-09-26T17:24:37.053Z,
ACK,8878,2026-09-26T17:24:37.216Z,
ACK,8879,2026-09-26T17:24:37.274Z,
ACK,8880,2026-09-26T17:24:37.376Z,
ACK,8881,2026-09-26T17:24:37.472Z,
ACK,8882,2026-09-26T17:24:37.577Z,
ACK,8883,2026-09-26T17:24:37.677Z,
ACK,8884,2026-09-26T17:24:37.780Z,
ACK,8885,2026-09-26T17:24:37.880Z,
ACK,8886,2026-09-26T17:24:38.003Z,
ACK,8887,2026-09-26T17:24:38.082Z,
ACK,8888,2026-09-26T17:24:38.178Z,
ACK,8889,2026-09-26T17:24:38.277Z,
ACK,8890,2026-09-26T17:24:38.379Z,
ACK,8891,2026-09-26T17:24:38.483Z,
ACK,8892,2026-09-26T17:24:38.580Z,
ACK,8893,2026-09-26T17:24:38.680Z,
ACK,8894,2026-09-26T17:24:38.783Z,
ACK,8895,2026-09-26T17:24:38.891Z,
ACK,8896,2026-09-26T17:24:38.987Z,
ACK,8897,2026-09-26T17:24:39.100Z,
ACK,8898,2026-09-26T17:24:39.202Z,
ACK,8899,2026-09-26T17:24:39.281Z,
ACK,8900,2026-09-26T17:24:39.714Z,
ACK,8901,2026-09-26T17:24:39.858Z,
ACK,8902,2026-09-26T17:24:39.918Z,
ACK,8903,2026-09-26T17:24:40.032Z,
ACK,8904,2026-09-26T17:24:40.216Z,
ACK,8905,2026-09-26T17:24:40.273Z,
ACK,8906,2026-09-26T17:24:40.599Z,
ACK,8907,2026-09-26T17:24:40.661Z,
ACK,8908,2026-09-26T17:24:40.758Z,
ACK,8909,2026-09-26T17:24:40.865Z,
ACK,8910,2026-09-26T17:24:40.976Z,
ACK,8911,2026-09-26T17:24:41.066Z,
ACK,8912,2026-09-26T17:24:41.162Z,
ACK,8913,2026-09-26T17:24:41.290Z,
ACK,8914,2026-09-26T17:24:41.369Z,
ACK,8915,2026-09-26T17:24:41.495Z,
ACK,8916,2026-09-26T17:24:41.564Z,
ACK,8917,2026-09-26T17:24:41.667Z,
ACK,8918,2026-09-26T17:24:41.765Z,
ACK,8919,2026-09-26T17:24:41.870Z,
ACK,8920,2026-09-26T17:24:41.966Z,
ACK,8921,2026-09-26T17:24:42.067Z,
ACK,8922,2026-09-26T17:24:42.166Z,
ACK,8923,2026-09-26T17:24:42.265Z,
ACK,8924,2026-09-26T17:24:42.373Z,
ACK,8925,2026-09-26T17:24:42.468Z,
ACK,8926,2026-09-26T17:24:42.571Z,
ACK,8927,2026-09-26T17:24:42.677Z,
ACK,8928,2026-09-26T17:24:42.770Z,
ACK,8929,2026-09-26T17:24:42.885Z,
ACK,8930,2026-09-26T17:24:42.966Z,
ACK,8931,2026-09-26T17:24:43.069Z,
ACK,8932,2026-09-26T17:24:43.176Z,
ACK,8933,2026-09-26T17:24:43.336Z,
ACK,8934,2026-09-26T17:24:43.402Z,
ACK,8935,2026-09-26T17:24:43.495Z,
ACK,8936,2026-09-26T17:24:43.602Z,
ACK,8937,2026-09-26T17:24:43.696Z,
ACK,8938,2026-09-26T17:24:43.796Z,
ACK,8939,2026-09-26T17:24:43.896Z,
ACK,8940,2026-09-26T17:24:44.026Z,
ACK,8941,2026-09-26T17:24:44.099Z,
ACK,8942,2026-09-26T17:24:44.222Z,
ACK,8943,2026-09-26T17:24:44.327Z,
ACK,8944,2026-09-26T17:24:44.402Z,
ACK,8945,2026-09-26T17:24:44.501Z,
ACK,8946,2026-09-26T17:24:44.602Z,
ACK,8947,2026-09-26T17:24:44.698Z,
ACK,8948,2026-09-26T17:24:44.799Z,
ACK,8949,2026-09-26T17:24:44.902Z,
ACK,8950,2026-09-26T17:24:44.999Z,
ACK,8951,2026-09-26T17:24:45.106Z,
ACK,8952,2026-09-26T17:24:45.206Z,
ACK,8953,2026-09-26T17:24:45.302Z,
ACK,8954,2026-09-26T17:24:45.714Z,
ACK,8955,2026-09-26T17:24:45.776Z,
ACK,8956,2026-09-26T17:24:45.876Z,
ACK,8957,2026-09-26T17:24:45.996Z,
ACK,8958,2026-09-26T17:24:46.076Z,
ACK,8959,2026-09-26T17:24:46.175Z,
ACK,8960,2026-09-26T17:24:46.277Z,
ACK,8961,2026-09-26T17:24:46.375Z,
ACK,8962,2026-09-26T17:24:46.476Z,
ACK,8963,2026-09-26T17:24:46.606Z,
ACK,8964,2026-09-26T17:24:46.678Z,
ACK,8965,2026-09-26T17:24:46.781Z,
ACK,8966,2026-09-26T17:24:46.877Z,
ACK,8967,2026-09-26T17:24:46.982Z,
ACK,8968,2026-09-26T17:24:47.081Z,
ACK,8969,2026-09-26T17:24:47.179Z,
ACK,8970,2026-09-26T17:24:47.285Z,
ACK,8971,2026-09-26T17:24:47.384Z,
ACK,8972,2026-09-26T17:24:47.487Z,
ACK,8973,2026-09-26T17:24:47.582Z,
ACK,8974,2026-09-26T17:24:47.685Z,
ACK,8975,2026-09-26T17:24:47.783Z,
ACK,8976,2026-09-26T17:24:47.883Z,
ACK,8977,2026-09-26T17:24:47.980Z,
ACK,8978,2026-09-26T17:24:48.101Z,
ACK,8979,2026-09-26T17:24:48.184Z,
ACK,8980,2026-09-26T17:24:48.285Z,
ACK,8981,2026-09-26T17:24:48.401Z,
ACK,8982,2026-09-26T17:24:48.726Z,
ACK,8983,2026-09-26T17:24:48.783Z,
ACK,8984,2026-09-26T17:24:49.206Z,
ACK,8985,2026-09-26T17:24:49.294Z,
ACK,8986,2026-09-26T17:24:49.372Z,
ACK,8987,2026-09-26T17:24:49.467Z,
ACK,8988,2026-09-26T17:24:49.574Z,
ACK,8989,2026-09-26T17:24:49.668Z,
ACK,8990,2026-09-26T17:24:49.769Z,
ACK,8991,2026-09-26T17:24:49.867Z,
ACK,8992,2026-09-26T17:24:49.969Z,
ACK,8993,2026-09-26T17:24:50.071Z,
ACK,8994,2026-09-26T17:24:50.187Z,
ACK,8995,2026-09-26T17:24:50.288Z,
ACK,8996,2026-09-26T17:24:50.369Z,
ACK,8997,2026-09-26T17:24:50.502Z,
ACK,8998,2026-09-26T17:24:50.599Z,
ACK,8999,2026-09-26T17:24:50.670Z,
ACK,9000,2026-09-26T17:24:50.775Z,
ACK,9001,2026-09-26T17:24:50.871Z,
ACK,9002,2026-09-26T17:24:50.972Z,
ACK,9003,2026-09-26T17:24:51.208Z,
ACK,9004,2026-09-26T17:24:51.282Z,
ACK,9005,2026-09-26T17:24:51.371Z,
ACK,9006,2026-09-26T17:24:51.480Z,
ACK,9007,2026-09-26T17:24:51.567Z,
ACK,9008,2026-09-26T17:24:51.691Z,
ACK,9009,2026-09-26T17:24:51.768Z,
ACK,9010,2026-09-26T17:24:51.888Z,
ACK,9011,2026-09-26T17:24:51.971Z,
ACK,9012,2026-09-26T17:24:52.077Z,
ACK,9013,2026-09-26T17:24:52.169Z,
ACK,9014,2026-09-26T17:24:52.513Z,
ACK,9015,2026-09-26T17:24:52.582Z,
ACK,9016,2026-09-26T17:24:52.726Z,
ACK,9017,2026-09-26T17:24:52.784Z,
ACK,9018,2026-09-26T17:24:52.889Z,
ACK,9019,2026-09-26T17:24:52.987Z,
ACK,9020,2026-09-26T17:24:53.091Z,
ACK,9021,2026-09-26T17:24:53.188Z,
ACK,9022,2026-09-26T17:24:53.286Z,
ACK,9023,2026-09-26T17:24:53.389Z,
ACK,9024,2026-09-26T17:24:53.492Z,
ACK,9025,2026-09-26T17:24:53.596Z,
ACK,9026,2026-09-26T17:24:53.726Z,
ACK,9027,2026-09-26T17:24:53.788Z,
ACK,9028,2026-09-26T17:24:53.896Z,
ACK,9029,2026-09-26T17:24:53.988Z,
ACK,9030,2026-09-26T17:24:54.205Z,
ACK,9031,2026-09-26T17:24:54.272Z,
ACK,9032,2026-09-26T17:24:54.361Z,
ACK,9033,2026-09-26T17:24:54.609Z,
ACK,9034,2026-09-26T17:24:54.671Z,
ACK,9035,2026-09-26T17:24:54.767Z,
ACK,9036,2026-09-26T17:24:54.882Z,
ACK,9037,2026-09-26T17:24:54.971Z,
ACK,9038,2026-09-26T17:24:55.071Z,
ACK,9039,2026-09-26T17:24:55.172Z,
ACK,9040,2026-09-26T17:24:55.283Z,
ACK,9041,2026-09-26T17:24:55.371Z,
ACK,9042,2026-09-26T17:24:55.469Z,
ACK,9043,2026-09-26T17:24:55.576Z,
ACK,9044,2026-09-26T17:24:55.673Z,
ACK,9045,2026-09-26T17:24:56.017Z,
ACK,9046,2026-09-26T17:24:56.098Z,
ACK,9047,2026-09-26T17:24:56.172Z,
ACK,9048,2026-09-26T17:24:56.289Z,
ACK,9049,2026-09-26T17:24:56.378Z,
ACK,9050,2026-09-26T17:24:56.475Z,
ACK,9051,2026-09-26T17:24:56.578Z,
ACK,9052,2026-09-26T17:24:56.682Z,
ACK,9053,2026-09-26T17:24:56.793Z,
ACK,9054,2026-09-26T17:24:56.879Z,
ACK,9055,2026-09-26T17:24:57.079Z,
ACK,9056,2026-09-26T17:24:57.143Z,
ACK,9057,2026-09-26T17:24:57.238Z,
ACK,9058,2026-09-26T17:24:57.373Z,
ACK,9059,2026-09-26T17:24:57.438Z,
ACK,9060,2026-09-26T17:24:57.535Z,
ACK,9061,2026-09-26T17:24:57.650Z,
ACK,9062,2026-09-26T17:24:57.747Z,
ACK,9063,2026-09-26T17:24:57.844Z,
ACK,9064,2026-09-26T17:24:57.940Z,
ACK,9065,2026-09-26T17:24:58.042Z,
ACK,9066,2026-09-26T17:24:58.141Z,
ACK,9067,2026-09-26T17:24:58.248Z,
ACK,9068,2026-09-26T17:24:58.342Z,
ACK,9069,2026-09-26T17:24:58.546Z,
ACK,9070,2026-09-26T17:24:58.612Z,
ACK,9071,2026-09-26T17:24:58.715Z,
ACK,9072,2026-09-26T17:24:58.809Z,
ACK,9073,2026-09-26T17:24:58.907Z,
ACK,9074,2026-09-26T17:24:59.042Z,
ACK,9075,2026-09-26T17:24:59.125Z,
ACK,9076,2026-09-26T17:24:59.226Z,
ACK,9077,2026-09-26T17:24:59.342Z,
ACK,9078,2026-09-26T17:24:59.420Z,
ACK,9079,2026-09-26T17:24:59.508Z,
ACK,9080,2026-09-26T17:24:59.607Z,
ACK,9081,2026-09-26T17:24:59.712Z,
ACK,9082,2026-09-26T17:24:59.809Z,
ACK,9083,2026-09-26T17:24:59.954Z,
ACK,9084,2026-09-26T17:25:00.030Z,
ACK,9085,2026-09-26T17:25:00.116Z,
ACK,9086,2026-09-26T17:25:00.356Z,
ACK,9087,2026-09-26T17:25:00.416Z,
ACK,9088,2026-09-26T17:25:00.515Z,
ACK,9089,2026-09-26T17:25:00.618Z,
ACK,9090,2026-09-26T17:25:00.747Z,
ACK,9091,2026-09-26T17:25:00.829Z,
ACK,9092,2026-09-26T17:25:00.919Z,
ACK,9093,2026-09-26T17:25:01.017Z,
ACK,9094,2026-09-26T17:25:01.142Z,
ACK,9095,2026-09-26T17:25:01.218Z,
ACK,9096,2026-09-26T17:25:01.317Z,
ACK,9097,2026-09-26T17:25:01.509Z,
ACK,9098,2026-09-26T17:25:01.574Z,
ACK,9099,2026-09-26T17:25:01.677Z,
ACK,9100,2026-09-26T17:25:01.770Z,
ACK,9101,2026-09-26T17:25:01.875Z,
ACK,9102,2026-09-26T17:25:01.968Z,
ACK,9103,2026-09-26T17:25:02.067Z,
ACK,9104,2026-09-26T17:25:02.178Z,
ACK,9105,2026-09-26T17:25:02.274Z,
ACK,9106,2026-09-26T17:25:02.387Z,
ACK,9107,2026-09-26T17:25:02.474Z,
ACK,9108,2026-09-26T17:25:02.572Z,
ACK,9109,2026-09-26T17:25:02.672Z,
ACK,9110,2026-09-26T17:25:02.772Z,
ACK,9111,2026-09-26T17:25:02.924Z,
ACK,9112,2026-09-26T17:25:02.992Z,
ACK,9113,2026-09-26T17:25:03.095Z,
ACK,9114,2026-09-26T17:25:03.217Z,
ACK,9115,2026-09-26T17:25:03.302Z,
ACK,9116,2026-09-26T17:25:03.384Z,
ACK,9117,2026-09-26T17:25:03.493Z,
ACK,9118,2026-09-26T17:25:03.591Z,
ACK,9119,2026-09-26T17:25:03.726Z,
ACK,9120,2026-09-26T17:25:03.782Z,
ACK,9121,2026-09-26T17:25:03.888Z,
ACK,9122,2026-09-26T17:25:03.987Z,
ACK,9123,2026-09-26T17:25:04.178Z,
ACK,9124,2026-09-26T17:25:04.240Z,
ACK,9125,2026-09-26T17:25:04.584Z,
ACK,9126,2026-09-26T17:25:04.726Z,
ACK,9127,2026-09-26T17:25:04.784Z,
ACK,9128,2026-09-26T17:25:04.912Z,
ACK,9129,2026-09-26T17:25:04.986Z,
ACK,9130,2026-09-26T17:25:05.085Z,
ACK,9131,2026-09-26T17:25:05.191Z,
ACK,9132,2026-09-26T17:25:05.336Z,
ACK,9133,2026-09-26T17:25:05.400Z,
ACK,9134,2026-09-26T17:25:05.495Z,
ACK,9135,2026-09-26T17:25:05.596Z,
ACK,9136,2026-09-26T17:25:05.699Z,
ACK,9137,2026-09-26T17:25:05.799Z,
ACK,9138,2026-09-26T17:25:05.912Z,
ACK,9139,2026-09-26T17:25:05.996Z,
ACK,9140,2026-09-26T17:25:06.098Z,
ACK,9141,2026-09-26T17:25:06.222Z,
ACK,9142,2026-09-26T17:25:06.295Z,
ACK,9143,2026-09-26T17:25:06.400Z,
ACK,9144,2026-09-26T17:25:06.497Z,
ACK,9145,2026-09-26T17:25:06.622Z,
ACK,9146,2026-09-26T17:25:06.703Z,
ACK,9147,2026-09-26T17:25:06.803Z,
ACK,9148,2026-09-26T17:25:06.901Z,
ACK,9149,2026-09-26T17:25:07.059Z,
ACK,9150,2026-09-26T17:25:07.118Z,
ACK,9151,2026-09-26T17:25:07.226Z,
ACK,9152,2026-09-26T17:25:07.321Z,
ACK,9153,2026-09-26T17:25:07.424Z,
ACK,9154,2026-09-26T17:25:07.523Z,
ACK,9155,2026-09-26T17:25:07.641Z,
ACK,9156,2026-09-26T17:25:07.716Z,
ACK,9157,2026-09-26T17:25:07.825Z,
ACK,9158,2026-09-26T17:25:07.917Z,
ACK,9159,2026-09-26T17:25:08.022Z,
ACK,9160,2026-09-26T17:25:08.125Z,
ACK,9161,2026-09-26T17:25:08.223Z,
ACK,9162,2026-09-26T17:25:08.338Z,
ACK,9163,2026-09-26T17:25:08.421Z,
ACK,9164,2026-09-26T17:25:08.525Z,
ACK,9165,2026-09-26T17:25:08.628Z,
ACK,9166,2026-09-26T17:25:08.721Z,
ACK,9167,2026-09-26T17:25:08.842Z,
ACK,9168,2026-09-26T17:25:08.927Z,
ACK,9169,2026-09-26T17:25:09.024Z,
ACK,9170,2026-09-26T17:25:09.137Z,
ACK,9171,2026-09-26T17:25:09.228Z,
ACK,9172,2026-09-26T17:25:09.325Z,
ACK,9173,2026-09-26T17:25:09.429Z,
ACK,9174,2026-09-26T17:25:09.522Z,
ACK,9175,2026-09-26T17:25:09.649Z,
ACK,9176,2026-09-26T17:25:09.732Z,
ACK,9177,2026-09-26T17:25:09.832Z,
ACK,9178,2026-09-26T17:25:09.928Z,
ACK,9179,2026-09-26T17:25:10.028Z,
ACK,9180,2026-09-26T17:25:10.126Z,
ACK,9181,2026-09-26T17:25:10.352Z,
ACK,9182,2026-09-26T17:25:10.407Z,
ACK,9183,2026-09-26T17:25:10.589Z,
ACK,9184,2026-09-26T17:25:10.649Z,
ACK,9185,2026-09-26T17:25:10.753Z,
ACK,9186,2026-09-26T17:25:10.930Z,
ACK,9187,2026-09-26T17:25:10.991Z,
ACK,9188,2026-09-26T17:25:11.091Z,
ACK,9189,2026-09-26T17:25:11.191Z,
ACK,9190,2026-09-26T17:25:11.299Z,
ACK,9191,2026-09-26T17:25:11.388Z,
ACK,9192,2026-09-26T17:25:11.590Z,
ACK,9193,2026-09-26T17:25:11.716Z,
ACK,9194,2026-09-26T17:25:11.801Z,
ACK,9195,2026-09-26T17:25:11.875Z,
ACK,9196,2026-09-26T17:25:11.977Z,
ACK,9197,2026-09-26T17:25:12.072Z,
ACK,9198,2026-09-26T17:25:12.177Z,
ACK,9199,2026-09-26T17:25:12.273Z,
ACK,9200,2026-09-26T17:25:12.491Z,
ACK,9201,2026-09-26T17:25:12.559Z,
ACK,9202,2026-09-26T17:25:12.653Z,
ACK,9203,2026-09-26T17:25:12.778Z,
ACK,9204,2026-09-26T17:25:12.853Z,
ACK,9205,2026-09-26T17:25:12.951Z,
ACK,9206,2026-09-26T17:25:13.176Z,
ACK,9207,2026-09-26T17:25:13.234Z,
ACK,9208,2026-09-26T17:25:13.340Z,
ACK,9209,2026-09-26T17:25:13.445Z,
ACK,9210,2026-09-26T17:25:13.532Z,
ACK,9211,2026-09-26T17:25:13.632Z,
ACK,9212,2026-09-26T17:25:13.823Z,
ACK,9213,2026-09-26T17:25:13.885Z,
ACK,9214,2026-09-26T17:25:13.985Z,
ACK,9215,2026-09-26T17:25:14.080Z,
ACK,9216,2026-09-26T17:25:14.183Z,
ACK,9217,2026-09-26T17:25:14.591Z,
ACK,9218,2026-09-26T17:25:14.725Z,
ACK,9219,2026-09-26T17:25:15.039Z,
ACK,9220,2026-09-26T17:25:15.137Z,
ACK,9221,2026-09-26T17:25:15.197Z,
ACK,9222,2026-09-26T17:25:15.302Z,
ACK,9223,2026-09-26T17:25:15.399Z,
ACK,9224,2026-09-26T17:25:15.503Z,
ACK,9225,2026-09-26T17:25:15.600Z,
ACK,9226,2026-09-26T17:25:15.712Z,
ACK,9227,2026-09-26T17:25:15.797Z,
ACK,9228,2026-09-26T17:25:16.147Z,
ACK,9229,2026-09-26T17:25:16.226Z,
ACK,9230,2026-09-26T17:25:16.307Z,
ACK,9231,2026-09-26T17:25:16.726Z,
ACK,9232,2026-09-26T17:25:16.836Z,
ACK,9233,2026-09-26T17:25:16.902Z,
ACK,9234,2026-09-26T17:25:17.005Z,
ACK,9235,2026-09-26T17:25:17.096Z,
ACK,9236,2026-09-26T17:25:17.196Z,
ACK,9237,2026-09-26T17:25:17.303Z,
ACK,9238,2026-09-26T17:25:17.394Z,
ACK,9239,2026-09-26T17:25:17.495Z,
ACK,9240,2026-09-26T17:25:17.601Z,
ACK,9241,2026-09-26T17:25:17.700Z,
ACK,9242,2026-09-26T17:25:17.806Z,
ACK,9243,2026-09-26T17:25:17.915Z,
ACK,9244,2026-09-26T17:25:17.998Z,
ACK,9245,2026-09-26T17:25:18.105Z,
ACK,9246,2026-09-26T17:25:18.202Z,
ACK,9247,2026-09-26T17:25:18.303Z,
ACK,9248,2026-09-26T17:25:18.405Z,
ACK,9249,2026-09-26T17:25:18.503Z,
ACK,9250,2026-09-26T17:25:18.601Z,
ACK,9251,2026-09-26T17:25:18.710Z,
ACK,9252,2026-09-26T17:25:18.802Z,
ACK,9253,2026-09-26T17:25:18.904Z,
ACK,9254,2026-09-26T17:25:19.010Z,
ACK,9255,2026-09-26T17:25:19.122Z,
ACK,9256,2026-09-26T17:25:19.203Z,
ACK,9257,2026-09-26T17:25:19.309Z,
ACK,9258,2026-09-26T17:25:19.406Z,
ACK,9259,2026-09-26T17:25:19.516Z,
ACK,9260,2026-09-26T17:25:19.640Z,
ACK,9261,2026-09-26T17:25:19.713Z,
ACK,9262,2026-09-26T17:25:19.837Z,
ACK,9263,2026-09-26T17:25:19.937Z,
ACK,9264,2026-09-26T17:25:20.007Z,
ACK,9265,2026-09-26T17:25:20.146Z,
ACK,9266,2026-09-26T17:25:20.210Z,
ACK,9267,2026-09-26T17:25:20.312Z,
ACK,9268,2026-09-26T17:25:20.437Z,
ACK,9269,2026-09-26T17:25:20.508Z,
ACK,9270,2026-09-26T17:25:20.627Z,
ACK,9271,2026-09-26T17:25:20.723Z,
ACK,9272,2026-09-26T17:25:20.810Z,
ACK,9273,2026-09-26T17:25:20.913Z,
ACK,9274,2026-09-26T17:25:21.016Z,
ACK,9275,2026-09-26T17:25:21.121Z,
ACK,9276,2026-09-26T17:25:21.212Z,
ACK,9277,2026-09-26T17:25:21.448Z,
ACK,9278,2026-09-26T17:25:21.510Z,
ACK,9279,2026-09-26T17:25:21.610Z,
ACK,9280,2026-09-26T17:25:21.707Z,
ACK,9281,2026-09-26T17:25:21.814Z,
ACK,9282,2026-09-26T17:25:21.913Z,
ACK,9283,2026-09-26T17:25:22.138Z,
ACK,9284,2026-09-26T17:25:22.206Z,
ACK,9285,2026-09-26T17:25:22.304Z,
ACK,9286,2026-09-26T17:25:22.580Z,
ACK,9287,2026-09-26T17:25:22.651Z,
ACK,9288,2026-09-26T17:25:22.746Z,
ACK,9289,2026-09-26T17:25:22.845Z,
ACK,9290,2026-09-26T17:25:22.948Z,
ACK,9291,2026-09-26T17:25:23.044Z,
ACK,9292,2026-09-26T17:25:23.142Z,
ACK,9293,2026-09-26T17:25:23.495Z,
ACK,9294,2026-09-26T17:25:23.568Z,
ACK,9295,2026-09-26T17:25:23.654Z,
ACK,9296,2026-09-26T17:25:23.785Z,
ACK,9297,2026-09-26T17:25:23.851Z,
ACK,9298,2026-09-26T17:25:23.966Z,
ACK,9299,2026-09-26T17:25:24.063Z,
ACK,9300,2026-09-26T17:25:24.198Z,
ACK,9301,2026-09-26T17:25:24.260Z,
ACK,9302,2026-09-26T17:25:24.358Z,
ACK,9303,2026-09-26T17:25:24.463Z,
ACK,9304,2026-09-26T17:25:24.561Z,
ACK,9305,2026-09-26T17:25:24.663Z,
ACK,9306,2026-09-26T17:25:24.791Z,
ACK,9307,2026-09-26T17:25:24.864Z,
ACK,9308,2026-09-26T17:25:24.961Z,
ACK,9309,2026-09-26T17:25:25.068Z,
ACK,9310,2026-09-26T17:25:25.166Z,
ACK,9311,2026-09-26T17:25:25.265Z,
ACK,9312,2026-09-26T17:25:25.363Z,
ACK,9313,2026-09-26T17:25:25.461Z,
ACK,9314,2026-09-26T17:25:25.567Z,
ACK,9315,2026-09-26T17:25:25.672Z,
ACK,9316,2026-09-26T17:25:25.766Z,
ACK,9317,2026-09-26T17:25:25.886Z,
ACK,9318,2026-09-26T17:25:25.971Z,
ACK,9319,2026-09-26T17:25:26.072Z,
ACK,9320,2026-09-26T17:25:26.166Z,
ACK,9321,2026-09-26T17:25:26.266Z,
ACK,9322,2026-09-26T17:25:26.377Z,
ACK,9323,2026-09-26T17:25:26.470Z,
ACK,9324,2026-09-26T17:25:26.575Z,
ACK,9325,2026-09-26T17:25:26.677Z,
ACK,9326,2026-09-26T17:25:26.784Z,
ACK,9327,2026-09-26T17:25:26.883Z,
ACK,9328,2026-09-26T17:25:26.979Z,
ACK,9329,2026-09-26T17:25:27.074Z,
ACK,9330,2026-09-26T17:25:27.175Z,
ACK,9331,2026-09-26T17:25:27.276Z,
ACK,9332,2026-09-26T17:25:27.376Z,
ACK,9333,2026-09-26T17:25:27.489Z,
ACK,9334,2026-09-26T17:25:27.578Z,
ACK,9335,2026-09-26T17:25:27.679Z,
ACK,9336,2026-09-26T17:25:27.776Z,
ACK,9337,2026-09-26T17:25:27.883Z,
ACK,9338,2026-09-26T17:25:27.973Z,
ACK,9339,2026-09-26T17:25:28.081Z,
ACK,9340,2026-09-26T17:25:28.189Z,
ACK,9341,2026-09-26T17:25:28.293Z,
ACK,9342,2026-09-26T17:25:28.378Z,
ACK,9343,2026-09-26T17:25:28.483Z,
ACK,9344,2026-09-26T17:25:28.581Z,
ACK,9345,2026-09-26T17:25:28.726Z,
ACK,9346,2026-09-26T17:25:28.787Z,
ACK,9347,2026-09-26T17:25:28.886Z,
ACK,9348,2026-09-26T17:25:28.989Z,
ACK,9349,2026-09-26T17:25:29.084Z,
ACK,9350,2026-09-26T17:25:29.195Z,
ACK,9351,2026-09-26T17:25:29.287Z,
ACK,9352,2026-09-26T17:25:29.622Z,
ACK,9353,2026-09-26T17:25:29.716Z,
ACK,9354,2026-09-26T17:25:29.783Z,
ACK,9355,2026-09-26T17:25:29.891Z,
ACK,9356,2026-09-26T17:25:29.985Z,
ACK,9357,2026-09-26T17:25:30.091Z,
ACK,9358,2026-09-26T17:25:30.182Z,
ACK,9359,2026-09-26T17:25:30.283Z,
ACK,9360,2026-09-26T17:25:30.403Z,
ACK,9361,2026-09-26T17:25:30.487Z,
ACK,9362,2026-09-26T17:25:30.586Z,
ACK,9363,2026-09-26T17:25:30.687Z,
ACK,9364,2026-09-26T17:25:30.787Z,
ACK,9365,2026-09-26T17:25:31.126Z,
ACK,9366,2026-09-26T17:25:31.210Z,
ACK,9367,2026-09-26T17:25:31.287Z,
ACK,9368,2026-09-26T17:25:31.388Z,
ACK,9369,2026-09-26T17:25:31.566Z,
ACK,9370,2026-09-26T17:25:31.625Z,
ACK,9371,2026-09-26T17:25:31.750Z,
ACK,9372,2026-09-26T17:25:31.826Z,
ACK,9373,2026-09-26T17:25:31.932Z,
ACK,9374,2026-09-26T17:25:32.036Z,
ACK,9375,2026-09-26T17:25:32.225Z,
ACK,9376,2026-09-26T17:25:32.285Z,
ACK,9377,2026-09-26T17:25:32.440Z,
ACK,9378,2026-09-26T17:25:32.515Z,
ACK,9379,2026-09-26T17:25:32.648Z,
ACK,9380,2026-09-26T17:25:32.716Z,
ACK,9381,2026-09-26T17:25:32.859Z,
ACK,9382,2026-09-26T17:25:32.925Z,
ACK,9383,2026-09-26T17:25:33.059Z,
ACK,9384,2026-09-26T17:25:33.122Z,
ACK,9385,2026-09-26T17:25:33.262Z,
ACK,9386,2026-09-26T17:25:33.325Z,
ACK,9387,2026-09-26T17:25:33.428Z,
ACK,9388,2026-09-26T17:25:33.566Z,
ACK,9389,2026-09-26T17:25:33.668Z,
ACK,9390,2026-09-26T17:25:33.736Z,
ACK,9391,2026-09-26T17:25:33.878Z,
ACK,9392,2026-09-26T17:25:33.943Z,
ACK,9393,2026-09-26T17:25:34.069Z,
ACK,9394,2026-09-26T17:25:34.142Z,
ACK,9395,2026-09-26T17:25:34.283Z,
ACK,9396,2026-09-26T17:25:34.378Z,
ACK,9397,2026-09-26T17:25:34.446Z,
ACK,9398,2026-09-26T17:25:34.551Z,
ACK,9399,2026-09-26T17:25:34.646Z,
ACK,9400,2026-09-26T17:25:34.744Z,
ACK,9401,2026-09-26T17:25:34.863Z,
ACK,9402,2026-09-26T17:25:34.954Z,
ACK,9403,2026-09-26T17:25:35.043Z,
ACK,9404,2026-09-26T17:25:35.152Z,
ACK,9405,2026-09-26T17:25:35.271Z,
ACK,9406,2026-09-26T17:25:35.352Z,
ACK,9407,2026-09-26T17:25:35.447Z,
ACK,9408,2026-09-26T17:25:35.555Z,
ACK,9409,2026-09-26T17:25:35.652Z,
ACK,9410,2026-09-26T17:25:35.750Z,
ACK,9411,2026-09-26T17:25:35.854Z,
ACK,9412,2026-09-26T17:25:35.950Z,
ACK,9413,2026-09-26T17:25:36.047Z,
ACK,9414,2026-09-26T17:25:36.151Z,
ACK,9415,2026-09-26T17:25:36.247Z,
ACK,9416,2026-09-26T17:25:36.350Z,
ACK,9417,2026-09-26T17:25:36.457Z,
ACK,9418,2026-09-26T17:25:36.554Z,
ACK,9419,2026-09-26T17:25:36.650Z,
ACK,9420,2026-09-26T17:25:36.761Z,
ACK,9421,2026-09-26T17:25:36.853Z,
ACK,9422,2026-09-26T17:25:36.952Z,
ACK,9423,2026-09-26T17:25:37.064Z,
ACK,9424,2026-09-26T17:25:37.153Z,
ACK,9425,2026-09-26T17:25:37.279Z,
ACK,9426,2026-09-26T17:25:37.356Z,
ACK,9427,2026-09-26T17:25:37.457Z,
ACK,9428,2026-09-26T17:25:37.561Z,
ACK,9429,2026-09-26T17:25:37.658Z,
ACK,9430,2026-09-26T17:25:37.793Z,
ACK,9431,2026-09-26T17:25:37.858Z,
ACK,9432,2026-09-26T17:25:37.963Z,
ACK,9433,2026-09-26T17:25:38.059Z,
ACK,9434,2026-09-26T17:25:38.157Z,
ACK,9435,2026-09-26T17:25:38.287Z,
ACK,9436,2026-09-26T17:25:38.362Z,
ACK,9437,2026-09-26T17:25:38.717Z,
ACK,9438,2026-09-26T17:25:38.798Z,
ACK,9439,2026-09-26T17:25:38.878Z,
ACK,9440,2026-09-26T17:25:39.002Z,
ACK,9441,2026-09-26T17:25:39.079Z,
ACK,9442,2026-09-26T17:25:39.178Z,
ACK,9443,2026-09-26T17:25:39.288Z,
ACK,9444,2026-09-26T17:25:39.375Z,
ACK,9445,2026-09-26T17:25:39.483Z,
ACK,9446,2026-09-26T17:25:39.584Z,
ACK,9447,2026-09-26T17:25:39.680Z,
ACK,9448,2026-09-26T17:25:39.791Z,
ACK,9449,2026-09-26T17:25:39.881Z,
ACK,9450,2026-09-26T17:25:40.216Z,
ACK,9451,2026-09-26T17:25:40.277Z,
ACK,9452,2026-09-26T17:25:40.385Z,
ACK,9453,2026-09-26T17:25:40.478Z,
ACK,9454,2026-09-26T17:25:40.579Z,
ACK,9455,2026-09-26T17:25:40.674Z,
ACK,9456,2026-09-26T17:25:40.780Z,
ACK,9457,2026-09-26T17:25:40.880Z,
ACK,9458,2026-09-26T17:25:40.981Z,
ACK,9459,2026-09-26T17:25:41.086Z,
ACK,9460,2026-09-26T17:25:41.180Z,
ACK,9461,2026-09-26T17:25:41.280Z,
ACK,9462,2026-09-26T17:25:41.384Z,
ACK,9463,2026-09-26T17:25:41.486Z,
ACK,9464,2026-09-26T17:25:41.580Z,
ACK,9465,2026-09-26T17:25:41.685Z,
ACK,9466,2026-09-26T17:25:41.781Z,
ACK,9467,2026-09-26T17:25:41.884Z,
ACK,9468,2026-09-26T17:25:41.988Z,
ACK,9469,2026-09-26T17:25:42.084Z,
ACK,9470,2026-09-26T17:25:42.182Z,
ACK,9471,2026-09-26T17:25:42.294Z,
ACK,9472,2026-09-26T17:25:42.405Z,
ACK,9473,2026-09-26T17:25:42.486Z,
ACK,9474,2026-09-26T17:25:42.587Z,
ACK,9475,2026-09-26T17:25:42.695Z,
ACK,9476,2026-09-26T17:25:42.788Z,
ACK,9477,2026-09-26T17:25:42.940Z,
ACK,9478,2026-09-26T17:25:43.053Z,
ACK,9479,2026-09-26T17:25:43.112Z,
ACK,9480,2026-09-26T17:25:43.211Z,
ACK,9481,2026-09-26T17:25:43.322Z,
ACK,9482,2026-09-26T17:25:43.411Z,
ACK,9483,2026-09-26T17:25:43.546Z,
ACK,9484,2026-09-26T17:25:43.616Z,
ACK,9485,2026-09-26T17:25:43.717Z,
ACK,9486,2026-09-26T17:25:43.819Z,
ACK,9487,2026-09-26T17:25:44.006Z,
ACK,9488,2026-09-26T17:25:44.071Z,
ACK,9489,2026-09-26T17:25:44.182Z,
ACK,9490,2026-09-26T17:25:44.271Z,
ACK,9491,2026-09-26T17:25:44.368Z,
ACK,9492,2026-09-26T17:25:44.466Z,
ACK,9493,2026-09-26T17:25:44.577Z,
ACK,9494,2026-09-26T17:25:44.670Z,
ACK,9495,2026-09-26T17:25:44.771Z,
ACK,9496,2026-09-26T17:25:44.870Z,
ACK,9497,2026-09-26T17:25:44.970Z,
ACK,9498,2026-09-26T17:25:45.066Z,
ACK,9499,2026-09-26T17:25:45.173Z,
ACK,9500,2026-09-26T17:25:45.368Z,
ACK,9501,2026-09-26T17:25:45.424Z,
ACK,9502,2026-09-26T17:25:45.525Z,
ACK,9503,2026-09-26T17:25:45.627Z,
ACK,9504,2026-09-26T17:25:45.727Z,
ACK,9505,2026-09-26T17:25:45.832Z,
ACK,9506,2026-09-26T17:25:45.935Z,
ACK,9507,2026-09-26T17:25:46.029Z,
ACK,9508,2026-09-26T17:25:46.151Z,
ACK,9509,2026-09-26T17:25:46.287Z,
ACK,9510,2026-09-26T17:25:46.348Z,
ACK,9511,2026-09-26T17:25:46.447Z,
ACK,9512,2026-09-26T17:25:46.546Z,
ACK,9513,2026-09-26T17:25:46.648Z,
ACK,9514,2026-09-26T17:25:46.747Z,
ACK,9515,2026-09-26T17:25:46.845Z,
ACK,9516,2026-09-26T17:25:46.950Z,
ACK,9517,2026-09-26T17:25:47.050Z,
ACK,9518,2026-09-26T17:25:47.146Z,
ACK,9519,2026-09-26T17:25:47.249Z,
ACK,9520,2026-09-26T17:25:47.350Z,
ACK,9521,2026-09-26T17:25:47.451Z,
ACK,9522,2026-09-26T17:25:47.555Z,
ACK,9523,2026-09-26T17:25:47.650Z,
ACK,9524,2026-09-26T17:25:47.755Z,
ACK,9525,2026-09-26T17:25:47.866Z,
ACK,9526,2026-09-26T17:25:47.996Z,
ACK,9527,2026-09-26T17:25:48.088Z,
ACK,9528,2026-09-26T17:25:48.180Z,
ACK,9529,2026-09-26T17:25:48.282Z,
ACK,9530,2026-09-26T17:25:48.377Z,
ACK,9531,2026-09-26T17:25:48.701Z,
ACK,9532,2026-09-26T17:25:48.876Z,
ACK,9533,2026-09-26T17:25:48.960Z,
ACK,9534,2026-09-26T17:25:49.035Z,
ACK,9535,2026-09-26T17:25:49.171Z,
ACK,9536,2026-09-26T17:25:49.240Z,
ACK,9537,2026-09-26T17:25:49.336Z,
ACK,9538,2026-09-26T17:25:49.438Z,
ACK,9539,2026-09-26T17:25:49.547Z,
ACK,9540,2026-09-26T17:25:49.643Z,
ACK,9541,2026-09-26T17:25:49.735Z,
ACK,9542,2026-09-26T17:25:49.851Z,
ACK,9543,2026-09-26T17:25:49.943Z,
ACK,9544,2026-09-26T17:25:50.041Z,
ACK,9545,2026-09-26T17:25:50.141Z,
ACK,9546,2026-09-26T17:25:50.240Z,
ACK,9547,2026-09-26T17:25:50.396Z,
ACK,9548,2026-09-26T17:25:50.467Z,
ACK,9549,2026-09-26T17:25:50.559Z,
ACK,9550,2026-09-26T17:25:50.655Z,
ACK,9551,2026-09-26T17:25:50.761Z,
ACK,9552,2026-09-26T17:25:50.891Z,
ACK,9553,2026-09-26T17:25:50.956Z,
ACK,9554,2026-09-26T17:25:51.066Z,
ACK,9555,2026-09-26T17:25:51.158Z,
ACK,9556,2026-09-26T17:25:51.266Z,
ACK,9557,2026-09-26T17:25:51.357Z,
ACK,9558,2026-09-26T17:25:51.461Z,
ACK,9559,2026-09-26T17:25:51.561Z,
ACK,9560,2026-09-26T17:25:51.667Z,
ACK,9561,2026-09-26T17:25:51.762Z,
ACK,9562,2026-09-26T17:25:51.864Z,
ACK,9563,2026-09-26T17:25:51.963Z,
ACK,9564,2026-09-26T17:25:52.061Z,
ACK,9565,2026-09-26T17:25:52.162Z,
ACK,9566,2026-09-26T17:25:52.265Z,
ACK,9567,2026-09-26T17:25:52.360Z,
ACK,9568,2026-09-26T17:25:52.698Z,
ACK,9569,2026-09-26T17:25:52.972Z,
ACK,9570,2026-09-26T17:25:53.032Z,
ACK,9571,2026-09-26T17:25:53.131Z,
ACK,9572,2026-09-26T17:25:53.233Z,
ACK,9573,2026-09-26T17:25:53.331Z,
ACK,9574,2026-09-26T17:25:53.432Z,
ACK,9575,2026-09-26T17:25:53.534Z,
ACK,9576,2026-09-26T17:25:53.632Z,
ACK,9577,2026-09-26T17:25:53.734Z,
ACK,9578,2026-09-26T17:25:53.836Z,
ACK,9579,2026-09-26T17:25:53.934Z,
ACK,9580,2026-09-26T17:25:54.037Z,
ACK,9581,2026-09-26T17:25:54.135Z,
ACK,9582,2026-09-26T17:25:54.276Z,
ACK,9583,2026-09-26T17:25:54.351Z,
ACK,9584,2026-09-26T17:25:54.436Z,
ACK,9585,2026-09-26T17:25:54.716Z,
ACK,9586,2026-09-26T17:25:54.772Z,
ACK,9587,2026-09-26T17:25:54.877Z,
ACK,9588,2026-09-26T17:25:54.975Z,
ACK,9589,2026-09-26T17:25:55.079Z,
ACK,9590,2026-09-26T17:25:55.178Z,
ACK,9591,2026-09-26T17:25:55.282Z,
ACK,9592,2026-09-26T17:25:55.377Z,
ACK,9593,2026-09-26T17:25:55.542Z,
ACK,9594,2026-09-26T17:25:55.607Z,
ACK,9595,2026-09-26T17:25:55.701Z,
ACK,9596,2026-09-26T17:25:55.797Z,
ACK,9597,2026-09-26T17:25:55.905Z,
ACK,9598,2026-09-26T17:25:56.005Z,
ACK,9599,2026-09-26T17:25:56.101Z,
ACK,9600,2026-09-26T17:25:56.212Z,
ACK,9601,2026-09-26T17:25:56.312Z,
ACK,9602,2026-09-26T17:25:56.405Z,
ACK,9603,2026-09-26T17:25:56.505Z,
ACK,9604,2026-09-26T17:25:56.720Z,
ACK,9605,2026-09-26T17:25:56.794Z,
ACK,9606,2026-09-26T17:25:56.880Z,
ACK,9607,2026-09-26T17:25:56.985Z,
ACK,9608,2026-09-26T17:25:57.076Z,
ACK,9609,2026-09-26T17:25:57.177Z,
ACK,9610,2026-09-26T17:25:57.533Z,
ACK,9611,2026-09-26T17:25:57.600Z,
ACK,9612,2026-09-26T17:25:57.692Z,
ACK,9613,2026-09-26T17:25:57.800Z,
ACK,9614,2026-09-26T17:25:57.895Z,
ACK,9615,2026-09-26T17:25:58.000Z,
ACK,9616,2026-09-26T17:25:58.095Z,
ACK,9617,2026-09-26T17:25:58.197Z,
ACK,9618,2026-09-26T17:25:58.292Z,
ACK,9619,2026-09-26T17:25:58.650Z,
ACK,9620,2026-09-26T17:25:58.711Z,
ACK,9621,2026-09-26T17:25:58.811Z,
ACK,9622,2026-09-26T17:25:58.911Z,
ACK,9623,2026-09-26T17:25:59.008Z,
ACK,9624,2026-09-26T17:25:59.112Z,
ACK,9625,2026-09-26T17:25:59.214Z,
ACK,9626,2026-09-26T17:25:59.328Z,
ACK,9627,2026-09-26T17:25:59.421Z,
ACK,9628,2026-09-26T17:25:59.585Z,
ACK,9629,2026-09-26T17:25:59.666Z,
ACK,9630,2026-09-26T17:25:59.743Z,
ACK,9631,2026-09-26T17:25:59.842Z,
ACK,9632,2026-09-26T17:26:00.216Z,
ACK,9633,2026-09-26T17:26:00.355Z,
ACK,9634,2026-09-26T17:26:00.412Z,
ACK,9635,2026-09-26T17:26:00.706Z,
ACK,9636,2026-09-26T17:26:00.768Z,
ACK,9637,2026-09-26T17:26:00.891Z,
ACK,9638,2026-09-26T17:26:00.986Z,
ACK,9639,2026-09-26T17:26:01.070Z,
ACK,9640,2026-09-26T17:26:01.167Z,
ACK,9641,2026-09-26T17:26:01.372Z,
ACK,9642,2026-09-26T17:26:01.435Z,
ACK,9643,2026-09-26T17:26:01.545Z,
ACK,9644,2026-09-26T17:26:01.635Z,
ACK,9645,2026-09-26T17:26:01.736Z,
ACK,9646,2026-09-26T17:26:01.861Z,
ACK,9647,2026-09-26T17:26:01.931Z,
ACK,9648,2026-09-26T17:26:02.030Z,
ACK,9649,2026-09-26T17:26:02.133Z,
ACK,9650,2026-09-26T17:26:02.231Z,
ACK,9651,2026-09-26T17:26:02.348Z,
ACK,9652,2026-09-26T17:26:02.440Z,
ACK,9653,2026-09-26T17:26:02.540Z,
ACK,9654,2026-09-26T17:26:02.647Z,
ACK,9655,2026-09-26T17:26:02.737Z,
ACK,9656,2026-09-26T17:26:02.890Z,
ACK,9657,2026-09-26T17:26:02.958Z,
ACK,9658,2026-09-26T17:26:03.048Z,
ACK,9659,2026-09-26T17:26:03.146Z,
ACK,9660,2026-09-26T17:26:03.252Z,
ACK,9661,2026-09-26T17:26:03.352Z,
ACK,9662,2026-09-26T17:26:03.456Z,
ACK,9663,2026-09-26T17:26:03.551Z,
ACK,9664,2026-09-26T17:26:03.669Z,
ACK,9665,2026-09-26T17:26:03.752Z,
ACK,9666,2026-09-26T17:26:03.937Z,
ACK,9667,2026-09-26T17:26:04.002Z,
ACK,9668,2026-09-26T17:26:04.095Z,
ACK,9669,2026-09-26T17:26:04.216Z,
ACK,9670,2026-09-26T17:26:04.296Z,
ACK,9671,2026-09-26T17:26:04.709Z,
ACK,9672,2026-09-26T17:26:04.813Z,
ACK,9673,2026-09-26T17:26:04.873Z,
ACK,9674,2026-09-26T17:26:04.980Z,
ACK,9675,2026-09-26T17:26:05.071Z,
ACK,9676,2026-09-26T17:26:05.175Z,
ACK,9677,2026-09-26T17:26:05.272Z,
ACK,9678,2026-09-26T17:26:05.372Z,
ACK,9679,2026-09-26T17:26:05.470Z,
ACK,9680,2026-09-26T17:26:05.584Z,
ACK,9681,2026-09-26T17:26:05.676Z,
ACK,9682,2026-09-26T17:26:05.774Z,
ACK,9683,2026-09-26T17:26:05.876Z,
ACK,9684,2026-09-26T17:26:06.028Z,
ACK,9685,2026-09-26T17:26:06.085Z,
ACK,9686,2026-09-26T17:26:06.186Z,
ACK,9687,2026-09-26T17:26:06.289Z,
ACK,9688,2026-09-26T17:26:06.388Z,
ACK,9689,2026-09-26T17:26:06.587Z,
ACK,9690,2026-09-26T17:26:06.657Z,
ACK,9691,2026-09-26T17:26:06.764Z,
ACK,9692,2026-09-26T17:26:06.851Z,
ACK,9693,2026-09-26T17:26:06.946Z,
ACK,9694,2026-09-26T17:26:07.048Z,
ACK,9695,2026-09-26T17:26:07.215Z,
ACK,9696,2026-09-26T17:26:07.277Z,
ACK,9697,2026-09-26T17:26:07.551Z,
ACK,9698,2026-09-26T17:26:07.615Z,
ACK,9699,2026-09-26T17:26:07.731Z,
ACK,9700,2026-09-26T17:26:07.814Z,
ACK,9701,2026-09-26T17:26:07.915Z,
ACK,9702,2026-09-26T17:26:08.114Z,
ACK,9703,2026-09-26T17:26:08.169Z,
ACK,9704,2026-09-26T17:26:08.270Z,
ACK,9705,2026-09-26T17:26:08.385Z,
ACK,9706,2026-09-26T17:26:08.475Z,
ACK,9707,2026-09-26T17:26:08.576Z,
ACK,9708,2026-09-26T17:26:08.680Z,
ACK,9709,2026-09-26T17:26:08.781Z,
ACK,9710,2026-09-26T17:26:08.911Z,
ACK,9711,2026-09-26T17:26:08.985Z,
ACK,9712,2026-09-26T17:26:09.122Z,
ACK,9713,2026-09-26T17:26:09.183Z,
ACK,9714,2026-09-26T17:26:09.287Z,
ACK,9715,2026-09-26T17:26:09.386Z,
ACK,9716,2026-09-26T17:26:09.480Z,
ACK,9717,2026-09-26T17:26:09.591Z,
ACK,9718,2026-09-26T17:26:09.707Z,
ACK,9719,2026-09-26T17:26:09.788Z,
ACK,9720,2026-09-26T17:26:09.881Z,
ACK,9721,2026-09-26T17:26:09.987Z,
ACK,9722,2026-09-26T17:26:10.084Z,
ACK,9723,2026-09-26T17:26:10.183Z,
ACK,9724,2026-09-26T17:26:10.289Z,
ACK,9725,2026-09-26T17:26:10.387Z,
ACK,9726,2026-09-26T17:26:10.486Z,
ACK,9727,2026-09-26T17:26:10.591Z,
ACK,9728,2026-09-26T17:26:10.683Z,
ACK,9729,2026-09-26T17:26:10.797Z,
ACK,9730,2026-09-26T17:26:10.900Z,
ACK,9731,2026-09-26T17:26:10.989Z,
ACK,9732,2026-09-26T17:26:11.092Z,
ACK,9733,2026-09-26T17:26:11.191Z,
ACK,9734,2026-09-26T17:26:11.376Z,
ACK,9735,2026-09-26T17:26:11.587Z,
ACK,9736,2026-09-26T17:26:11.694Z,
ACK,9737,2026-09-26T17:26:11.752Z,
ACK,9738,2026-09-26T17:26:11.856Z,
ACK,9739,2026-09-26T17:26:11.952Z,
ACK,9740,2026-09-26T17:26:12.056Z,
ACK,9741,2026-09-26T17:26:12.153Z,
ACK,9742,2026-09-26T17:26:12.261Z,
ACK,9743,2026-09-26T17:26:12.359Z,
ACK,9744,2026-09-26T17:26:12.460Z,
ACK,9745,2026-09-26T17:26:12.558Z,
ACK,9746,2026-09-26T17:26:12.672Z,
ACK,9747,2026-09-26T17:26:12.767Z,
ACK,9748,2026-09-26T17:26:12.859Z,
ACK,9749,2026-09-26T17:26:12.959Z,
ACK,9750,2026-09-26T17:26:13.069Z,
ACK,9751,2026-09-26T17:26:13.157Z,
ACK,9752,2026-09-26T17:26:13.266Z,
ACK,9753,2026-09-26T17:26:13.383Z,
ACK,9754,2026-09-26T17:26:13.461Z,
ACK,9755,2026-09-26T17:26:13.559Z,
ACK,9756,2026-09-26T17:26:13.682Z,
ACK,9757,2026-09-26T17:26:13.762Z,
ACK,9758,2026-09-26T17:26:13.909Z,
ACK,9759,2026-09-26T17:26:14.002Z,
ACK,9760,2026-09-26T17:26:14.096Z,
ACK,9761,2026-09-26T17:26:14.186Z,
ACK,9762,2026-09-26T17:26:14.273Z,
ACK,9763,2026-09-26T17:26:14.390Z,
ACK,9764,2026-09-26T17:26:14.492Z,
ACK,9765,2026-09-26T17:26:14.726Z,
ACK,9766,2026-09-26T17:26:14.791Z,
ACK,9767,2026-09-26T17:26:14.895Z,
ACK,9768,2026-09-26T17:26:14.987Z,
ACK,9769,2026-09-26T17:26:15.095Z,
ACK,9770,2026-09-26T17:26:15.184Z,
ACK,9771,2026-09-26T17:26:15.286Z,
ACK,9772,2026-09-26T17:26:15.385Z,
ACK,9773,2026-09-26T17:26:15.489Z,
ACK,9774,2026-09-26T17:26:15.592Z,
ACK,9775,2026-09-26T17:26:15.690Z,
ACK,9776,2026-09-26T17:26:15.795Z,
ACK,9777,2026-09-26T17:26:16.147Z,
ACK,9778,2026-09-26T17:26:16.213Z,
ACK,9779,2026-09-26T17:26:16.306Z,
ACK,9780,2026-09-26T17:26:16.407Z,
ACK,9781,2026-09-26T17:26:16.506Z,
ACK,9782,2026-09-26T17:26:16.616Z,
ACK,9783,2026-09-26T17:26:16.711Z,
ACK,9784,2026-09-26T17:26:16.805Z,
ACK,9785,2026-09-26T17:26:16.912Z,
ACK,9786,2026-09-26T17:26:17.034Z,
ACK,9787,2026-09-26T17:26:17.107Z,
ACK,9788,2026-09-26T17:26:17.209Z,
ACK,9789,2026-09-26T17:26:17.327Z,
ACK,9790,2026-09-26T17:26:17.411Z,
ACK,9791,2026-09-26T17:26:17.512Z,
ACK,9792,2026-09-26T17:26:17.611Z,
ACK,9793,2026-09-26T17:26:17.710Z,
ACK,9794,2026-09-26T17:26:17.812Z,
ACK,9795,2026-09-26T17:26:17.915Z,
ACK,9796,2026-09-26T17:26:18.022Z,
ACK,9797,2026-09-26T17:26:18.120Z,
ACK,9798,2026-09-26T17:26:18.210Z,
ACK,9799,2026-09-26T17:26:18.321Z,
ACK,9800,2026-09-26T17:26:18.428Z,
ACK,9801,2026-09-26T17:26:18.538Z,
ACK,9802,2026-09-26T17:26:18.654Z,
ACK,9803,2026-09-26T17:26:18.718Z,
ACK,9804,2026-09-26T17:26:18.821Z,
ACK,9805,2026-09-26T17:26:18.922Z,
ACK,9806,2026-09-26T17:26:19.031Z,
ACK,9807,2026-09-26T17:26:19.121Z,
ACK,9808,2026-09-26T17:26:19.262Z,
ACK,9809,2026-09-26T17:26:19.322Z,
ACK,9810,2026-09-26T17:26:19.461Z,
ACK,9811,2026-09-26T17:26:19.524Z,
ACK,9812,2026-09-26T17:26:19.624Z,
ACK,9813,2026-09-26T17:26:19.723Z,
ACK,9814,2026-09-26T17:26:19.824Z,
ACK,9815,2026-09-26T17:26:19.921Z,
ACK,9816,2026-09-26T17:26:20.114Z,
ACK,9817,2026-09-26T17:26:20.178Z,
ACK,9818,2026-09-26T17:26:20.353Z,
ACK,9819,2026-09-26T17:26:20.588Z,
ACK,9820,2026-09-26T17:26:20.650Z,
ACK,9821,2026-09-26T17:26:20.757Z,
ACK,9822,2026-09-26T17:26:20.851Z,
ACK,9823,2026-09-26T17:26:20.946Z,
ACK,9824,2026-09-26T17:26:21.054Z,
ACK,9825,2026-09-26T17:26:21.147Z,
ACK,9826,2026-09-26T17:26:21.249Z,
ACK,9827,2026-09-26T17:26:21.354Z,
ACK,9828,2026-09-26T17:26:21.446Z,
ACK,9829,2026-09-26T17:26:21.549Z,
ACK,9830,2026-09-26T17:26:21.687Z,
ACK,9831,2026-09-26T17:26:21.751Z,
ACK,9832,2026-09-26T17:26:21.869Z,
ACK,9833,2026-09-26T17:26:21.954Z,
ACK,9834,2026-09-26T17:26:22.052Z,
ACK,9835,2026-09-26T17:26:22.162Z,
ACK,9836,2026-09-26T17:26:22.269Z,
ACK,9837,2026-09-26T17:26:22.357Z,
ACK,9838,2026-09-26T17:26:22.456Z,
ACK,9839,2026-09-26T17:26:22.555Z,
ACK,9840,2026-09-26T17:26:22.658Z,
ACK,9841,2026-09-26T17:26:23.001Z,
ACK,9842,2026-09-26T17:26:23.225Z,
ACK,9843,2026-09-26T17:26:23.289Z,
ACK,9844,2026-09-26T17:26:23.394Z,
ACK,9845,2026-09-26T17:26:23.484Z,
ACK,9846,2026-09-26T17:26:23.586Z,
ACK,9847,2026-09-26T17:26:23.686Z,
ACK,9848,2026-09-26T17:26:23.798Z,
ACK,9849,2026-09-26T17:26:23.887Z,
ACK,9850,2026-09-26T17:26:23.988Z,
ACK,9851,2026-09-26T17:26:24.206Z,
ACK,9852,2026-09-26T17:26:24.266Z,
ACK,9853,2026-09-26T17:26:24.367Z,
ACK,9854,2026-09-26T17:26:24.466Z,
ACK,9855,2026-09-26T17:26:24.565Z,
ACK,9856,2026-09-26T17:26:24.675Z,
ACK,9857,2026-09-26T17:26:24.770Z,
ACK,9858,2026-09-26T17:26:24.875Z,
ACK,9859,2026-09-26T17:26:24.972Z,
ACK,9860,2026-09-26T17:26:25.075Z,
ACK,9861,2026-09-26T17:26:25.173Z,
ACK,9862,2026-09-26T17:26:25.519Z,
ACK,9863,2026-09-26T17:26:25.725Z,
ACK,9864,2026-09-26T17:26:25.785Z,
ACK,9865,2026-09-26T17:26:25.885Z,
ACK,9866,2026-09-26T17:26:26.158Z,
ACK,9867,2026-09-26T17:26:26.226Z,
ACK,9868,2026-09-26T17:26:26.325Z,
ACK,9869,2026-09-26T17:26:26.419Z,
ACK,9870,2026-09-26T17:26:26.526Z,
ACK,9871,2026-09-26T17:26:26.630Z,
ACK,9872,2026-09-26T17:26:26.721Z,
ACK,9873,2026-09-26T17:26:26.821Z,
ACK,9874,2026-09-26T17:26:26.919Z,
ACK,9875,2026-09-26T17:26:27.147Z,
ACK,9876,2026-09-26T17:26:27.225Z,
ACK,9877,2026-09-26T17:26:27.307Z,
ACK,9878,2026-09-26T17:26:27.405Z,
ACK,9879,2026-09-26T17:26:27.506Z,
ACK,9880,2026-09-26T17:26:27.606Z,
ACK,9881,2026-09-26T17:26:27.706Z,
ACK,9882,2026-09-26T17:26:27.811Z,
ACK,9883,2026-09-26T17:26:27.912Z,
ACK,9884,2026-09-26T17:26:28.010Z,
ACK,9885,2026-09-26T17:26:28.111Z,
ACK,9886,2026-09-26T17:26:28.211Z,
ACK,9887,2026-09-26T17:26:28.307Z,
ACK,9888,2026-09-26T17:26:28.418Z,
ACK,9889,2026-09-26T17:26:28.522Z,
ACK,9890,2026-09-26T17:26:28.613Z,
ACK,9891,2026-09-26T17:26:28.713Z,
ACK,9892,2026-09-26T17:26:28.810Z,
ACK,9893,2026-09-26T17:26:28.916Z,
ACK,9894,2026-09-26T17:26:29.011Z,
ACK,9895,2026-09-26T17:26:29.120Z,
ACK,9896,2026-09-26T17:26:29.214Z,
ACK,9897,2026-09-26T17:26:29.327Z,
ACK,9898,2026-09-26T17:26:29.417Z,
ACK,9899,2026-09-26T17:26:29.522Z,
ACK,9900,2026-09-26T17:26:29.621Z,
ACK,9901,2026-09-26T17:26:29.716Z,
ACK,9902,2026-09-26T17:26:29.812Z,
ACK,9903,2026-09-26T17:26:29.921Z,
ACK,9904,2026-09-26T17:26:30.020Z,
ACK,9905,2026-09-26T17:26:30.129Z,
ACK,9906,2026-09-26T17:26:30.219Z,
ACK,9907,2026-09-26T17:26:30.321Z,
ACK,9908,2026-09-26T17:26:30.425Z,
ACK,9909,2026-09-26T17:26:30.522Z,
ACK,9910,2026-09-26T17:26:30.621Z,
ACK,9911,2026-09-26T17:26:30.758Z,
ACK,9912,2026-09-26T17:26:30.826Z,
ACK,9913,2026-09-26T17:26:30.922Z,
ACK,9914,2026-09-26T17:26:31.027Z,
ACK,9915,2026-09-26T17:26:31.128Z,
ACK,9916,2026-09-26T17:26:31.220Z,
ACK,9917,2026-09-26T17:26:31.324Z,
ACK,9918,2026-09-26T17:26:31.435Z,
ACK,9919,2026-09-26T17:26:31.526Z,
ACK,9920,2026-09-26T17:26:31.625Z,
ACK,9921,2026-09-26T17:26:31.727Z,
ACK,9922,2026-09-26T17:26:31.841Z,
ACK,9923,2026-09-26T17:26:31.925Z,
ACK,9924,2026-09-26T17:26:32.049Z,
ACK,9925,2026-09-26T17:26:32.129Z,
ACK,9926,2026-09-26T17:26:32.470Z,
ACK,9927,2026-09-26T17:26:32.748Z,
ACK,9928,2026-09-26T17:26:32.806Z,
ACK,9929,2026-09-26T17:26:32.910Z,
ACK,9930,2026-09-26T17:26:33.010Z,
ACK,9931,2026-09-26T17:26:33.216Z,
ACK,9932,2026-09-26T17:26:33.283Z,
ACK,9933,2026-09-26T17:26:33.383Z,
ACK,9934,2026-09-26T17:26:33.480Z,
ACK,9935,2026-09-26T17:26:33.575Z,
ACK,9936,2026-09-26T17:26:33.682Z,
ACK,9937,2026-09-26T17:26:33.778Z,
ACK,9938,2026-09-26T17:26:33.878Z,
ACK,9939,2026-09-26T17:26:33.976Z,
ACK,9940,2026-09-26T17:26:34.081Z,
ACK,9941,2026-09-26T17:26:34.181Z,
ACK,9942,2026-09-26T17:26:34.286Z,
ACK,9943,2026-09-26T17:26:34.399Z,
ACK,9944,2026-09-26T17:26:34.484Z,
ACK,9945,2026-09-26T17:26:34.632Z,
ACK,9946,2026-09-26T17:26:34.687Z,
ACK,9947,2026-09-26T17:26:34.792Z,
ACK,9948,2026-09-26T17:26:34.890Z,
ACK,9949,2026-09-26T17:26:35.016Z,
ACK,9950,2026-09-26T17:26:35.099Z,
ACK,9951,2026-09-26T17:26:35.192Z,
ACK,9952,2026-09-26T17:26:35.296Z,
ACK,9953,2026-09-26T17:26:35.417Z,
ACK,9954,2026-09-26T17:26:35.495Z,
ACK,9955,2026-09-26T17:26:35.595Z,
ACK,9956,2026-09-26T17:26:35.691Z,
ACK,9957,2026-09-26T17:26:35.798Z,
ACK,9958,2026-09-26T17:26:35.990Z,
ACK,9959,2026-09-26T17:26:36.051Z,
ACK,9960,2026-09-26T17:26:36.146Z,
ACK,9961,2026-09-26T17:26:36.275Z,
ACK,9962,2026-09-26T17:26:36.375Z,
ACK,9963,2026-09-26T17:26:36.452Z,
ACK,9964,2026-09-26T17:26:36.560Z,
ACK,9965,2026-09-26T17:26:36.662Z,
ACK,9966,2026-09-26T17:26:36.755Z,
ACK,9967,2026-09-26T17:26:36.873Z,
ACK,9968,2026-09-26T17:26:36.955Z,
ACK,9969,2026-09-26T17:26:37.055Z,
ACK,9970,2026-09-26T17:26:37.158Z,
ACK,9971,2026-09-26T17:26:37.252Z,
ACK,9972,2026-09-26T17:26:37.380Z,
ACK,9973,2026-09-26T17:26:37.455Z,
ACK,9974,2026-09-26T17:26:37.560Z,
ACK,9975,2026-09-26T17:26:37.653Z,
ACK,9976,2026-09-26T17:26:37.760Z,
ACK,9977,2026-09-26T17:26:37.877Z,
ACK,9978,2026-09-26T17:26:37.962Z,
ACK,9979,2026-09-26T17:26:38.059Z,
ACK,9980,2026-09-26T17:26:38.248Z,
ACK,9981,2026-09-26T17:26:38.317Z,
ACK,9982,2026-09-26T17:26:38.454Z,
ACK,9983,2026-09-26T17:26:38.520Z,
ACK,9984,2026-09-26T17:26:38.678Z,
ACK,9985,2026-09-26T17:26:38.743Z,
ACK,9986,2026-09-26T17:26:38.943Z,
ACK,9987,2026-09-26T17:26:39.001Z,
ACK,9988,2026-09-26T17:26:39.099Z,
ACK,9989,2026-09-26T17:26:39.242Z,
ACK,9990,2026-09-26T17:26:39.305Z,
ACK,9991,2026-09-26T17:26:39.442Z,
ACK,9992,2026-09-26T17:26:39.505Z,
ACK,9993,2026-09-26T17:26:39.726Z,
ACK,9994,2026-09-26T17:26:39.783Z,
ACK,9995,2026-09-26T17:26:39.886Z,
ACK,9996,2026-09-26T17:26:39.989Z,
ACK,9997,2026-09-26T17:26:40.093Z,
ACK,9998,2026-09-26T17:26:40.186Z,
ACK,9999,2026-09-26T17:26:40.300Z,
ACK,10000,2026-09-26T17:26:40.598Z,
ACK,10001,2026-09-26T17:26:40.669Z,
ACK,10002,2026-09-26T17:26:40.759Z,
ACK,10003,2026-09-26T17:26:40.868Z,
ACK,10004,2026-09-26T17:26:40.959Z,
ACK,10005,2026-09-26T17:26:41.064Z,
ACK,10006,2026-09-26T17:26:41.165Z,
ACK,10007,2026-09-26T17:26:41.508Z,
ACK,10008,2026-09-26T17:26:41.571Z,
ACK,10009,2026-09-26T17:26:41.666Z,
ACK,10010,2026-09-26T17:26:41.769Z,
ACK,10011,2026-09-26T17:26:41.867Z,
ACK,10012,2026-09-26T17:26:41.970Z,
ACK,10013,2026-09-26T17:26:42.090Z,
ACK,10014,2026-09-26T17:26:42.176Z,
ACK,10015,2026-09-26T17:26:42.272Z,
ACK,10016,2026-09-26T17:26:42.373Z,
ACK,10017,2026-09-26T17:26:42.694Z,
ACK,10018,2026-09-26T17:26:42.757Z,
ACK,10019,2026-09-26T17:26:42.852Z,
ACK,10020,2026-09-26T17:26:43.214Z,
ACK,10021,2026-09-26T17:26:43.273Z,
ACK,10022,2026-09-26T17:26:43.380Z,
ACK,10023,2026-09-26T17:26:43.478Z,
ACK,10024,2026-09-26T17:26:43.575Z,
ACK,10025,2026-09-26T17:26:43.672Z,
ACK,10026,2026-09-26T17:26:43.777Z,
ACK,10027,2026-09-26T17:26:43.875Z,
ACK,10028,2026-09-26T17:26:43.980Z,
ACK,10029,2026-09-26T17:26:44.076Z,
ACK,10030,2026-09-26T17:26:44.202Z,
ACK,10031,2026-09-26T17:26:44.281Z,
ACK,10032,2026-09-26T17:26:44.375Z,
ACK,10033,2026-09-26T17:26:44.476Z,
ACK,10034,2026-09-26T17:26:44.581Z,
ACK,10035,2026-09-26T17:26:44.686Z,
ACK,10036,2026-09-26T17:26:44.782Z,
ACK,10037,2026-09-26T17:26:44.909Z,
ACK,10038,2026-09-26T17:26:44.990Z,
ACK,10039,2026-09-26T17:26:45.085Z,
ACK,10040,2026-09-26T17:26:45.193Z,
ACK,10041,2026-09-26T17:26:45.293Z,
ACK,10042,2026-09-26T17:26:45.388Z,
ACK,10043,2026-09-26T17:26:45.489Z,
ACK,10044,2026-09-26T17:26:45.584Z,
ACK,10045,2026-09-26T17:26:45.694Z,
ACK,10046,2026-09-26T17:26:45.795Z,
ACK,10047,2026-09-26T17:26:45.913Z,
ACK,10048,2026-09-26T17:26:45.981Z,
ACK,10049,2026-09-26T17:26:46.086Z,
ACK,10050,2026-09-26T17:26:46.199Z,
ACK,10051,2026-09-26T17:26:46.290Z,
ACK,10052,2026-09-26T17:26:46.391Z,
ACK,10053,2026-09-26T17:26:46.498Z,
ACK,10054,2026-09-26T17:26:46.596Z,
ACK,10055,2026-09-26T17:26:46.691Z,
ACK,10056,2026-09-26T17:26:46.793Z,
ACK,10057,2026-09-26T17:26:46.910Z,
ACK,10058,2026-09-26T17:26:47.004Z,
ACK,10059,2026-09-26T17:26:47.091Z,
ACK,10060,2026-09-26T17:26:47.193Z,
ACK,10061,2026-09-26T17:26:47.298Z,
ACK,10062,2026-09-26T17:26:47.411Z,
ACK,10063,2026-09-26T17:26:47.491Z,
ACK,10064,2026-09-26T17:26:47.605Z,
ACK,10065,2026-09-26T17:26:47.696Z,
ACK,10066,2026-09-26T17:26:47.798Z,
ACK,10067,2026-09-26T17:26:47.898Z,
ACK,10068,2026-09-26T17:26:47.996Z,
ACK,10069,2026-09-26T17:26:48.103Z,
ACK,10070,2026-09-26T17:26:48.202Z,
ACK,10071,2026-09-26T17:26:48.296Z,
ACK,10072,2026-09-26T17:26:48.400Z,
ACK,10073,2026-09-26T17:26:48.499Z,
ACK,10074,2026-09-26T17:26:48.629Z,
ACK,10075,2026-09-26T17:26:48.712Z,
ACK,10076,2026-09-26T17:26:48.821Z,
ACK,10077,2026-09-26T17:26:48.931Z,
ACK,10078,2026-09-26T17:26:49.001Z,
ACK,10079,2026-09-26T17:26:49.109Z,
ACK,10080,2026-09-26T17:26:49.206Z,
ACK,10081,2026-09-26T17:26:49.310Z,
ACK,10082,2026-09-26T17:26:49.406Z,
ACK,10083,2026-09-26T17:26:49.515Z,
ACK,10084,2026-09-26T17:26:49.611Z,
ACK,10085,2026-09-26T17:26:49.712Z,
ACK,10086,2026-09-26T17:26:49.806Z,
ACK,10087,2026-09-26T17:26:49.904Z,
ACK,10088,2026-09-26T17:26:50.007Z,
ACK,10089,2026-09-26T17:26:50.105Z,
ACK,10090,2026-09-26T17:26:50.207Z,
ACK,10091,2026-09-26T17:26:50.306Z,
ACK,10092,2026-09-26T17:26:50.417Z,
ACK,10093,2026-09-26T17:26:50.508Z,
ACK,10094,2026-09-26T17:26:50.608Z,
ACK,10095,2026-09-26T17:26:50.710Z,
ACK,10096,2026-09-26T17:26:50.810Z,
ACK,10097,2026-09-26T17:26:50.925Z,
ACK,10098,2026-09-26T17:26:51.015Z,
ACK,10099,2026-09-26T17:26:51.117Z,
ACK,10100,2026-09-26T17:26:51.231Z,
ACK,10101,2026-09-26T17:26:51.325Z,
ACK,10102,2026-09-26T17:26:51.408Z,
ACK,10103,2026-09-26T17:26:51.514Z,
ACK,10104,2026-09-26T17:26:51.618Z,
ACK,10105,2026-09-26T17:26:51.721Z,
ACK,10106,2026-09-26T17:26:51.817Z,
ACK,10107,2026-09-26T17:26:51.918Z,
ACK,10108,2026-09-26T17:26:52.016Z,
ACK,10109,2026-09-26T17:26:52.115Z,
ACK,10110,2026-09-26T17:26:52.219Z,
ACK,10111,2026-09-26T17:26:52.322Z,
ACK,10112,2026-09-26T17:26:52.433Z,
ACK,10113,2026-09-26T17:26:52.522Z,
ACK,10114,2026-09-26T17:26:52.622Z,
ACK,10115,2026-09-26T17:26:52.719Z,
ACK,10116,2026-09-26T17:26:52.826Z,
ACK,10117,2026-09-26T17:26:52.920Z,
ACK,10118,2026-09-26T17:26:53.019Z,
ACK,10119,2026-09-26T17:26:53.121Z,
ACK,10120,2026-09-26T17:26:53.217Z,
ACK,10121,2026-09-26T17:26:53.393Z,
ACK,10122,2026-09-26T17:26:53.455Z,
ACK,10123,2026-09-26T17:26:53.550Z,
ACK,10124,2026-09-26T17:26:53.655Z,
ACK,10125,2026-09-26T17:26:53.755Z,
ACK,10126,2026-09-26T17:26:53.865Z,
ACK,10127,2026-09-26T17:26:53.956Z,
ACK,10128,2026-09-26T17:26:54.064Z,
ACK,10129,2026-09-26T17:26:54.155Z,
ACK,10130,2026-09-26T17:26:54.268Z,
ACK,10131,2026-09-26T17:26:54.356Z,
ACK,10132,2026-09-26T17:26:54.480Z,
ACK,10133,2026-09-26T17:26:54.580Z,
ACK,10134,2026-09-26T17:26:54.655Z,
ACK,10135,2026-09-26T17:26:54.757Z,
ACK,10136,2026-09-26T17:26:54.860Z,
ACK,10137,2026-09-26T17:26:54.959Z,
ACK,10138,2026-09-26T17:26:55.065Z,
ACK,10139,2026-09-26T17:26:55.158Z,
ACK,10140,2026-09-26T17:26:55.259Z,
ACK,10141,2026-09-26T17:26:55.370Z,
ACK,10142,2026-09-26T17:26:55.474Z,
ACK,10143,2026-09-26T17:26:55.557Z,
ACK,10144,2026-09-26T17:26:55.668Z,
ACK,10145,2026-09-26T17:26:55.766Z,
ACK,10146,2026-09-26T17:26:55.877Z,
ACK,10147,2026-09-26T17:26:55.964Z,
ACK,10148,2026-09-26T17:26:56.064Z,
ACK,10149,2026-09-26T17:26:56.176Z,
ACK,10150,2026-09-26T17:26:56.270Z,
ACK,10151,2026-09-26T17:26:56.377Z,
ACK,10152,2026-09-26T17:26:56.474Z,
ACK,10153,2026-09-26T17:26:56.575Z,
ACK,10154,2026-09-26T17:26:56.669Z,
ACK,10155,2026-09-26T17:26:56.770Z,
ACK,10156,2026-09-26T17:26:56.886Z,
ACK,10157,2026-09-26T17:26:56.968Z,
ACK,10158,2026-09-26T17:26:57.065Z,
ACK,10159,2026-09-26T17:26:57.166Z,
ACK,10160,2026-09-26T17:26:57.298Z,
ACK,10161,2026-09-26T17:26:57.372Z,
ACK,10162,2026-09-26T17:26:57.488Z,
ACK,10163,2026-09-26T17:26:57.579Z,
ACK,10164,2026-09-26T17:26:57.671Z,
ACK,10165,2026-09-26T17:26:57.771Z,
ACK,10166,2026-09-26T17:26:57.876Z,
ACK,10167,2026-09-26T17:26:57.972Z,
ACK,10168,2026-09-26T17:26:58.079Z,
ACK,10169,2026-09-26T17:26:58.174Z,
ACK,10170,2026-09-26T17:26:58.278Z,
ACK,10171,2026-09-26T17:26:58.374Z,
ACK,10172,2026-09-26T17:26:58.477Z,
ACK,10173,2026-09-26T17:26:58.572Z,
ACK,10174,2026-09-26T17:26:58.686Z,
ACK,10175,2026-09-26T17:26:58.784Z,
ACK,10176,2026-09-26T17:26:58.891Z,
ACK,10177,2026-09-26T17:26:58.981Z,
ACK,10178,2026-09-26T17:26:59.082Z,
ACK,10179,2026-09-26T17:26:59.191Z,
ACK,10180,2026-09-26T17:26:59.302Z,
ACK,10181,2026-09-26T17:26:59.377Z,
ACK,10182,2026-09-26T17:26:59.481Z,
ACK,10183,2026-09-26T17:26:59.727Z,
ACK,10184,2026-09-26T17:26:59.787Z,
ACK,10185,2026-09-26T17:26:59.890Z,
ACK,10186,2026-09-26T17:26:59.992Z,
ACK,10187,2026-09-26T17:27:00.085Z,
ACK,10188,2026-09-26T17:27:00.190Z,
ACK,10189,2026-09-26T17:27:00.290Z,
ACK,10190,2026-09-26T17:27:00.395Z,
ACK,10191,2026-09-26T17:27:00.497Z,
ACK,10192,2026-09-26T17:27:00.591Z,
ACK,10193,2026-09-26T17:27:00.746Z,
ACK,10194,2026-09-26T17:27:00.806Z,
ACK,10195,2026-09-26T17:27:00.910Z,
ACK,10196,2026-09-26T17:27:01.011Z,
ACK,10197,2026-09-26T17:27:01.106Z,
ACK,10198,2026-09-26T17:27:01.208Z,
ACK,10199,2026-09-26T17:27:01.312Z,
ACK,10200,2026-09-26T17:27:01.658Z,
ACK,10201,2026-09-26T17:27:01.725Z,
ACK,10202,2026-09-26T17:27:01.820Z,
ACK,10203,2026-09-26T17:27:01.916Z,
ACK,10204,2026-09-26T17:27:02.023Z,
ACK,10205,2026-09-26T17:27:02.119Z,
ACK,10206,2026-09-26T17:27:02.219Z,
ACK,10207,2026-09-26T17:27:02.328Z,
ACK,10208,2026-09-26T17:27:02.446Z,
ACK,10209,2026-09-26T17:27:02.521Z,
ACK,10210,2026-09-26T17:27:02.620Z,
ACK,10211,2026-09-26T17:27:02.763Z,
ACK,10212,2026-09-26T17:27:02.916Z,
ACK,10213,2026-09-26T17:27:03.001Z,
ACK,10214,2026-09-26T17:27:03.078Z,
ACK,10215,2026-09-26T17:27:03.225Z,
ACK,10216,2026-09-26T17:27:03.287Z,
ACK,10217,2026-09-26T17:27:03.385Z,
ACK,10218,2026-09-26T17:27:03.487Z,
ACK,10219,2026-09-26T17:27:03.586Z,
ACK,10220,2026-09-26T17:27:03.692Z,
ACK,10221,2026-09-26T17:27:03.785Z,
ACK,10222,2026-09-26T17:27:03.888Z,
ACK,10223,2026-09-26T17:27:03.986Z,
ACK,10224,2026-09-26T17:27:04.085Z,
ACK,10225,2026-09-26T17:27:04.191Z,
ACK,10226,2026-09-26T17:27:04.286Z,
ACK,10227,2026-09-26T17:27:04.425Z,
ACK,10228,2026-09-26T17:27:04.495Z,
ACK,10229,2026-09-26T17:27:04.598Z,
ACK,10230,2026-09-26T17:27:04.706Z,
ACK,10231,2026-09-26T17:27:04.794Z,
ACK,10232,2026-09-26T17:27:04.895Z,
ACK,10233,2026-09-26T17:27:04.995Z,
ACK,10234,2026-09-26T17:27:05.091Z,
ACK,10235,2026-09-26T17:27:05.193Z,
ACK,10236,2026-09-26T17:27:05.304Z,
ACK,10237,2026-09-26T17:27:05.395Z,
ACK,10238,2026-09-26T17:27:05.494Z,
ACK,10239,2026-09-26T17:27:05.594Z,
ACK,10240,2026-09-26T17:27:05.698Z,
ACK,10241,2026-09-26T17:27:05.791Z,
ACK,10242,2026-09-26T17:27:05.911Z,
ACK,10243,2026-09-26T17:27:05.991Z,
ACK,10244,2026-09-26T17:27:06.097Z,
ACK,10245,2026-09-26T17:27:06.220Z,
ACK,10246,2026-09-26T17:27:06.314Z,
ACK,10247,2026-09-26T17:27:06.610Z,
ACK,10248,2026-09-26T17:27:06.687Z,
ACK,10249,2026-09-26T17:27:06.774Z,
ACK,10250,2026-09-26T17:27:06.878Z,
ACK,10251,2026-09-26T17:27:06.980Z,
ACK,10252,2026-09-26T17:27:07.080Z,
ACK,10253,2026-09-26T17:27:07.180Z,
ACK,10254,2026-09-26T17:27:07.269Z,
ACK,10255,2026-09-26T17:27:07.372Z,
ACK,10256,2026-09-26T17:27:07.476Z,
ACK,10257,2026-09-26T17:27:07.576Z,
ACK,10258,2026-09-26T17:27:07.672Z,
ACK,10259,2026-09-26T17:27:07.775Z,
ACK,10260,2026-09-26T17:27:07.872Z,
ACK,10261,2026-09-26T17:27:07.971Z,
ACK,10262,2026-09-26T17:27:08.120Z,
ACK,10263,2026-09-26T17:27:08.215Z,
ACK,10264,2026-09-26T17:27:08.280Z,
ACK,10265,2026-09-26T17:27:08.390Z,
ACK,10266,2026-09-26T17:27:08.481Z,
ACK,10267,2026-09-26T17:27:08.601Z,
ACK,10268,2026-09-26T17:27:08.689Z,
ACK,10269,2026-09-26T17:27:08.778Z,
ACK,10270,2026-09-26T17:27:08.885Z,
ACK,10271,2026-09-26T17:27:08.990Z,
ACK,10272,2026-09-26T17:27:09.085Z,
ACK,10273,2026-09-26T17:27:09.213Z,
ACK,10274,2026-09-26T17:27:09.281Z,
ACK,10275,2026-09-26T17:27:09.385Z,
ACK,10276,2026-09-26T17:27:09.484Z,
ACK,10277,2026-09-26T17:27:09.592Z,
ACK,10278,2026-09-26T17:27:09.687Z,
ACK,10279,2026-09-26T17:27:09.794Z,
ACK,10280,2026-09-26T17:27:09.889Z,
ACK,10281,2026-09-26T17:27:09.988Z,
ACK,10282,2026-09-26T17:27:10.088Z,
ACK,10283,2026-09-26T17:27:10.190Z,
ACK,10284,2026-09-26T17:27:10.298Z,
ACK,10285,2026-09-26T17:27:10.389Z,
ACK,10286,2026-09-26T17:27:10.486Z,
ACK,10287,2026-09-26T17:27:10.588Z,
ACK,10288,2026-09-26T17:27:10.693Z,
ACK,10289,2026-09-26T17:27:10.786Z,
ACK,10290,2026-09-26T17:27:10.915Z,
ACK,10291,2026-09-26T17:27:11.016Z,
ACK,10292,2026-09-26T17:27:11.099Z,
ACK,10293,2026-09-26T17:27:11.191Z,
ACK,10294,2026-09-26T17:27:11.293Z,
ACK,10295,2026-09-26T17:27:11.439Z,
ACK,10296,2026-09-26T17:27:11.512Z,
ACK,10297,2026-09-26T17:27:11.597Z,
ACK,10298,2026-09-26T17:27:11.699Z,
ACK,10299,2026-09-26T17:27:12.106Z,
ACK,10300,2026-09-26T17:27:12.166Z,
ACK,10301,2026-09-26T17:27:12.320Z,
ACK,10302,2026-09-26T17:27:12.386Z,
ACK,10303,2026-09-26T17:27:12.481Z,
ACK,10304,2026-09-26T17:27:12.594Z,
ACK,10305,2026-09-26T17:27:12.687Z,
ACK,10306,2026-09-26T17:27:12.778Z,
ACK,10307,2026-09-26T17:27:12.881Z,
ACK,10308,2026-09-26T17:27:12.983Z,
ACK,10309,2026-09-26T17:27:13.079Z,
ACK,10310,2026-09-26T17:27:13.181Z,
ACK,10311,2026-09-26T17:27:13.279Z,
ACK,10312,2026-09-26T17:27:13.397Z,
ACK,10313,2026-09-26T17:27:13.522Z,
ACK,10314,2026-09-26T17:27:13.586Z,
ACK,10315,2026-09-26T17:27:13.686Z,
ACK,10316,2026-09-26T17:27:13.790Z,
ACK,10317,2026-09-26T17:27:13.886Z,
ACK,10318,2026-09-26T17:27:13.991Z,
ACK,10319,2026-09-26T17:27:14.088Z,
ACK,10320,2026-09-26T17:27:14.202Z,
ACK,10321,2026-09-26T17:27:14.322Z,
ACK,10322,2026-09-26T17:27:14.392Z,
ACK,10323,2026-09-26T17:27:14.726Z,
ACK,10324,2026-09-26T17:27:14.788Z,
ACK,10325,2026-09-26T17:27:14.883Z,
ACK,10326,2026-09-26T17:27:15.114Z,
ACK,10327,2026-09-26T17:27:15.171Z,
ACK,10328,2026-09-26T17:27:15.274Z,
ACK,10329,2026-09-26T17:27:15.383Z,
ACK,10330,2026-09-26T17:27:15.485Z,
ACK,10331,2026-09-26T17:27:15.585Z,
ACK,10332,2026-09-26T17:27:15.679Z,
ACK,10333,2026-09-26T17:27:15.774Z,
ACK,10334,2026-09-26T17:27:15.894Z,
ACK,10335,2026-09-26T17:27:15.974Z,
ACK,10336,2026-09-26T17:27:16.075Z,
ACK,10337,2026-09-26T17:27:16.176Z,
ACK,10338,2026-09-26T17:27:16.377Z,
ACK,10339,2026-09-26T17:27:16.463Z,
ACK,10340,2026-09-26T17:27:16.545Z,
ACK,10341,2026-09-26T17:27:16.634Z,
ACK,10342,2026-09-26T17:27:16.750Z,
ACK,10343,2026-09-26T17:27:16.839Z,
ACK,10344,2026-09-26T17:27:16.936Z,
ACK,10345,2026-09-26T17:27:17.041Z,
ACK,10346,2026-09-26T17:27:17.140Z,
ACK,10347,2026-09-26T17:27:17.273Z,
ACK,10348,2026-09-26T17:27:17.344Z,
ACK,10349,2026-09-26T17:27:17.438Z,
ACK,10350,2026-09-26T17:27:17.536Z,
ACK,10351,2026-09-26T17:27:17.719Z,
ACK,10352,2026-09-26T17:27:17.889Z,
ACK,10353,2026-09-26T17:27:17.950Z,
ACK,10354,2026-09-26T17:27:18.051Z,
ACK,10355,2026-09-26T17:27:18.152Z,
ACK,10356,2026-09-26T17:27:18.251Z,
ACK,10357,2026-09-26T17:27:18.347Z,
ACK,10358,2026-09-26T17:27:18.459Z,
ACK,10359,2026-09-26T17:27:18.569Z,
ACK,10360,2026-09-26T17:27:18.651Z,
ACK,10361,2026-09-26T17:27:18.754Z,
ACK,10362,2026-09-26T17:27:18.849Z,
ACK,10363,2026-09-26T17:27:18.971Z,
ACK,10364,2026-09-26T17:27:19.057Z,
ACK,10365,2026-09-26T17:27:19.156Z,
ACK,10366,2026-09-26T17:27:19.258Z,
ACK,10367,2026-09-26T17:27:19.356Z,
ACK,10368,2026-09-26T17:27:19.455Z,
ACK,10369,2026-09-26T17:27:19.558Z,
ACK,10370,2026-09-26T17:27:19.658Z,
ACK,10371,2026-09-26T17:27:19.760Z,
ACK,10372,2026-09-26T17:27:19.861Z,
ACK,10373,2026-09-26T17:27:19.960Z,
ACK,10374,2026-09-26T17:27:20.062Z,
ACK,10375,2026-09-26T17:27:20.168Z,
ACK,10376,2026-09-26T17:27:20.261Z,
ACK,10377,2026-09-26T17:27:20.393Z,
ACK,10378,2026-09-26T17:27:20.463Z,
ACK,10379,2026-09-26T17:27:20.561Z,
ACK,10380,2026-09-26T17:27:20.691Z,
ACK,10381,2026-09-26T17:27:20.761Z,
ACK,10382,2026-09-26T17:27:20.862Z,
ACK,10383,2026-09-26T17:27:20.962Z,
ACK,10384,2026-09-26T17:27:21.080Z,
ACK,10385,2026-09-26T17:27:21.172Z,
ACK,10386,2026-09-26T17:27:21.276Z,
ACK,10387,2026-09-26T17:27:21.362Z,
ACK,10388,2026-09-26T17:27:21.474Z,
ACK,10389,2026-09-26T17:27:21.582Z,
ACK,10390,2026-09-26T17:27:21.663Z,
ACK,10391,2026-09-26T17:27:21.764Z,
ACK,10392,2026-09-26T17:27:21.888Z,
ACK,10393,2026-09-26T17:27:21.961Z,
ACK,10394,2026-09-26T17:27:22.079Z,
ACK,10395,2026-09-26T17:27:22.193Z,
ACK,10396,2026-09-26T17:27:22.270Z,
ACK,10397,2026-09-26T17:27:22.399Z,
ACK,10398,2026-09-26T17:27:22.479Z,
ACK,10399,2026-09-26T17:27:22.565Z,
ACK,10400,2026-09-26T17:27:22.675Z,
ACK,10401,2026-09-26T17:27:22.772Z,
ACK,10402,2026-09-26T17:27:22.871Z,
ACK,10403,2026-09-26T17:27:22.982Z,
ACK,10404,2026-09-26T17:27:23.069Z,
ACK,10405,2026-09-26T17:27:23.183Z,
ACK,10406,2026-09-26T17:27:23.275Z,
ACK,10407,2026-09-26T17:27:23.375Z,
ACK,10408,2026-09-26T17:27:23.475Z,
ACK,10409,2026-09-26T17:27:23.581Z,
ACK,10410,2026-09-26T17:27:23.670Z,
ACK,10411,2026-09-26T17:27:23.777Z,
ACK,10412,2026-09-26T17:27:23.874Z,
ACK,10413,2026-09-26T17:27:23.986Z,
ACK,10414,2026-09-26T17:27:24.081Z,
ACK,10415,2026-09-26T17:27:24.180Z,
ACK,10416,2026-09-26T17:27:24.411Z,
ACK,10417,2026-09-26T17:27:24.467Z,
ACK,10418,2026-09-26T17:27:24.572Z,
ACK,10419,2026-09-26T17:27:24.670Z,
ACK,10420,2026-09-26T17:27:24.777Z,
ACK,10421,2026-09-26T17:27:24.880Z,
ACK,10422,2026-09-26T17:27:24.980Z,
ACK,10423,2026-09-26T17:27:25.073Z,
ACK,10424,2026-09-26T17:27:25.176Z,
ACK,10425,2026-09-26T17:27:25.312Z,
ACK,10426,2026-09-26T17:27:25.371Z,
ACK,10427,2026-09-26T17:27:25.471Z,
ACK,10428,2026-09-26T17:27:25.701Z,
ACK,10429,2026-09-26T17:27:25.766Z,
ACK,10430,2026-09-26T17:27:25.865Z,
ACK,10431,2026-09-26T17:27:25.959Z,
ACK,10432,2026-09-26T17:27:26.065Z,
ACK,10433,2026-09-26T17:27:26.163Z,
ACK,10434,2026-09-26T17:27:26.282Z,
ACK,10435,2026-09-26T17:27:26.359Z,
ACK,10436,2026-09-26T17:27:26.469Z,
ACK,10437,2026-09-26T17:27:26.569Z,
ACK,10438,2026-09-26T17:27:26.668Z,
ACK,10439,2026-09-26T17:27:26.761Z,
ACK,10440,2026-09-26T17:27:26.900Z,
ACK,10441,2026-09-26T17:27:26.966Z,
ACK,10442,2026-09-26T17:27:27.071Z,
ACK,10443,2026-09-26T17:27:27.160Z,
ACK,10444,2026-09-26T17:27:27.276Z,
ACK,10445,2026-09-26T17:27:27.372Z,
ACK,10446,2026-09-26T17:27:27.494Z,
ACK,10447,2026-09-26T17:27:27.575Z,
ACK,10448,2026-09-26T17:27:27.678Z,
ACK,10449,2026-09-26T17:27:27.775Z,
ACK,10450,2026-09-26T17:27:27.884Z,
ACK,10451,2026-09-26T17:27:27.998Z,
ACK,10452,2026-09-26T17:27:28.071Z,
ACK,10453,2026-09-26T17:27:28.215Z,
ACK,10454,2026-09-26T17:27:28.282Z,
ACK,10455,2026-09-26T17:27:28.387Z,
ACK,10456,2026-09-26T17:27:28.474Z,
ACK,10457,2026-09-26T17:27:28.621Z,
ACK,10458,2026-09-26T17:27:28.681Z,
ACK,10459,2026-09-26T17:27:28.782Z,
ACK,10460,2026-09-26T17:27:28.888Z,
ACK,10461,2026-09-26T17:27:28.999Z,
ACK,10462,2026-09-26T17:27:29.085Z,
ACK,10463,2026-09-26T17:27:29.223Z,
ACK,10464,2026-09-26T17:27:29.293Z,
ACK,10465,2026-09-26T17:27:29.390Z,
ACK,10466,2026-09-26T17:27:29.485Z,
ACK,10467,2026-09-26T17:27:29.587Z,
ACK,10468,2026-09-26T17:27:29.683Z,
ACK,10469,2026-09-26T17:27:29.784Z,
ACK,10470,2026-09-26T17:27:29.888Z,
ACK,10471,2026-09-26T17:27:29.997Z,
ACK,10472,2026-09-26T17:27:30.095Z,
ACK,10473,2026-09-26T17:27:30.200Z,
ACK,10474,2026-09-26T17:27:30.295Z,
ACK,10475,2026-09-26T17:27:30.399Z,
ACK,10476,2026-09-26T17:27:30.512Z,
ACK,10477,2026-09-26T17:27:30.638Z,
ACK,10478,2026-09-26T17:27:30.695Z,
ACK,10479,2026-09-26T17:27:30.808Z,
ACK,10480,2026-09-26T17:27:30.918Z,
ACK,10481,2026-09-26T17:27:31.003Z,
ACK,10482,2026-09-26T17:27:31.101Z,
ACK,10483,2026-09-26T17:27:31.199Z,
ACK,10484,2026-09-26T17:27:31.307Z,
ACK,10485,2026-09-26T17:27:31.401Z,
ACK,10486,2026-09-26T17:27:31.503Z,
ACK,10487,2026-09-26T17:27:31.599Z,
ACK,10488,2026-09-26T17:27:31.705Z,
ACK,10489,2026-09-26T17:27:31.799Z,
ACK,10490,2026-09-26T17:27:31.906Z,
ACK,10491,2026-09-26T17:27:32.001Z,
ACK,10492,2026-09-26T17:27:32.106Z,
ACK,10493,2026-09-26T17:27:32.202Z,
ACK,10494,2026-09-26T17:27:32.306Z,
ACK,10495,2026-09-26T17:27:32.649Z,
ACK,10496,2026-09-26T17:27:32.725Z,
ACK,10497,2026-09-26T17:27:32.808Z,
ACK,10498,2026-09-26T17:27:32.915Z,
ACK,10499,2026-09-26T17:27:33.009Z,
ACK,10500,2026-09-26T17:27:33.159Z,
ACK,10501,2026-09-26T17:27:33.217Z,
ACK,10502,2026-09-26T17:27:33.323Z,
ACK,10503,2026-09-26T17:27:33.427Z,
ACK,10504,2026-09-26T17:27:33.516Z,
ACK,10505,2026-09-26T17:27:33.716Z,
ACK,10506,2026-09-26T17:27:33.776Z,
ACK,10507,2026-09-26T17:27:33.875Z,
ACK,10508,2026-09-26T17:27:34.034Z,
ACK,10509,2026-09-26T17:27:34.125Z,
ACK,10510,2026-09-26T17:27:34.202Z,
ACK,10511,2026-09-26T17:27:34.296Z,
ACK,10512,2026-09-26T17:27:34.402Z,
ACK,10513,2026-09-26T17:27:34.497Z,
ACK,10514,2026-09-26T17:27:34.626Z,
ACK,10515,2026-09-26T17:27:34.698Z,
ACK,10516,2026-09-26T17:27:34.799Z,
ACK,10517,2026-09-26T17:27:34.901Z,
ACK,10518,2026-09-26T17:27:35.090Z,
ACK,10519,2026-09-26T17:27:35.151Z,
ACK,10520,2026-09-26T17:27:35.278Z,
ACK,10521,2026-09-26T17:27:35.348Z,
ACK,10522,2026-09-26T17:27:35.459Z,
ACK,10523,2026-09-26T17:27:35.556Z,
ACK,10524,2026-09-26T17:27:35.655Z,
ACK,10525,2026-09-26T17:27:35.752Z,
ACK,10526,2026-09-26T17:27:35.852Z,
ACK,10527,2026-09-26T17:27:35.971Z,
ACK,10528,2026-09-26T17:27:36.056Z,
ACK,10529,2026-09-26T17:27:36.182Z,
ACK,10530,2026-09-26T17:27:36.264Z,
ACK,10531,2026-09-26T17:27:36.368Z,
ACK,10532,2026-09-26T17:27:36.661Z,
ACK,10533,2026-09-26T17:27:36.871Z,
ACK,10534,2026-09-26T17:27:36.929Z,
ACK,10535,2026-09-26T17:27:37.026Z,
ACK,10536,2026-09-26T17:27:37.152Z,
ACK,10537,2026-09-26T17:27:37.227Z,
ACK,10538,2026-09-26T17:27:37.337Z,
ACK,10539,2026-09-26T17:27:37.441Z,
ACK,10540,2026-09-26T17:27:37.543Z,
ACK,10541,2026-09-26T17:27:37.635Z,
ACK,10542,2026-09-26T17:27:37.778Z,
ACK,10543,2026-09-26T17:27:37.840Z,
ACK,10544,2026-09-26T17:27:37.936Z,
ACK,10545,2026-09-26T17:27:38.048Z,
ACK,10546,2026-09-26T17:27:38.143Z,
ACK,10547,2026-09-26T17:27:38.241Z,
ACK,10548,2026-09-26T17:27:38.346Z,
ACK,10549,2026-09-26T17:27:38.440Z,
ACK,10550,2026-09-26T17:27:38.542Z,
ACK,10551,2026-09-26T17:27:38.641Z,
ACK,10552,2026-09-26T17:27:38.742Z,
ACK,10553,2026-09-26T17:27:38.848Z,
ACK,10554,2026-09-26T17:27:38.954Z,
ACK,10555,2026-09-26T17:27:39.072Z,
ACK,10556,2026-09-26T17:27:39.146Z,
ACK,10557,2026-09-26T17:27:39.273Z,
ACK,10558,2026-09-26T17:27:39.347Z,
ACK,10559,2026-09-26T17:27:39.442Z,
ACK,10560,2026-09-26T17:27:39.551Z,
ACK,10561,2026-09-26T17:27:39.644Z,
ACK,10562,2026-09-26T17:27:39.768Z,
ACK,10563,2026-09-26T17:27:39.849Z,
ACK,10564,2026-09-26T17:27:39.947Z,
ACK,10565,2026-09-26T17:27:40.052Z,
ACK,10566,2026-09-26T17:27:40.145Z,
ACK,10567,2026-09-26T17:27:40.353Z,
ACK,10568,2026-09-26T17:27:40.414Z,
ACK,10569,2026-09-26T17:27:40.516Z,
ACK,10570,2026-09-26T17:27:40.609Z,
ACK,10571,2026-09-26T17:27:40.725Z,
ACK,10572,2026-09-26T17:27:40.824Z,
ACK,10573,2026-09-26T17:27:41.000Z,
ACK,10574,2026-09-26T17:27:41.189Z,
ACK,10575,2026-09-26T17:27:41.249Z,
ACK,10576,2026-09-26T17:27:41.345Z,
ACK,10577,2026-09-26T17:27:41.725Z,
ACK,10578,2026-09-26T17:27:42.027Z,
ACK,10579,2026-09-26T17:27:42.165Z,
ACK,10580,2026-09-26T17:27:42.223Z,
ACK,10581,2026-09-26T17:27:42.332Z,
ACK,10582,2026-09-26T17:27:42.437Z,
ACK,10583,2026-09-26T17:27:42.526Z,
ACK,10584,2026-09-26T17:27:42.626Z,
ACK,10585,2026-09-26T17:27:42.734Z,
ACK,10586,2026-09-26T17:27:42.827Z,
ACK,10587,2026-09-26T17:27:42.969Z,
ACK,10588,2026-09-26T17:27:43.029Z,
ACK,10589,2026-09-26T17:27:43.125Z,
ACK,10590,2026-09-26T17:27:43.245Z,
ACK,10591,2026-09-26T17:27:43.342Z,
ACK,10592,2026-09-26T17:27:43.429Z,
ACK,10593,2026-09-26T17:27:43.564Z,
ACK,10594,2026-09-26T17:27:43.632Z,
ACK,10595,2026-09-26T17:27:43.749Z,
ACK,10596,2026-09-26T17:27:43.825Z,
ACK,10597,2026-09-26T17:27:43.952Z,
ACK,10598,2026-09-26T17:27:44.046Z,
ACK,10599,2026-09-26T17:27:44.305Z,
ACK,10600,2026-09-26T17:27:44.376Z,
ACK,10601,2026-09-26T17:27:44.488Z,
ACK,10602,2026-09-26T17:27:44.601Z,
ACK,10603,2026-09-26T17:27:44.738Z,
ACK,10604,2026-09-26T17:27:44.807Z,
ACK,10605,2026-09-26T17:27:44.974Z,
ACK,10606,2026-09-26T17:27:45.043Z,
ACK,10607,2026-09-26T17:27:45.167Z,
ACK,10608,2026-09-26T17:27:45.286Z,
ACK,10609,2026-09-26T17:27:45.356Z,
ACK,10610,2026-09-26T17:27:45.446Z,
ACK,10611,2026-09-26T17:27:45.586Z,
ACK,10612,2026-09-26T17:27:45.666Z,
ACK,10613,2026-09-26T17:27:45.743Z,
ACK,10614,2026-09-26T17:27:45.850Z,
ACK,10615,2026-09-26T17:27:45.952Z,
ACK,10616,2026-09-26T17:27:46.047Z,
ACK,10617,2026-09-26T17:27:46.153Z,
ACK,10618,2026-09-26T17:27:46.246Z,
ACK,10619,2026-09-26T17:27:46.348Z,
ACK,10620,2026-09-26T17:27:46.466Z,
ACK,10621,2026-09-26T17:27:46.554Z,
ACK,10622,2026-09-26T17:27:46.650Z,
ACK,10623,2026-09-26T17:27:46.757Z,
ACK,10624,2026-09-26T17:27:46.878Z,
ACK,10625,2026-09-26T17:27:46.979Z,
ACK,10626,2026-09-26T17:27:47.206Z,
ACK,10627,2026-09-26T17:27:47.265Z,
ACK,10628,2026-09-26T17:27:47.365Z,
ACK,10629,2026-09-26T17:27:47.502Z,
ACK,10630,2026-09-26T17:27:47.574Z,
ACK,10631,2026-09-26T17:27:47.685Z,
ACK,10632,2026-09-26T17:27:47.774Z,
ACK,10633,2026-09-26T17:27:47.873Z,
ACK,10634,2026-09-26T17:27:47.969Z,
ACK,10635,2026-09-26T17:27:48.070Z,
ACK,10636,2026-09-26T17:27:48.173Z,
ACK,10637,2026-09-26T17:27:48.274Z,
ACK,10638,2026-09-26T17:27:48.375Z,
ACK,10639,2026-09-26T17:27:48.477Z,
ACK,10640,2026-09-26T17:27:48.573Z,
ACK,10641,2026-09-26T17:27:48.905Z,
ACK,10642,2026-09-26T17:27:48.968Z,
ACK,10643,2026-09-26T17:27:49.073Z,
ACK,10644,2026-09-26T17:27:49.176Z,
ACK,10645,2026-09-26T17:27:49.274Z,
ACK,10646,2026-09-26T17:27:49.381Z,
ACK,10647,2026-09-26T17:27:49.473Z,
ACK,10648,2026-09-26T17:27:49.570Z,
ACK,10649,2026-09-26T17:27:49.672Z,
ACK,10650,2026-09-26T17:27:49.768Z,
ACK,10651,2026-09-26T17:27:50.121Z,
ACK,10652,2026-09-26T17:27:50.188Z,
ACK,10653,2026-09-26T17:27:50.299Z,
ACK,10654,2026-09-26T17:27:50.387Z,
ACK,10655,2026-09-26T17:27:50.486Z,
ACK,10656,2026-09-26T17:27:50.599Z,
ACK,10657,2026-09-26T17:27:50.717Z,
ACK,10658,2026-09-26T17:27:50.781Z,
ACK,10659,2026-09-26T17:27:50.907Z,
ACK,10660,2026-09-26T17:27:50.997Z,
ACK,10661,2026-09-26T17:27:51.091Z,
ACK,10662,2026-09-26T17:27:51.190Z,
ACK,10663,2026-09-26T17:27:51.346Z,
ACK,10664,2026-09-26T17:27:51.408Z,
ACK,10665,2026-09-26T17:27:51.509Z,
ACK,10666,2026-09-26T17:27:51.610Z,
ACK,10667,2026-09-26T17:27:51.713Z,
ACK,10668,2026-09-26T17:27:51.811Z,
ACK,10669,2026-09-26T17:27:51.915Z,
ACK,10670,2026-09-26T17:27:52.012Z,
ACK,10671,2026-09-26T17:27:52.111Z,
ACK,10672,2026-09-26T17:27:52.214Z,
ACK,10673,2026-09-26T17:27:52.555Z,
ACK,10674,2026-09-26T17:27:52.624Z,
ACK,10675,2026-09-26T17:27:52.726Z,
ACK,10676,2026-09-26T17:27:52.881Z,
ACK,10677,2026-09-26T17:27:52.943Z,
ACK,10678,2026-09-26T17:27:53.044Z,
ACK,10679,2026-09-26T17:27:53.144Z,
ACK,10680,2026-09-26T17:27:53.244Z,
ACK,10681,2026-09-26T17:27:53.349Z,
ACK,10682,2026-09-26T17:27:53.445Z,
ACK,10683,2026-09-26T17:27:53.546Z,
ACK,10684,2026-09-26T17:27:53.646Z,
ACK,10685,2026-09-26T17:27:53.761Z,
ACK,10686,2026-09-26T17:27:53.849Z,
ACK,10687,2026-09-26T17:27:53.947Z,
ACK,10688,2026-09-26T17:27:54.066Z,
ACK,10689,2026-09-26T17:27:54.149Z,
ACK,10690,2026-09-26T17:27:54.249Z,
ACK,10691,2026-09-26T17:27:54.356Z,
ACK,10692,2026-09-26T17:27:54.455Z,
ACK,10693,2026-09-26T17:27:54.553Z,
ACK,10694,2026-09-26T17:27:54.650Z,
ACK,10695,2026-09-26T17:27:54.750Z,
ACK,10696,2026-09-26T17:27:54.849Z,
ACK,10697,2026-09-26T17:27:54.963Z,
ACK,10698,2026-09-26T17:27:55.064Z,
ACK,10699,2026-09-26T17:27:55.158Z,
ACK,10700,2026-09-26T17:27:55.252Z,
ACK,10701,2026-09-26T17:27:55.359Z,
ACK,10702,2026-09-26T17:27:55.458Z,
ACK,10703,2026-09-26T17:27:55.555Z,
ACK,10704,2026-09-26T17:27:55.654Z,
ACK,10705,2026-09-26T17:27:55.758Z,
ACK,10706,2026-09-26T17:27:55.862Z,
ACK,10707,2026-09-26T17:27:55.961Z,
ACK,10708,2026-09-26T17:27:56.071Z,
ACK,10709,2026-09-26T17:27:56.162Z,
ACK,10710,2026-09-26T17:27:56.270Z,
ACK,10711,2026-09-26T17:27:56.421Z,
ACK,10712,2026-09-26T17:27:56.715Z,
ACK,10713,2026-09-26T17:27:56.775Z,
ACK,10714,2026-09-26T17:27:56.886Z,
ACK,10715,2026-09-26T17:27:56.979Z,
ACK,10716,2026-09-26T17:27:57.083Z,
ACK,10717,2026-09-26T17:27:57.179Z,
ACK,10718,2026-09-26T17:27:57.315Z,
ACK,10719,2026-09-26T17:27:57.385Z,
ACK,10720,2026-09-26T17:27:57.482Z,
ACK,10721,2026-09-26T17:27:57.590Z,
ACK,10722,2026-09-26T17:27:57.678Z,
ACK,10723,2026-09-26T17:27:57.785Z,
ACK,10724,2026-09-26T17:27:57.884Z,
ACK,10725,2026-09-26T17:27:57.981Z,
ACK,10726,2026-09-26T17:27:58.116Z,
ACK,10727,2026-09-26T17:27:58.188Z,
ACK,10728,2026-09-26T17:27:58.309Z,
ACK,10729,2026-09-26T17:27:58.389Z,
ACK,10730,2026-09-26T17:27:58.494Z,
ACK,10731,2026-09-26T17:27:58.717Z,
ACK,10732,2026-09-26T17:27:58.776Z,
ACK,10733,2026-09-26T17:27:58.881Z,
ACK,10734,2026-09-26T17:27:58.976Z,
ACK,10735,2026-09-26T17:27:59.119Z,
ACK,10736,2026-09-26T17:27:59.183Z,
ACK,10737,2026-09-26T17:27:59.286Z,
ACK,10738,2026-09-26T17:27:59.384Z,
ACK,10739,2026-09-26T17:27:59.488Z,
ACK,10740,2026-09-26T17:27:59.584Z,
ACK,10741,2026-09-26T17:27:59.684Z,
ACK,10742,2026-09-26T17:27:59.783Z,
ACK,10743,2026-09-26T17:27:59.893Z,
ACK,10744,2026-09-26T17:27:59.997Z,
ACK,10745,2026-09-26T17:28:00.084Z,
ACK,10746,2026-09-26T17:28:00.199Z,
ACK,10747,2026-09-26T17:28:00.285Z,
ACK,10748,2026-09-26T17:28:00.385Z,
ACK,10749,2026-09-26T17:28:00.484Z,
ACK,10750,2026-09-26T17:28:00.583Z,
ACK,10751,2026-09-26T17:28:00.697Z,
ACK,10752,2026-09-26T17:28:00.836Z,
ACK,10753,2026-09-26T17:28:00.901Z,
ACK,10754,2026-09-26T17:28:00.999Z,
ACK,10755,2026-09-26T17:28:01.100Z,
ACK,10756,2026-09-26T17:28:01.226Z,
ACK,10757,2026-09-26T17:28:01.305Z,
ACK,10758,2026-09-26T17:28:01.400Z,
ACK,10759,2026-09-26T17:28:01.510Z,
ACK,10760,2026-09-26T17:28:01.643Z,
ACK,10761,2026-09-26T17:28:01.709Z,
ACK,10762,2026-09-26T17:28:01.804Z,
ACK,10763,2026-09-26T17:28:01.914Z,
ACK,10764,2026-09-26T17:28:02.008Z,
ACK,10765,2026-09-26T17:28:02.107Z,
ACK,10766,2026-09-26T17:28:02.205Z,
ACK,10767,2026-09-26T17:28:02.318Z,
ACK,10768,2026-09-26T17:28:02.412Z,
ACK,10769,2026-09-26T17:28:02.508Z,
ACK,10770,2026-09-26T17:28:02.608Z,
ACK,10771,2026-09-26T17:28:02.714Z,
ACK,10772,2026-09-26T17:28:03.048Z,
ACK,10773,2026-09-26T17:28:03.207Z,
ACK,10774,2026-09-26T17:28:03.273Z,
ACK,10775,2026-09-26T17:28:03.367Z,
ACK,10776,2026-09-26T17:28:03.472Z,
ACK,10777,2026-09-26T17:28:03.575Z,
ACK,10778,2026-09-26T17:28:03.670Z,
ACK,10779,2026-09-26T17:28:03.768Z,
ACK,10780,2026-09-26T17:28:03.869Z,
ACK,10781,2026-09-26T17:28:03.975Z,
ACK,10782,2026-09-26T17:28:04.072Z,
ACK,10783,2026-09-26T17:28:04.173Z,
ACK,10784,2026-09-26T17:28:04.279Z,
ACK,10785,2026-09-26T17:28:04.628Z,
ACK,10786,2026-09-26T17:28:04.698Z,
ACK,10787,2026-09-26T17:28:04.793Z,
ACK,10788,2026-09-26T17:28:05.143Z,
ACK,10789,2026-09-26T17:28:05.208Z,
ACK,10790,2026-09-26T17:28:05.307Z,
ACK,10791,2026-09-26T17:28:05.643Z,
ACK,10792,2026-09-26T17:28:05.795Z,
ACK,10793,2026-09-26T17:28:05.872Z,
ACK,10794,2026-09-26T17:28:05.957Z,
ACK,10795,2026-09-26T17:28:06.069Z,
ACK,10796,2026-09-26T17:28:06.170Z,
ACK,10797,2026-09-26T17:28:06.280Z,
ACK,10798,2026-09-26T17:28:06.360Z,
ACK,10799,2026-09-26T17:28:06.468Z,
ACK,10800,2026-09-26T17:28:06.562Z,
ACK,10801,2026-09-26T17:28:06.658Z,
ACK,10802,2026-09-26T17:28:06.759Z,
ACK,10803,2026-09-26T17:28:06.863Z,
ACK,10804,2026-09-26T17:28:06.964Z,
ACK,10805,2026-09-26T17:28:07.063Z,
ACK,10806,2026-09-26T17:28:07.162Z,
ACK,10807,2026-09-26T17:28:07.264Z,
ACK,10808,2026-09-26T17:28:07.374Z,
ACK,10809,2026-09-26T17:28:07.494Z,
ACK,10810,2026-09-26T17:28:07.564Z,
ACK,10811,2026-09-26T17:28:07.674Z,
ACK,10812,2026-09-26T17:28:07.770Z,
ACK,10813,2026-09-26T17:28:07.865Z,
ACK,10814,2026-09-26T17:28:07.964Z,
ACK,10815,2026-09-26T17:28:08.080Z,
ACK,10816,2026-09-26T17:28:08.168Z,
ACK,10817,2026-09-26T17:28:08.268Z,
ACK,10818,2026-09-26T17:28:08.369Z,
ACK,10819,2026-09-26T17:28:08.474Z,
ACK,10820,2026-09-26T17:28:08.568Z,
ACK,10821,2026-09-26T17:28:08.678Z,
ACK,10822,2026-09-26T17:28:08.770Z,
ACK,10823,2026-09-26T17:28:08.884Z,
ACK,10824,2026-09-26T17:28:08.968Z,
ACK,10825,2026-09-26T17:28:09.070Z,
ACK,10826,2026-09-26T17:28:09.234Z,
ACK,10827,2026-09-26T17:28:09.300Z,
ACK,10828,2026-09-26T17:28:09.397Z,
ACK,10829,2026-09-26T17:28:09.497Z,
ACK,10830,2026-09-26T17:28:09.597Z,
ACK,10831,2026-09-26T17:28:09.699Z,
ACK,10832,2026-09-26T17:28:09.799Z,
ACK,10833,2026-09-26T17:28:09.900Z,
ACK,10834,2026-09-26T17:28:09.998Z,
ACK,10835,2026-09-26T17:28:10.098Z,
ACK,10836,2026-09-26T17:28:10.205Z,
ACK,10837,2026-09-26T17:28:10.298Z,
ACK,10838,2026-09-26T17:28:10.404Z,
ACK,10839,2026-09-26T17:28:10.505Z,
ACK,10840,2026-09-26T17:28:10.603Z,
ACK,10841,2026-09-26T17:28:10.721Z,
ACK,10842,2026-09-26T17:28:10.801Z,
ACK,10843,2026-09-26T17:28:10.908Z,
ACK,10844,2026-09-26T17:28:11.001Z,
ACK,10845,2026-09-26T17:28:11.108Z,
ACK,10846,2026-09-26T17:28:11.205Z,
ACK,10847,2026-09-26T17:28:11.302Z,
ACK,10848,2026-09-26T17:28:11.442Z,
ACK,10849,2026-09-26T17:28:11.517Z,
ACK,10850,2026-09-26T17:28:11.600Z,
ACK,10851,2026-09-26T17:28:11.706Z,
ACK,10852,2026-09-26T17:28:11.806Z,
ACK,10853,2026-09-26T17:28:11.908Z,
ACK,10854,2026-09-26T17:28:12.013Z,
ACK,10855,2026-09-26T17:28:12.108Z,
ACK,10856,2026-09-26T17:28:12.215Z,
ACK,10857,2026-09-26T17:28:12.308Z,
ACK,10858,2026-09-26T17:28:12.405Z,
ACK,10859,2026-09-26T17:28:12.514Z,
ACK,10860,2026-09-26T17:28:12.613Z,
ACK,10861,2026-09-26T17:28:12.715Z,
ACK,10862,2026-09-26T17:28:12.813Z,
ACK,10863,2026-09-26T17:28:12.910Z,
ACK,10864,2026-09-26T17:28:13.007Z,
ACK,10865,2026-09-26T17:28:13.111Z,
ACK,10866,2026-09-26T17:28:13.215Z,
ACK,10867,2026-09-26T17:28:13.311Z,
ACK,10868,2026-09-26T17:28:13.414Z,
ACK,10869,2026-09-26T17:28:13.514Z,
ACK,10870,2026-09-26T17:28:13.612Z,
ACK,10871,2026-09-26T17:28:13.709Z,
ACK,10872,2026-09-26T17:28:13.815Z,
ACK,10873,2026-09-26T17:28:13.933Z,
ACK,10874,2026-09-26T17:28:14.016Z,
ACK,10875,2026-09-26T17:28:14.112Z,
ACK,10876,2026-09-26T17:28:14.226Z,
ACK,10877,2026-09-26T17:28:14.314Z,
ACK,10878,2026-09-26T17:28:14.425Z,
ACK,10879,2026-09-26T17:28:14.526Z,
ACK,10880,2026-09-26T17:28:14.620Z,
ACK,10881,2026-09-26T17:28:14.718Z,
ACK,10882,2026-09-26T17:28:14.818Z,
ACK,10883,2026-09-26T17:28:14.919Z,
ACK,10884,2026-09-26T17:28:15.017Z,
ACK,10885,2026-09-26T17:28:15.123Z,
ACK,10886,2026-09-26T17:28:15.220Z,
ACK,10887,2026-09-26T17:28:15.317Z,
ACK,10888,2026-09-26T17:28:15.423Z,
ACK,10889,2026-09-26T17:28:15.519Z,
ACK,10890,2026-09-26T17:28:15.628Z,
ACK,10891,2026-09-26T17:28:15.725Z,
ACK,10892,2026-09-26T17:28:15.859Z,
ACK,10893,2026-09-26T17:28:15.952Z,
ACK,10894,2026-09-26T17:28:16.023Z,
ACK,10895,2026-09-26T17:28:16.126Z,
ACK,10896,2026-09-26T17:28:16.229Z,
ACK,10897,2026-09-26T17:28:16.358Z,
ACK,10898,2026-09-26T17:28:16.423Z,
ACK,10899,2026-09-26T17:28:16.522Z,
ACK,10900,2026-09-26T17:28:16.625Z,
ACK,10901,2026-09-26T17:28:16.727Z,
ACK,10902,2026-09-26T17:28:16.826Z,
ACK,10903,2026-09-26T17:28:16.929Z,
ACK,10904,2026-09-26T17:28:17.030Z,
ACK,10905,2026-09-26T17:28:17.130Z,
ACK,10906,2026-09-26T17:28:17.233Z,
ACK,10907,2026-09-26T17:28:17.329Z,
ACK,10908,2026-09-26T17:28:17.428Z,
ACK,10909,2026-09-26T17:28:17.532Z,
ACK,10910,2026-09-26T17:28:17.630Z,
ACK,10911,2026-09-26T17:28:17.741Z,
ACK,10912,2026-09-26T17:28:17.836Z,
ACK,10913,2026-09-26T17:28:17.935Z,
ACK,10914,2026-09-26T17:28:18.030Z,
ACK,10915,2026-09-26T17:28:18.133Z,
ACK,10916,2026-09-26T17:28:18.247Z,
ACK,10917,2026-09-26T17:28:18.339Z,
ACK,10918,2026-09-26T17:28:18.435Z,
ACK,10919,2026-09-26T17:28:18.535Z,
ACK,10920,2026-09-26T17:28:18.636Z,
ACK,10921,2026-09-26T17:28:18.734Z,
ACK,10922,2026-09-26T17:28:18.946Z,
ACK,10923,2026-09-26T17:28:19.010Z,
ACK,10924,2026-09-26T17:28:19.110Z,
ACK,10925,2026-09-26T17:28:19.225Z,
ACK,10926,2026-09-26T17:28:19.318Z,
ACK,10927,2026-09-26T17:28:19.414Z,
ACK,10928,2026-09-26T17:28:19.511Z,
ACK,10929,2026-09-26T17:28:19.621Z,
ACK,10930,2026-09-26T17:28:19.713Z,
ACK,10931,2026-09-26T17:28:19.830Z,
ACK,10932,2026-09-26T17:28:19.915Z,
ACK,10933,2026-09-26T17:28:20.011Z,
ACK,10934,2026-09-26T17:28:20.118Z,
ACK,10935,2026-09-26T17:28:20.220Z,
ACK,10936,2026-09-26T17:28:20.315Z,
ACK,10937,2026-09-26T17:28:20.555Z,
ACK,10938,2026-09-26T17:28:20.623Z,
ACK,10939,2026-09-26T17:28:20.724Z,
ACK,10940,2026-09-26T17:28:20.820Z,
ACK,10941,2026-09-26T17:28:20.924Z,
ACK,10942,2026-09-26T17:28:21.025Z,
ACK,10943,2026-09-26T17:28:21.147Z,
ACK,10944,2026-09-26T17:28:21.237Z,
ACK,10945,2026-09-26T17:28:21.325Z,
ACK,10946,2026-09-26T17:28:21.628Z,
ACK,10947,2026-09-26T17:28:21.701Z,
ACK,10948,2026-09-26T17:28:21.803Z,
ACK,10949,2026-09-26T17:28:21.895Z,
ACK,10950,2026-09-26T17:28:21.991Z,
ACK,10951,2026-09-26T17:28:22.092Z,
ACK,10952,2026-09-26T17:28:22.193Z,
ACK,10953,2026-09-26T17:28:22.297Z,
ACK,10954,2026-09-26T17:28:22.405Z,
ACK,10955,2026-09-26T17:28:22.499Z,
ACK,10956,2026-09-26T17:28:22.599Z,
ACK,10957,2026-09-26T17:28:22.693Z,
ACK,10958,2026-09-26T17:28:22.800Z,
ACK,10959,2026-09-26T17:28:22.895Z,
ACK,10960,2026-09-26T17:28:22.996Z,
ACK,10961,2026-09-26T17:28:23.102Z,
ACK,10962,2026-09-26T17:28:23.218Z,
ACK,10963,2026-09-26T17:28:23.294Z,
ACK,10964,2026-09-26T17:28:23.398Z,
ACK,10965,2026-09-26T17:28:23.496Z,
ACK,10966,2026-09-26T17:28:23.595Z,
ACK,10967,2026-09-26T17:28:23.703Z,
ACK,10968,2026-09-26T17:28:23.799Z,
ACK,10969,2026-09-26T17:28:23.938Z,
ACK,10970,2026-09-26T17:28:24.021Z,
ACK,10971,2026-09-26T17:28:24.113Z,
ACK,10972,2026-09-26T17:28:24.215Z,
ACK,10973,2026-09-26T17:28:24.299Z,
ACK,10974,2026-09-26T17:28:24.405Z,
ACK,10975,2026-09-26T17:28:24.506Z,
ACK,10976,2026-09-26T17:28:24.615Z,
ACK,10977,2026-09-26T17:28:24.702Z,
ACK,10978,2026-09-26T17:28:24.938Z,
ACK,10979,2026-09-26T17:28:25.008Z,
ACK,10980,2026-09-26T17:28:25.103Z,
ACK,10981,2026-09-26T17:28:25.206Z,
ACK,10982,2026-09-26T17:28:25.322Z,
ACK,10983,2026-09-26T17:28:25.403Z,
ACK,10984,2026-09-26T17:28:25.500Z,
ACK,10985,2026-09-26T17:28:25.620Z,
ACK,10986,2026-09-26T17:28:25.703Z,
ACK,10987,2026-09-26T17:28:25.824Z,
ACK,10988,2026-09-26T17:28:25.964Z,
ACK,10989,2026-09-26T17:28:26.037Z,
ACK,10990,2026-09-26T17:28:26.143Z,
ACK,10991,2026-09-26T17:28:26.249Z,
ACK,10992,2026-09-26T17:28:26.337Z,
ACK,10993,2026-09-26T17:28:26.427Z,
ACK,10994,2026-09-26T17:28:26.552Z,
ACK,10995,2026-09-26T17:28:26.629Z,
ACK,10996,2026-09-26T17:28:26.758Z,
ACK,10997,2026-09-26T17:28:26.846Z,
ACK,10998,2026-09-26T17:28:26.933Z,
ACK,10999,2026-09-26T17:28:27.072Z,
ACK,11000,2026-09-26T17:28:27.238Z,
ACK,11001,2026-09-26T17:28:27.346Z,
ACK,11002,2026-09-26T17:28:27.415Z,
ACK,11003,2026-09-26T17:28:27.518Z,
ACK,11004,2026-09-26T17:28:27.614Z,
ACK,11005,2026-09-26T17:28:27.712Z,
ACK,11006,2026-09-26T17:28:27.838Z,
ACK,11007,2026-09-26T17:28:27.909Z,
ACK,11008,2026-09-26T17:28:28.013Z,
ACK,11009,2026-09-26T17:28:28.117Z,
ACK,11010,2026-09-26T17:28:28.214Z,
ACK,11011,2026-09-26T17:28:28.317Z,
ACK,11012,2026-09-26T17:28:28.414Z,
ACK,11013,2026-09-26T17:28:28.520Z,
ACK,11014,2026-09-26T17:28:28.630Z,
ACK,11015,2026-09-26T17:28:28.716Z,
ACK,11016,2026-09-26T17:28:28.833Z,
ACK,11017,2026-09-26T17:28:28.921Z,
ACK,11018,2026-09-26T17:28:29.025Z,
ACK,11019,2026-09-26T17:28:29.118Z,
ACK,11020,2026-09-26T17:28:29.244Z,
ACK,11021,2026-09-26T17:28:29.352Z,
ACK,11022,2026-09-26T17:28:29.460Z,
ACK,11023,2026-09-26T17:28:29.530Z,
ACK,11024,2026-09-26T17:28:29.628Z,
ACK,11025,2026-09-26T17:28:29.755Z,
ACK,11026,2026-09-26T17:28:29.850Z,
ACK,11027,2026-09-26T17:28:29.928Z,
ACK,11028,2026-09-26T17:28:30.027Z,
ACK,11029,2026-09-26T17:28:30.128Z,
ACK,11030,2026-09-26T17:28:30.222Z,
ACK,11031,2026-09-26T17:28:30.338Z,
ACK,11032,2026-09-26T17:28:30.427Z,
ACK,11033,2026-09-26T17:28:30.533Z,
ACK,11034,2026-09-26T17:28:30.658Z,
ACK,11035,2026-09-26T17:28:30.730Z,
ACK,11036,2026-09-26T17:28:30.833Z,
ACK,11037,2026-09-26T17:28:30.949Z,
ACK,11038,2026-09-26T17:28:31.033Z,
ACK,11039,2026-09-26T17:28:31.133Z,
ACK,11040,2026-09-26T17:28:31.250Z,
ACK,11041,2026-09-26T17:28:31.337Z,
ACK,11042,2026-09-26T17:28:31.440Z,
ACK,11043,2026-09-26T17:28:31.533Z,
ACK,11044,2026-09-26T17:28:31.643Z,
ACK,11045,2026-09-26T17:28:31.759Z,
ACK,11046,2026-09-26T17:28:31.849Z,
ACK,11047,2026-09-26T17:28:31.932Z,
ACK,11048,2026-09-26T17:28:32.059Z,
ACK,11049,2026-09-26T17:28:32.144Z,
ACK,11050,2026-09-26T17:28:32.233Z,
ACK,11051,2026-09-26T17:28:32.335Z,
ACK,11052,2026-09-26T17:28:32.433Z,
ACK,11053,2026-09-26T17:28:32.551Z,
ACK,11054,2026-09-26T17:28:32.642Z,
ACK,11055,2026-09-26T17:28:32.732Z,
ACK,11056,2026-09-26T17:28:32.834Z,
ACK,11057,2026-09-26T17:28:33.055Z,
ACK,11058,2026-09-26T17:28:33.143Z,
ACK,11059,2026-09-26T17:28:33.223Z,
ACK,11060,2026-09-26T17:28:33.343Z,
ACK,11061,2026-09-26T17:28:33.463Z,
ACK,11062,2026-09-26T17:28:33.537Z,
ACK,11063,2026-09-26T17:28:33.626Z,
ACK,11064,2026-09-26T17:28:33.729Z,
ACK,11065,2026-09-26T17:28:33.834Z,
ACK,11066,2026-09-26T17:28:34.013Z,
ACK,11067,2026-09-26T17:28:34.077Z,
ACK,11068,2026-09-26T17:28:34.187Z,
ACK,11069,2026-09-26T17:28:34.272Z,
ACK,11070,2026-09-26T17:28:34.395Z,
ACK,11071,2026-09-26T17:28:34.480Z,
ACK,11072,2026-09-26T17:28:34.578Z,
ACK,11073,2026-09-26T17:28:34.678Z,
ACK,11074,2026-09-26T17:28:34.802Z,
ACK,11075,2026-09-26T17:28:34.902Z,
ACK,11076,2026-09-26T17:28:34.984Z,
ACK,11077,2026-09-26T17:28:35.075Z,
ACK,11078,2026-09-26T17:28:35.207Z,
ACK,11079,2026-09-26T17:28:35.296Z,
ACK,11080,2026-09-26T17:28:35.385Z,
ACK,11081,2026-09-26T17:28:35.477Z,
ACK,11082,2026-09-26T17:28:35.583Z,
ACK,11083,2026-09-26T17:28:35.684Z,
ACK,11084,2026-09-26T17:28:35.779Z,
ACK,11085,2026-09-26T17:28:35.884Z,
ACK,11086,2026-09-26T17:28:35.989Z,
ACK,11087,2026-09-26T17:28:36.085Z,
ACK,11088,2026-09-26T17:28:36.181Z,
ACK,11089,2026-09-26T17:28:36.281Z,
ACK,11090,2026-09-26T17:28:36.390Z,
ACK,11091,2026-09-26T17:28:36.485Z,
ACK,11092,2026-09-26T17:28:36.583Z,
ACK,11093,2026-09-26T17:28:36.693Z,
ACK,11094,2026-09-26T17:28:36.786Z,
ACK,11095,2026-09-26T17:28:36.892Z,
ACK,11096,2026-09-26T17:28:36.984Z,
ACK,11097,2026-09-26T17:28:37.093Z,
ACK,11098,2026-09-26T17:28:37.203Z,
ACK,11099,2026-09-26T17:28:37.287Z,
ACK,11100,2026-09-26T17:28:37.398Z,
ACK,11101,2026-09-26T17:28:37.511Z,
ACK,11102,2026-09-26T17:28:37.593Z,
ACK,11103,2026-09-26T17:28:37.704Z,
ACK,11104,2026-09-26T17:28:37.791Z,
ACK,11105,2026-09-26T17:28:37.894Z,
ACK,11106,2026-09-26T17:28:37.987Z,
ACK,11107,2026-09-26T17:28:38.094Z,
ACK,11108,2026-09-26T17:28:38.187Z,
ACK,11109,2026-09-26T17:28:38.293Z,
ACK,11110,2026-09-26T17:28:38.392Z,
ACK,11111,2026-09-26T17:28:38.489Z,
ACK,11112,2026-09-26T17:28:38.666Z,
ACK,11113,2026-09-26T17:28:38.734Z,
ACK,11114,2026-09-26T17:28:38.825Z,
ACK,11115,2026-09-26T17:28:38.952Z,
ACK,11116,2026-09-26T17:28:39.053Z,
ACK,11117,2026-09-26T17:28:39.130Z,
ACK,11118,2026-09-26T17:28:39.230Z,
ACK,11119,2026-09-26T17:28:39.331Z,
ACK,11120,2026-09-26T17:28:39.435Z,
ACK,11121,2026-09-26T17:28:39.567Z,
ACK,11122,2026-09-26T17:28:39.638Z,
ACK,11123,2026-09-26T17:28:39.746Z,
ACK,11124,2026-09-26T17:28:39.839Z,
ACK,11125,2026-09-26T17:28:39.935Z,
ACK,11126,2026-09-26T17:28:40.029Z,
ACK,11127,2026-09-26T17:28:40.170Z,
ACK,11128,2026-09-26T17:28:40.258Z,
ACK,11129,2026-09-26T17:28:40.335Z,
ACK,11130,2026-09-26T17:28:40.466Z,
ACK,11131,2026-09-26T17:28:40.543Z,
ACK,11132,2026-09-26T17:28:40.634Z,
ACK,11133,2026-09-26T17:28:40.737Z,
ACK,11134,2026-09-26T17:28:40.843Z,
ACK,11135,2026-09-26T17:28:40.948Z,
ACK,11136,2026-09-26T17:28:41.050Z,
ACK,11137,2026-09-26T17:28:41.194Z,
ACK,11138,2026-09-26T17:28:41.393Z,
ACK,11139,2026-09-26T17:28:41.457Z,
ACK,11140,2026-09-26T17:28:41.726Z,
ACK,11141,2026-09-26T17:28:41.788Z,
ACK,11142,2026-09-26T17:28:41.887Z,
ACK,11143,2026-09-26T17:28:41.988Z,
ACK,11144,2026-09-26T17:28:42.091Z,
ACK,11145,2026-09-26T17:28:42.193Z,
ACK,11146,2026-09-26T17:28:42.293Z,
ACK,11147,2026-09-26T17:28:42.395Z,
ACK,11148,2026-09-26T17:28:42.555Z,
ACK,11149,2026-09-26T17:28:42.631Z,
ACK,11150,2026-09-26T17:28:42.735Z,
ACK,11151,2026-09-26T17:28:42.828Z,
ACK,11152,2026-09-26T17:28:42.919Z,
ACK,11153,2026-09-26T17:28:43.018Z,
ACK,11154,2026-09-26T17:28:43.122Z,
ACK,11155,2026-09-26T17:28:43.225Z,
ACK,11156,2026-09-26T17:28:43.318Z,
ACK,11157,2026-09-26T17:28:43.419Z,
ACK,11158,2026-09-26T17:28:43.523Z,
ACK,11159,2026-09-26T17:28:43.725Z,
ACK,11160,2026-09-26T17:28:43.787Z,
ACK,11161,2026-09-26T17:28:43.891Z,
ACK,11162,2026-09-26T17:28:43.987Z,
ACK,11163,2026-09-26T17:28:44.095Z,
ACK,11164,2026-09-26T17:28:44.195Z,
ACK,11165,2026-09-26T17:28:44.290Z,
ACK,11166,2026-09-26T17:28:44.388Z,
ACK,11167,2026-09-26T17:28:44.489Z,
ACK,11168,2026-09-26T17:28:44.642Z,
ACK,11169,2026-09-26T17:28:44.710Z,
ACK,11170,2026-09-26T17:28:44.803Z,
ACK,11171,2026-09-26T17:28:44.910Z,
ACK,11172,2026-09-26T17:28:45.035Z,
ACK,11173,2026-09-26T17:28:45.107Z,
ACK,11174,2026-09-26T17:28:45.213Z,
ACK,11175,2026-09-26T17:28:45.307Z,
ACK,11176,2026-09-26T17:28:45.409Z,
ACK,11177,2026-09-26T17:28:45.513Z,
ACK,11178,2026-09-26T17:28:45.607Z,
ACK,11179,2026-09-26T17:28:45.724Z,
ACK,11180,2026-09-26T17:28:45.813Z,
ACK,11181,2026-09-26T17:28:45.913Z,
ACK,11182,2026-09-26T17:28:46.034Z,
ACK,11183,2026-09-26T17:28:46.110Z,
ACK,11184,2026-09-26T17:28:46.216Z,
ACK,11185,2026-09-26T17:28:46.312Z,
ACK,11186,2026-09-26T17:28:46.418Z,
ACK,11187,2026-09-26T17:28:46.547Z,
ACK,11188,2026-09-26T17:28:46.630Z,
ACK,11189,2026-09-26T17:28:46.710Z,
ACK,11190,2026-09-26T17:28:46.813Z,
ACK,11191,2026-09-26T17:28:46.914Z,
ACK,11192,2026-09-26T17:28:47.016Z,
ACK,11193,2026-09-26T17:28:47.124Z,
ACK,11194,2026-09-26T17:28:47.219Z,
ACK,11195,2026-09-26T17:28:47.313Z,
ACK,11196,2026-09-26T17:28:47.414Z,
ACK,11197,2026-09-26T17:28:47.518Z,
ACK,11198,2026-09-26T17:28:47.658Z,
ACK,11199,2026-09-26T17:28:47.748Z,
ACK,11200,2026-09-26T17:28:47.899Z,
ACK,11201,2026-09-26T17:28:47.959Z,
ACK,11202,2026-09-26T17:28:48.064Z,
ACK,11203,2026-09-26T17:28:48.163Z,
ACK,11204,2026-09-26T17:28:48.266Z,
ACK,11205,2026-09-26T17:28:48.367Z,
ACK,11206,2026-09-26T17:28:48.468Z,
ACK,11207,2026-09-26T17:28:48.567Z,
ACK,11208,2026-09-26T17:28:48.725Z,
ACK,11209,2026-09-26T17:28:48.793Z,
ACK,11210,2026-09-26T17:28:48.893Z,
ACK,11211,2026-09-26T17:28:48.991Z,
ACK,11212,2026-09-26T17:28:49.094Z,
ACK,11213,2026-09-26T17:28:49.214Z,
ACK,11214,2026-09-26T17:28:49.290Z,
ACK,11215,2026-09-26T17:28:49.405Z,
ACK,11216,2026-09-26T17:28:49.491Z,
ACK,11217,2026-09-26T17:28:49.601Z,
ACK,11218,2026-09-26T17:28:49.732Z,
ACK,11219,2026-09-26T17:28:49.805Z,
ACK,11220,2026-09-26T17:28:49.917Z,
ACK,11221,2026-09-26T17:28:50.034Z,
ACK,11222,2026-09-26T17:28:50.104Z,
ACK,11223,2026-09-26T17:28:50.240Z,
ACK,11224,2026-09-26T17:28:50.309Z,
ACK,11225,2026-09-26T17:28:50.545Z,
ACK,11226,2026-09-26T17:28:50.657Z,
ACK,11227,2026-09-26T17:28:50.723Z,
ACK,11228,2026-09-26T17:28:50.886Z,
ACK,11229,2026-09-26T17:28:50.955Z,
ACK,11230,2026-09-26T17:28:51.093Z,
ACK,11231,2026-09-26T17:28:51.180Z,
ACK,11232,2026-09-26T17:28:51.338Z,
ACK,11233,2026-09-26T17:28:51.403Z,
ACK,11234,2026-09-26T17:28:51.526Z,
ACK,11235,2026-09-26T17:28:51.641Z,
ACK,11236,2026-09-26T17:28:51.710Z,
ACK,11237,2026-09-26T17:28:51.808Z,
ACK,11238,2026-09-26T17:28:51.947Z,
ACK,11239,2026-09-26T17:28:52.016Z,
ACK,11240,2026-09-26T17:28:52.152Z,
ACK,11241,2026-09-26T17:28:52.250Z,
ACK,11242,2026-09-26T17:28:52.319Z,
ACK,11243,2026-09-26T17:28:52.450Z,
ACK,11244,2026-09-26T17:28:52.565Z,
ACK,11245,2026-09-26T17:28:52.659Z,
ACK,11246,2026-09-26T17:28:52.730Z,
ACK,11247,2026-09-26T17:28:52.871Z,
ACK,11248,2026-09-26T17:28:52.937Z,
ACK,11249,2026-09-26T17:28:53.074Z,
ACK,11250,2026-09-26T17:28:53.172Z,
ACK,11251,2026-09-26T17:28:53.240Z,
ACK,11252,2026-09-26T17:28:53.371Z,
ACK,11253,2026-09-26T17:28:53.485Z,
ACK,11254,2026-09-26T17:28:53.553Z,
ACK,11255,2026-09-26T17:28:53.678Z,
ACK,11256,2026-09-26T17:28:53.751Z,
ACK,11257,2026-09-26T17:28:53.849Z,
ACK,11258,2026-09-26T17:28:53.948Z,
ACK,11259,2026-09-26T17:28:54.053Z,
ACK,11260,2026-09-26T17:28:54.151Z,
ACK,11261,2026-09-26T17:28:54.254Z,
ACK,11262,2026-09-26T17:28:54.347Z,
ACK,11263,2026-09-26T17:28:54.452Z,
ACK,11264,2026-09-26T17:28:54.547Z,
ACK,11265,2026-09-26T17:28:54.652Z,
ACK,11266,2026-09-26T17:28:54.753Z,
ACK,11267,2026-09-26T17:28:54.849Z,
ACK,11268,2026-09-26T17:28:54.948Z,
ACK,11269,2026-09-26T17:28:55.049Z,
ACK,11270,2026-09-26T17:28:55.154Z,
ACK,11271,2026-09-26T17:28:55.254Z,
ACK,11272,2026-09-26T17:28:55.366Z,
ACK,11273,2026-09-26T17:28:55.706Z,
ACK,11274,2026-09-26T17:28:55.779Z,
ACK,11275,2026-09-26T17:28:55.879Z,
ACK,11276,2026-09-26T17:28:55.965Z,
ACK,11277,2026-09-26T17:28:56.077Z,
ACK,11278,2026-09-26T17:28:56.167Z,
ACK,11279,2026-09-26T17:28:56.271Z,
ACK,11280,2026-09-26T17:28:56.374Z,
ACK,11281,2026-09-26T17:28:56.475Z,
ACK,11282,2026-09-26T17:28:56.584Z,
ACK,11283,2026-09-26T17:28:56.673Z,
ACK,11284,2026-09-26T17:28:56.783Z,
ACK,11285,2026-09-26T17:28:56.907Z,
ACK,11286,2026-09-26T17:28:56.973Z,
ACK,11287,2026-09-26T17:28:57.071Z,
ACK,11288,2026-09-26T17:28:57.175Z,
ACK,11289,2026-09-26T17:28:57.610Z,
ACK,11290,2026-09-26T17:28:57.672Z,
ACK,11291,2026-09-26T17:28:57.772Z,
ACK,11292,2026-09-26T17:28:57.884Z,
ACK,11293,2026-09-26T17:28:58.000Z,
ACK,11294,2026-09-26T17:28:58.086Z,
ACK,11295,2026-09-26T17:28:58.176Z,
ACK,11296,2026-09-26T17:28:58.297Z,
ACK,11297,2026-09-26T17:28:58.402Z,
ACK,11298,2026-09-26T17:28:58.478Z,
ACK,11299,2026-09-26T17:28:58.572Z,
ACK,11300,2026-09-26T17:28:58.672Z,
ACK,11301,2026-09-26T17:28:58.773Z,
ACK,11302,2026-09-26T17:28:58.878Z,
ACK,11303,2026-09-26T17:28:58.979Z,
ACK,11304,2026-09-26T17:28:59.075Z,
ACK,11305,2026-09-26T17:28:59.179Z,
ACK,11306,2026-09-26T17:28:59.278Z,
ACK,11307,2026-09-26T17:28:59.389Z,
ACK,11308,2026-09-26T17:28:59.487Z,
ACK,11309,2026-09-26T17:28:59.583Z,
ACK,11310,2026-09-26T17:28:59.684Z,
ACK,11311,2026-09-26T17:28:59.781Z,
ACK,11312,2026-09-26T17:28:59.881Z,
ACK,11313,2026-09-26T17:28:59.981Z,
ACK,11314,2026-09-26T17:29:00.082Z,
ACK,11315,2026-09-26T17:29:00.181Z,
ACK,11316,2026-09-26T17:29:00.279Z,
ACK,11317,2026-09-26T17:29:00.382Z,
ACK,11318,2026-09-26T17:29:00.491Z,
ACK,11319,2026-09-26T17:29:00.593Z,
ACK,11320,2026-09-26T17:29:00.689Z,
ACK,11321,2026-09-26T17:29:00.791Z,
ACK,11322,2026-09-26T17:29:00.882Z,
ACK,11323,2026-09-26T17:29:01.002Z,
ACK,11324,2026-09-26T17:29:01.087Z,
ACK,11325,2026-09-26T17:29:01.185Z,
ACK,11326,2026-09-26T17:29:01.295Z,
ACK,11327,2026-09-26T17:29:01.384Z,
ACK,11328,2026-09-26T17:29:01.505Z,
ACK,11329,2026-09-26T17:29:01.586Z,
ACK,11330,2026-09-26T17:29:01.688Z,
ACK,11331,2026-09-26T17:29:01.784Z,
ACK,11332,2026-09-26T17:29:02.208Z,
ACK,11333,2026-09-26T17:29:02.289Z,
ACK,11334,2026-09-26T17:29:02.380Z,
ACK,11335,2026-09-26T17:29:02.472Z,
ACK,11336,2026-09-26T17:29:02.570Z,
ACK,11337,2026-09-26T17:29:02.684Z,
ACK,11338,2026-09-26T17:29:02.772Z,
ACK,11339,2026-09-26T17:29:02.874Z,
ACK,11340,2026-09-26T17:29:02.983Z,
ACK,11341,2026-09-26T17:29:03.075Z,
ACK,11342,2026-09-26T17:29:03.191Z,
ACK,11343,2026-09-26T17:29:03.276Z,
ACK,11344,2026-09-26T17:29:03.410Z,
ACK,11345,2026-09-26T17:29:03.476Z,
ACK,11346,2026-09-26T17:29:03.580Z,
ACK,11347,2026-09-26T17:29:03.669Z,
ACK,11348,2026-09-26T17:29:03.784Z,
ACK,11349,2026-09-26T17:29:03.881Z,
ACK,11350,2026-09-26T17:29:04.038Z,
ACK,11351,2026-09-26T17:29:04.105Z,
ACK,11352,2026-09-26T17:29:04.205Z,
ACK,11353,2026-09-26T17:29:04.303Z,
ACK,11354,2026-09-26T17:29:04.406Z,
ACK,11355,2026-09-26T17:29:04.503Z,
ACK,11356,2026-09-26T17:29:04.658Z,
ACK,11357,2026-09-26T17:29:04.729Z,
ACK,11358,2026-09-26T17:29:04.816Z,
ACK,11359,2026-09-26T17:29:04.928Z,
ACK,11360,2026-09-26T17:29:05.019Z,
ACK,11361,2026-09-26T17:29:05.121Z,
ACK,11362,2026-09-26T17:29:05.217Z,
ACK,11363,2026-09-26T17:29:05.328Z,
ACK,11364,2026-09-26T17:29:05.425Z,
ACK,11365,2026-09-26T17:29:05.546Z,
ACK,11366,2026-09-26T17:29:05.630Z,
ACK,11367,2026-09-26T17:29:05.755Z,
ACK,11368,2026-09-26T17:29:05.824Z,
ACK,11369,2026-09-26T17:29:05.932Z,
ACK,11370,2026-09-26T17:29:06.026Z,
ACK,11371,2026-09-26T17:29:06.190Z,
ACK,11372,2026-09-26T17:29:06.264Z,
ACK,11373,2026-09-26T17:29:06.365Z,
ACK,11374,2026-09-26T17:29:06.455Z,
ACK,11375,2026-09-26T17:29:06.584Z,
ACK,11376,2026-09-26T17:29:06.655Z,
ACK,11377,2026-09-26T17:29:06.765Z,
ACK,11378,2026-09-26T17:29:06.927Z,
ACK,11379,2026-09-26T17:29:07.014Z,
ACK,11380,2026-09-26T17:29:07.093Z,
ACK,11381,2026-09-26T17:29:07.192Z,
ACK,11382,2026-09-26T17:29:07.293Z,
ACK,11383,2026-09-26T17:29:07.410Z,
ACK,11384,2026-09-26T17:29:07.499Z,
ACK,11385,2026-09-26T17:29:07.603Z,
ACK,11386,2026-09-26T17:29:07.707Z,
ACK,11387,2026-09-26T17:29:07.815Z,
ACK,11388,2026-09-26T17:29:07.916Z,
ACK,11389,2026-09-26T17:29:08.005Z,
ACK,11390,2026-09-26T17:29:08.104Z,
ACK,11391,2026-09-26T17:29:08.204Z,
ACK,11392,2026-09-26T17:29:08.307Z,
ACK,11393,2026-09-26T17:29:08.612Z,
ACK,11394,2026-09-26T17:29:08.714Z,
ACK,11395,2026-09-26T17:29:08.775Z,
ACK,11396,2026-09-26T17:29:08.874Z,
ACK,11397,2026-09-26T17:29:09.005Z,
ACK,11398,2026-09-26T17:29:09.084Z,
ACK,11399,2026-09-26T17:29:09.179Z,
ACK,11400,2026-09-26T17:29:09.281Z,
ACK,11401,2026-09-26T17:29:09.385Z,
ACK,11402,2026-09-26T17:29:09.482Z,
ACK,11403,2026-09-26T17:29:09.580Z,
ACK,11404,2026-09-26T17:29:09.685Z,
ACK,11405,2026-09-26T17:29:09.778Z,
ACK,11406,2026-09-26T17:29:09.904Z,
ACK,11407,2026-09-26T17:29:09.991Z,
ACK,11408,2026-09-26T17:29:10.094Z,
ACK,11409,2026-09-26T17:29:10.216Z,
ACK,11410,2026-09-26T17:29:10.289Z,
ACK,11411,2026-09-26T17:29:10.385Z,
ACK,11412,2026-09-26T17:29:10.486Z,
ACK,11413,2026-09-26T17:29:10.584Z,
ACK,11414,2026-09-26T17:29:10.682Z,
ACK,11415,2026-09-26T17:29:10.790Z,
ACK,11416,2026-09-26T17:29:10.882Z,
ACK,11417,2026-09-26T17:29:10.986Z,
ACK,11418,2026-09-26T17:29:11.093Z,
ACK,11419,2026-09-26T17:29:11.184Z,
ACK,11420,2026-09-26T17:29:11.302Z,
ACK,11421,2026-09-26T17:29:11.384Z,
ACK,11422,2026-09-26T17:29:11.493Z,
ACK,11423,2026-09-26T17:29:11.602Z,
ACK,11424,2026-09-26T17:29:11.693Z,
ACK,11425,2026-09-26T17:29:11.809Z,
ACK,11426,2026-09-26T17:29:11.894Z,
ACK,11427,2026-09-26T17:29:12.008Z,
ACK,11428,2026-09-26T17:29:12.097Z,
ACK,11429,2026-09-26T17:29:12.197Z,
ACK,11430,2026-09-26T17:29:12.291Z,
ACK,11431,2026-09-26T17:29:12.427Z,
ACK,11432,2026-09-26T17:29:12.511Z,
ACK,11433,2026-09-26T17:29:12.612Z,
ACK,11434,2026-09-26T17:29:12.695Z,
ACK,11435,2026-09-26T17:29:12.802Z,
ACK,11436,2026-09-26T17:29:12.901Z,
ACK,11437,2026-09-26T17:29:12.988Z,
ACK,11438,2026-09-26T17:29:13.149Z,
ACK,11439,2026-09-26T17:29:13.224Z,
ACK,11440,2026-09-26T17:29:13.308Z,
ACK,11441,2026-09-26T17:29:13.448Z,
ACK,11442,2026-09-26T17:29:13.521Z,
ACK,11443,2026-09-26T17:29:13.613Z,
ACK,11444,2026-09-26T17:29:13.712Z,
ACK,11445,2026-09-26T17:29:13.810Z,
ACK,11446,2026-09-26T17:29:13.912Z,
ACK,11447,2026-09-26T17:29:14.031Z,
ACK,11448,2026-09-26T17:29:14.113Z,
ACK,11449,2026-09-26T17:29:14.219Z,
ACK,11450,2026-09-26T17:29:14.325Z,
ACK,11451,2026-09-26T17:29:14.427Z,
ACK,11452,2026-09-26T17:29:14.518Z,
ACK,11453,2026-09-26T17:29:14.638Z,
ACK,11454,2026-09-26T17:29:14.715Z,
ACK,11455,2026-09-26T17:29:14.819Z,
ACK,11456,2026-09-26T17:29:14.919Z,
ACK,11457,2026-09-26T17:29:15.023Z,
ACK,11458,2026-09-26T17:29:15.208Z,
ACK,11459,2026-09-26T17:29:15.273Z,
ACK,11460,2026-09-26T17:29:15.390Z,
ACK,11461,2026-09-26T17:29:15.473Z,
ACK,11462,2026-09-26T17:29:15.572Z,
ACK,11463,2026-09-26T17:29:15.673Z,
ACK,11464,2026-09-26T17:29:15.772Z,
ACK,11465,2026-09-26T17:29:15.893Z,
ACK,11466,2026-09-26T17:29:15.974Z,
ACK,11467,2026-09-26T17:29:16.071Z,
ACK,11468,2026-09-26T17:29:16.178Z,
ACK,11469,2026-09-26T17:29:16.273Z,
ACK,11470,2026-09-26T17:29:16.373Z,
ACK,11471,2026-09-26T17:29:16.478Z,
ACK,11472,2026-09-26T17:29:16.577Z,
ACK,11473,2026-09-26T17:29:16.678Z,
ACK,11474,2026-09-26T17:29:16.779Z,
ACK,11475,2026-09-26T17:29:16.879Z,
ACK,11476,2026-09-26T17:29:17.005Z,
ACK,11477,2026-09-26T17:29:17.079Z,
ACK,11478,2026-09-26T17:29:17.225Z,
ACK,11479,2026-09-26T17:29:17.294Z,
ACK,11480,2026-09-26T17:29:17.391Z,
ACK,11481,2026-09-26T17:29:17.491Z,
ACK,11482,2026-09-26T17:29:17.593Z,
ACK,11483,2026-09-26T17:29:17.693Z,
ACK,11484,2026-09-26T17:29:17.788Z,
ACK,11485,2026-09-26T17:29:17.903Z,
ACK,11486,2026-09-26T17:29:17.988Z,
ACK,11487,2026-09-26T17:29:18.093Z,
ACK,11488,2026-09-26T17:29:18.189Z,
ACK,11489,2026-09-26T17:29:18.293Z,
ACK,11490,2026-09-26T17:29:18.393Z,
ACK,11491,2026-09-26T17:29:18.501Z,
ACK,11492,2026-09-26T17:29:18.593Z,
ACK,11493,2026-09-26T17:29:18.693Z,
ACK,11494,2026-09-26T17:29:18.796Z,
ACK,11495,2026-09-26T17:29:18.896Z,
ACK,11496,2026-09-26T17:29:18.992Z,
ACK,11497,2026-09-26T17:29:19.097Z,
ACK,11498,2026-09-26T17:29:19.194Z,
ACK,11499,2026-09-26T17:29:19.306Z,
ACK,11500,2026-09-26T17:29:19.394Z,
ACK,11501,2026-09-26T17:29:19.496Z,
ACK,11502,2026-09-26T17:29:19.599Z,
ACK,11503,2026-09-26T17:29:19.706Z,
ACK,11504,2026-09-26T17:29:19.805Z,
ACK,11505,2026-09-26T17:29:19.899Z,
ACK,11506,2026-09-26T17:29:20.000Z,
ACK,11507,2026-09-26T17:29:20.103Z,
ACK,11508,2026-09-26T17:29:20.206Z,
ACK,11509,2026-09-26T17:29:20.354Z,
ACK,11510,2026-09-26T17:29:20.419Z,
ACK,11511,2026-09-26T17:29:20.518Z,
ACK,11512,2026-09-26T17:29:20.614Z,
ACK,11513,2026-09-26T17:29:20.725Z,
ACK,11514,2026-09-26T17:29:20.821Z,
ACK,11515,2026-09-26T17:29:20.916Z,
ACK,11516,2026-09-26T17:29:21.037Z,
ACK,11517,2026-09-26T17:29:21.140Z,
ACK,11518,2026-09-26T17:29:21.219Z,
ACK,11519,2026-09-26T17:29:21.324Z,
ACK,11520,2026-09-26T17:29:21.424Z,
ACK,11521,2026-09-26T17:29:21.524Z,
ACK,11522,2026-09-26T17:29:21.624Z,
ACK,11523,2026-09-26T17:29:21.721Z,
ACK,11524,2026-09-26T17:29:21.824Z,
ACK,11525,2026-09-26T17:29:21.928Z,
ACK,11526,2026-09-26T17:29:22.026Z,
ACK,11527,2026-09-26T17:29:22.217Z,
ACK,11528,2026-09-26T17:29:22.288Z,
ACK,11529,2026-09-26T17:29:22.396Z,
ACK,11530,2026-09-26T17:29:22.482Z,
ACK,11531,2026-09-26T17:29:22.630Z,
ACK,11532,2026-09-26T17:29:22.714Z,
ACK,11533,2026-09-26T17:29:22.794Z,
ACK,11534,2026-09-26T17:29:22.894Z,
ACK,11535,2026-09-26T17:29:22.998Z,
ACK,11536,2026-09-26T17:29:23.097Z,
ACK,11537,2026-09-26T17:29:23.205Z,
ACK,11538,2026-09-26T17:29:23.294Z,
ACK,11539,2026-09-26T17:29:23.392Z,
ACK,11540,2026-09-26T17:29:23.499Z,
ACK,11541,2026-09-26T17:29:23.608Z,
ACK,11542,2026-09-26T17:29:23.705Z,
ACK,11543,2026-09-26T17:29:23.798Z,
ACK,11544,2026-09-26T17:29:23.896Z,
ACK,11545,2026-09-26T17:29:24.008Z,
ACK,11546,2026-09-26T17:29:24.100Z,
ACK,11547,2026-09-26T17:29:24.203Z,
ACK,11548,2026-09-26T17:29:24.300Z,
ACK,11549,2026-09-26T17:29:24.451Z,
ACK,11550,2026-09-26T17:29:24.519Z,
ACK,11551,2026-09-26T17:29:24.614Z,
ACK,11552,2026-09-26T17:29:24.720Z,
ACK,11553,2026-09-26T17:29:24.818Z,
ACK,11554,2026-09-26T17:29:24.919Z,
ACK,11555,2026-09-26T17:29:25.013Z,
ACK,11556,2026-09-26T17:29:25.118Z,
ACK,11557,2026-09-26T17:29:25.220Z,
ACK,11558,2026-09-26T17:29:25.340Z,
ACK,11559,2026-09-26T17:29:25.414Z,
ACK,11560,2026-09-26T17:29:25.550Z,
ACK,11561,2026-09-26T17:29:25.620Z,
ACK,11562,2026-09-26T17:29:25.717Z,
ACK,11563,2026-09-26T17:29:25.820Z,
ACK,11564,2026-09-26T17:29:25.919Z,
ACK,11565,2026-09-26T17:29:26.032Z,
ACK,11566,2026-09-26T17:29:26.121Z,
ACK,11567,2026-09-26T17:29:26.222Z,
ACK,11568,2026-09-26T17:29:26.329Z,
ACK,11569,2026-09-26T17:29:26.424Z,
ACK,11570,2026-09-26T17:29:26.528Z,
ACK,11571,2026-09-26T17:29:26.628Z,
ACK,11572,2026-09-26T17:29:26.727Z,
ACK,11573,2026-09-26T17:29:26.826Z,
ACK,11574,2026-09-26T17:29:26.925Z,
ACK,11575,2026-09-26T17:29:27.027Z,
ACK,11576,2026-09-26T17:29:27.124Z,
ACK,11577,2026-09-26T17:29:27.229Z,
ACK,11578,2026-09-26T17:29:27.336Z,
ACK,11579,2026-09-26T17:29:27.426Z,
ACK,11580,2026-09-26T17:29:27.572Z,
ACK,11581,2026-09-26T17:29:27.644Z,
ACK,11582,2026-09-26T17:29:27.808Z,
ACK,11583,2026-09-26T17:29:27.869Z,
ACK,11584,2026-09-26T17:29:27.984Z,
ACK,11585,2026-09-26T17:29:28.084Z,
ACK,11586,2026-09-26T17:29:28.170Z,
ACK,11587,2026-09-26T17:29:28.272Z,
ACK,11588,2026-09-26T17:29:28.618Z,
ACK,11589,2026-09-26T17:29:28.714Z,
ACK,11590,2026-09-26T17:29:28.784Z,
ACK,11591,2026-09-26T17:29:28.877Z,
ACK,11592,2026-09-26T17:29:28.982Z,
ACK,11593,2026-09-26T17:29:29.084Z,
ACK,11594,2026-09-26T17:29:29.215Z,
ACK,11595,2026-09-26T17:29:29.301Z,
ACK,11596,2026-09-26T17:29:29.405Z,
ACK,11597,2026-09-26T17:29:29.483Z,
ACK,11598,2026-09-26T17:29:29.596Z,
ACK,11599,2026-09-26T17:29:29.696Z,
ACK,11600,2026-09-26T17:29:29.785Z,
ACK,11601,2026-09-26T17:29:29.887Z,
ACK,11602,2026-09-26T17:29:29.996Z,
ACK,11603,2026-09-26T17:29:30.088Z,
ACK,11604,2026-09-26T17:29:30.187Z,
ACK,11605,2026-09-26T17:29:30.534Z,
ACK,11606,2026-09-26T17:29:30.603Z,
ACK,11607,2026-09-26T17:29:30.701Z,
ACK,11608,2026-09-26T17:29:30.801Z,
ACK,11609,2026-09-26T17:29:30.902Z,
ACK,11610,2026-09-26T17:29:30.999Z,
ACK,11611,2026-09-26T17:29:31.098Z,
ACK,11612,2026-09-26T17:29:31.200Z,
ACK,11613,2026-09-26T17:29:31.302Z,
ACK,11614,2026-09-26T17:29:31.427Z,
ACK,11615,2026-09-26T17:29:31.502Z,
ACK,11616,2026-09-26T17:29:31.604Z,
ACK,11617,2026-09-26T17:29:31.713Z,
ACK,11618,2026-09-26T17:29:32.045Z,
ACK,11619,2026-09-26T17:29:32.137Z,
ACK,11620,2026-09-26T17:29:32.206Z,
ACK,11621,2026-09-26T17:29:32.307Z,
ACK,11622,2026-09-26T17:29:32.411Z,
ACK,11623,2026-09-26T17:29:32.508Z,
ACK,11624,2026-09-26T17:29:32.610Z,
ACK,11625,2026-09-26T17:29:32.716Z,
ACK,11626,2026-09-26T17:29:32.812Z,
ACK,11627,2026-09-26T17:29:32.907Z,
ACK,11628,2026-09-26T17:29:33.012Z,
ACK,11629,2026-09-26T17:29:33.117Z,
ACK,11630,2026-09-26T17:29:33.223Z,
ACK,11631,2026-09-26T17:29:33.312Z,
ACK,11632,2026-09-26T17:29:33.414Z,
ACK,11633,2026-09-26T17:29:33.524Z,
ACK,11634,2026-09-26T17:29:33.618Z,
ACK,11635,2026-09-26T17:29:33.721Z,
ACK,11636,2026-09-26T17:29:33.817Z,
ACK,11637,2026-09-26T17:29:33.945Z,
ACK,11638,2026-09-26T17:29:34.018Z,
ACK,11639,2026-09-26T17:29:34.123Z,
ACK,11640,2026-09-26T17:29:34.246Z,
ACK,11641,2026-09-26T17:29:34.320Z,
ACK,11642,2026-09-26T17:29:34.425Z,
ACK,11643,2026-09-26T17:29:34.531Z,
ACK,11644,2026-09-26T17:29:34.623Z,
ACK,11645,2026-09-26T17:29:34.725Z,
ACK,11646,2026-09-26T17:29:34.827Z,
ACK,11647,2026-09-26T17:29:34.924Z,
ACK,11648,2026-09-26T17:29:35.023Z,
ACK,11649,2026-09-26T17:29:35.122Z,
ACK,11650,2026-09-26T17:29:35.225Z,
ACK,11651,2026-09-26T17:29:35.323Z,
ACK,11652,2026-09-26T17:29:35.423Z,
ACK,11653,2026-09-26T17:29:35.533Z,
ACK,11654,2026-09-26T17:29:35.622Z,
ACK,11655,2026-09-26T17:29:35.737Z,
ACK,11656,2026-09-26T17:29:35.843Z,
ACK,11657,2026-09-26T17:29:35.928Z,
ACK,11658,2026-09-26T17:29:36.027Z,
ACK,11659,2026-09-26T17:29:36.128Z,
ACK,11660,2026-09-26T17:29:36.229Z,
ACK,11661,2026-09-26T17:29:36.329Z,
ACK,11662,2026-09-26T17:29:36.430Z,
ACK,11663,2026-09-26T17:29:36.533Z,
ACK,11664,2026-09-26T17:29:36.631Z,
ACK,11665,2026-09-26T17:29:36.738Z,
ACK,11666,2026-09-26T17:29:36.833Z,
ACK,11667,2026-09-26T17:29:36.932Z,
ACK,11668,2026-09-26T17:29:37.032Z,
ACK,11669,2026-09-26T17:29:37.136Z,
ACK,11670,2026-09-26T17:29:37.237Z,
ACK,11671,2026-09-26T17:29:37.340Z,
ACK,11672,2026-09-26T17:29:37.444Z,
ACK,11673,2026-09-26T17:29:37.540Z,
ACK,11674,2026-09-26T17:29:37.635Z,
ACK,11675,2026-09-26T17:29:37.740Z,
ACK,11676,2026-09-26T17:29:37.835Z,
ACK,11677,2026-09-26T17:29:37.934Z,
ACK,11678,2026-09-26T17:29:38.036Z,
ACK,11679,2026-09-26T17:29:38.225Z,
ACK,11680,2026-09-26T17:29:38.287Z,
ACK,11681,2026-09-26T17:29:38.385Z,
ACK,11682,2026-09-26T17:29:38.487Z,
ACK,11683,2026-09-26T17:29:38.593Z,
ACK,11684,2026-09-26T17:29:38.688Z,
ACK,11685,2026-09-26T17:29:38.789Z,
ACK,11686,2026-09-26T17:29:38.897Z,
ACK,11687,2026-09-26T17:29:38.987Z,
ACK,11688,2026-09-26T17:29:39.088Z,
ACK,11689,2026-09-26T17:29:39.193Z,
ACK,11690,2026-09-26T17:29:39.325Z,
ACK,11691,2026-09-26T17:29:39.408Z,
ACK,11692,2026-09-26T17:29:39.489Z,
ACK,11693,2026-09-26T17:29:39.594Z,
ACK,11694,2026-09-26T17:29:39.690Z,
ACK,11695,2026-09-26T17:29:39.790Z,
ACK,11696,2026-09-26T17:29:39.895Z,
ACK,11697,2026-09-26T17:29:39.994Z,
ACK,11698,2026-09-26T17:29:40.098Z,
ACK,11699,2026-09-26T17:29:40.191Z,
ACK,11700,2026-09-26T17:29:40.291Z,
ACK,11701,2026-09-26T17:29:40.422Z,
ACK,11702,2026-09-26T17:29:40.492Z,
ACK,11703,2026-09-26T17:29:40.661Z,
ACK,11704,2026-09-26T17:29:40.748Z,
ACK,11705,2026-09-26T17:29:40.823Z,
ACK,11706,2026-09-26T17:29:40.939Z,
ACK,11707,2026-09-26T17:29:41.025Z,
ACK,11708,2026-09-26T17:29:41.215Z,
ACK,11709,2026-09-26T17:29:41.295Z,
ACK,11710,2026-09-26T17:29:41.380Z,
ACK,11711,2026-09-26T17:29:41.481Z,
ACK,11712,2026-09-26T17:29:41.583Z,
ACK,11713,2026-09-26T17:29:41.679Z,
ACK,11714,2026-09-26T17:29:41.781Z,
ACK,11715,2026-09-26T17:29:41.912Z,
ACK,11716,2026-09-26T17:29:41.983Z,
ACK,11717,2026-09-26T17:29:42.078Z,
ACK,11718,2026-09-26T17:29:42.179Z,
ACK,11719,2026-09-26T17:29:42.309Z,
ACK,11720,2026-09-26T17:29:42.391Z,
ACK,11721,2026-09-26T17:29:42.484Z,
ACK,11722,2026-09-26T17:29:42.598Z,
ACK,11723,2026-09-26T17:29:42.699Z,
ACK,11724,2026-09-26T17:29:42.783Z,
ACK,11725,2026-09-26T17:29:42.888Z,
ACK,11726,2026-09-26T17:29:42.983Z,
ACK,11727,2026-09-26T17:29:43.088Z,
ACK,11728,2026-09-26T17:29:43.203Z,
ACK,11729,2026-09-26T17:29:43.285Z,
ACK,11730,2026-09-26T17:29:43.406Z,
ACK,11731,2026-09-26T17:29:43.492Z,
ACK,11732,2026-09-26T17:29:43.583Z,
ACK,11733,2026-09-26T17:29:43.699Z,
ACK,11734,2026-09-26T17:29:43.783Z,
ACK,11735,2026-09-26T17:29:43.886Z,
ACK,11736,2026-09-26T17:29:43.986Z,
ACK,11737,2026-09-26T17:29:44.101Z,
ACK,11738,2026-09-26T17:29:44.191Z,
ACK,11739,2026-09-26T17:29:44.293Z,
ACK,11740,2026-09-26T17:29:44.388Z,
ACK,11741,2026-09-26T17:29:44.514Z,
ACK,11742,2026-09-26T17:29:44.594Z,
ACK,11743,2026-09-26T17:29:44.693Z,
ACK,11744,2026-09-26T17:29:44.789Z,
ACK,11745,2026-09-26T17:29:44.892Z,
ACK,11746,2026-09-26T17:29:44.993Z,
ACK,11747,2026-09-26T17:29:45.092Z,
ACK,11748,2026-09-26T17:29:45.191Z,
ACK,11749,2026-09-26T17:29:45.290Z,
ACK,11750,2026-09-26T17:29:45.393Z,
ACK,11751,2026-09-26T17:29:45.497Z,
ACK,11752,2026-09-26T17:29:45.596Z,
ACK,11753,2026-09-26T17:29:45.712Z,
ACK,11754,2026-09-26T17:29:45.795Z,
ACK,11755,2026-09-26T17:29:45.897Z,
ACK,11756,2026-09-26T17:29:45.992Z,
ACK,11757,2026-09-26T17:29:46.094Z,
ACK,11758,2026-09-26T17:29:46.197Z,
ACK,11759,2026-09-26T17:29:46.293Z,
ACK,11760,2026-09-26T17:29:46.402Z,
ACK,11761,2026-09-26T17:29:46.494Z,
ACK,11762,2026-09-26T17:29:46.637Z,
ACK,11763,2026-09-26T17:29:46.704Z,
ACK,11764,2026-09-26T17:29:46.797Z,
ACK,11765,2026-09-26T17:29:46.897Z,
ACK,11766,2026-09-26T17:29:46.996Z,
ACK,11767,2026-09-26T17:29:47.099Z,
ACK,11768,2026-09-26T17:29:47.205Z,
ACK,11769,2026-09-26T17:29:47.313Z,
ACK,11770,2026-09-26T17:29:47.403Z,
ACK,11771,2026-09-26T17:29:47.504Z,
ACK,11772,2026-09-26T17:29:47.612Z,
ACK,11773,2026-09-26T17:29:47.707Z,
ACK,11774,2026-09-26T17:29:47.805Z,
ACK,11775,2026-09-26T17:29:47.909Z,
ACK,11776,2026-09-26T17:29:48.004Z,
ACK,11777,2026-09-26T17:29:48.113Z,
ACK,11778,2026-09-26T17:29:48.224Z,
ACK,11779,2026-09-26T17:29:48.309Z,
ACK,11780,2026-09-26T17:29:48.417Z,
ACK,11781,2026-09-26T17:29:48.503Z,
ACK,11782,2026-09-26T17:29:48.612Z,
ACK,11783,2026-09-26T17:29:48.706Z,
ACK,11784,2026-09-26T17:29:48.807Z,
ACK,11785,2026-09-26T17:29:48.906Z,
ACK,11786,2026-09-26T17:29:49.008Z,
ACK,11787,2026-09-26T17:29:49.225Z,
ACK,11788,2026-09-26T17:29:49.286Z,
ACK,11789,2026-09-26T17:29:49.387Z,
ACK,11790,2026-09-26T17:29:49.489Z,
ACK,11791,2026-09-26T17:29:49.588Z,
ACK,11792,2026-09-26T17:29:49.727Z,
ACK,11793,2026-09-26T17:29:49.788Z,
ACK,11794,2026-09-26T17:29:49.890Z,
ACK,11795,2026-09-26T17:29:49.995Z,
ACK,11796,2026-09-26T17:29:50.096Z,
ACK,11797,2026-09-26T17:29:50.202Z,
ACK,11798,2026-09-26T17:29:50.291Z,
ACK,11799,2026-09-26T17:29:50.396Z,
ACK,11800,2026-09-26T17:29:50.500Z,
ACK,11801,2026-09-26T17:29:50.607Z,
ACK,11802,2026-09-26T17:29:50.715Z,
ACK,11803,2026-09-26T17:29:50.797Z,
ACK,11804,2026-09-26T17:29:50.892Z,
ACK,11805,2026-09-26T17:29:50.992Z,
ACK,11806,2026-09-26T17:29:51.118Z,
ACK,11807,2026-09-26T17:29:51.195Z,
ACK,11808,2026-09-26T17:29:51.292Z,
ACK,11809,2026-09-26T17:29:51.406Z,
ACK,11810,2026-09-26T17:29:51.497Z,
ACK,11811,2026-09-26T17:29:51.598Z,
ACK,11812,2026-09-26T17:29:51.697Z,
ACK,11813,2026-09-26T17:29:51.801Z,
ACK,11814,2026-09-26T17:29:51.898Z,
ACK,11815,2026-09-26T17:29:51.999Z,
ACK,11816,2026-09-26T17:29:52.103Z,
ACK,11817,2026-09-26T17:29:52.201Z,
ACK,11818,2026-09-26T17:29:52.300Z,
ACK,11819,2026-09-26T17:29:52.401Z,
ACK,11820,2026-09-26T17:29:52.503Z,
ACK,11821,2026-09-26T17:29:52.606Z,
ACK,11822,2026-09-26T17:29:52.703Z,
ACK,11823,2026-09-26T17:29:52.803Z,
ACK,11824,2026-09-26T17:29:52.903Z,
ACK,11825,2026-09-26T17:29:53.012Z,
ACK,11826,2026-09-26T17:29:53.112Z,
ACK,11827,2026-09-26T17:29:53.215Z,
ACK,11828,2026-09-26T17:29:53.314Z,
ACK,11829,2026-09-26T17:29:53.406Z,
ACK,11830,2026-09-26T17:29:53.516Z,
ACK,11831,2026-09-26T17:29:53.606Z,
ACK,11832,2026-09-26T17:29:53.707Z,
ACK,11833,2026-09-26T17:29:53.840Z,
ACK,11834,2026-09-26T17:29:53.931Z,
ACK,11835,2026-09-26T17:29:54.011Z,
ACK,11836,2026-09-26T17:29:54.110Z,
ACK,11837,2026-09-26T17:29:54.207Z,
ACK,11838,2026-09-26T17:29:54.312Z,
ACK,11839,2026-09-26T17:29:54.408Z,
ACK,11840,2026-09-26T17:29:54.509Z,
ACK,11841,2026-09-26T17:29:54.615Z,
ACK,11842,2026-09-26T17:29:54.712Z,
ACK,11843,2026-09-26T17:29:54.811Z,
ACK,11844,2026-09-26T17:29:54.912Z,
ACK,11845,2026-09-26T17:29:55.012Z,
ACK,11846,2026-09-26T17:29:55.109Z,
ACK,11847,2026-09-26T17:29:55.216Z,
ACK,11848,2026-09-26T17:29:55.311Z,
ACK,11849,2026-09-26T17:29:55.419Z,
ACK,11850,2026-09-26T17:29:55.517Z,
ACK,11851,2026-09-26T17:29:55.617Z,
ACK,11852,2026-09-26T17:29:55.739Z,
ACK,11853,2026-09-26T17:29:55.814Z,
ACK,11854,2026-09-26T17:29:55.917Z,
ACK,11855,2026-09-26T17:29:56.022Z,
ACK,11856,2026-09-26T17:29:56.119Z,
ACK,11857,2026-09-26T17:29:56.217Z,
ACK,11858,2026-09-26T17:29:56.320Z,
ACK,11859,2026-09-26T17:29:56.522Z,
ACK,11860,2026-09-26T17:29:56.615Z,
ACK,11861,2026-09-26T17:29:56.685Z,
ACK,11862,2026-09-26T17:29:56.791Z,
ACK,11863,2026-09-26T17:29:56.888Z,
ACK,11864,2026-09-26T17:29:56.982Z,
ACK,11865,2026-09-26T17:29:57.087Z,
ACK,11866,2026-09-26T17:29:57.187Z,
ACK,11867,2026-09-26T17:29:57.310Z,
ACK,11868,2026-09-26T17:29:57.389Z,
ACK,11869,2026-09-26T17:29:57.488Z,
ACK,11870,2026-09-26T17:29:57.591Z,
ACK,11871,2026-09-26T17:29:57.720Z,
ACK,11872,2026-09-26T17:29:57.854Z,
ACK,11873,2026-09-26T17:29:57.930Z,
ACK,11874,2026-09-26T17:29:58.068Z,
ACK,11875,2026-09-26T17:29:58.134Z,
ACK,11876,2026-09-26T17:29:58.292Z,
ACK,11877,2026-09-26T17:29:58.421Z,
ACK,11878,2026-09-26T17:29:58.496Z,
ACK,11879,2026-09-26T17:29:58.630Z,
ACK,11880,2026-09-26T17:29:58.700Z,
ACK,11881,2026-09-26T17:29:58.837Z,
ACK,11882,2026-09-26T17:29:58.902Z,
ACK,11883,2026-09-26T17:29:59.043Z,
ACK,11884,2026-09-26T17:29:59.102Z,
ACK,11885,2026-09-26T17:29:59.213Z,
ACK,11886,2026-09-26T17:29:59.321Z,
ACK,11887,2026-09-26T17:29:59.412Z,
ACK,11888,2026-09-26T17:29:59.535Z,
ACK,11889,2026-09-26T17:29:59.610Z,
ACK,11890,2026-09-26T17:29:59.703Z,
ACK,11891,2026-09-26T17:29:59.809Z,
ACK,11892,2026-09-26T17:29:59.908Z,
ACK,11893,2026-09-26T17:30:00.007Z,
ACK,11894,2026-09-26T17:30:00.112Z,
ACK,11895,2026-09-26T17:30:00.213Z,
ACK,11896,2026-09-26T17:30:00.314Z,
ACK,11897,2026-09-26T17:30:00.433Z,
ACK,11898,2026-09-26T17:30:00.517Z,
ACK,11899,2026-09-26T17:30:00.643Z,
ACK,11900,2026-09-26T17:30:00.719Z,
ACK,11901,2026-09-26T17:30:00.851Z,
ACK,11902,2026-09-26T17:30:00.921Z,
ACK,11903,2026-09-26T17:30:01.020Z,
ACK,11904,2026-09-26T17:30:01.118Z,
ACK,11905,2026-09-26T17:30:01.218Z,
ACK,11906,2026-09-26T17:30:01.316Z,
ACK,11907,2026-09-26T17:30:01.422Z,
ACK,11908,2026-09-26T17:30:01.543Z,
ACK,11909,2026-09-26T17:30:01.617Z,
ACK,11910,2026-09-26T17:30:01.718Z,
ACK,11911,2026-09-26T17:30:01.817Z,
ACK,11912,2026-09-26T17:30:01.926Z,
ACK,11913,2026-09-26T17:30:02.020Z,
ACK,11914,2026-09-26T17:30:02.118Z,
ACK,11915,2026-09-26T17:30:02.221Z,
ACK,11916,2026-09-26T17:30:02.317Z,
ACK,11917,2026-09-26T17:30:02.419Z,
ACK,11918,2026-09-26T17:30:02.537Z,
ACK,11919,2026-09-26T17:30:02.624Z,
ACK,11920,2026-09-26T17:30:02.732Z,
ACK,11921,2026-09-26T17:30:02.822Z,
ACK,11922,2026-09-26T17:30:02.931Z,
ACK,11923,2026-09-26T17:30:03.022Z,
ACK,11924,2026-09-26T17:30:03.130Z,
ACK,11925,2026-09-26T17:30:03.269Z,
ACK,11926,2026-09-26T17:30:03.328Z,
ACK,11927,2026-09-26T17:30:03.431Z,
ACK,11928,2026-09-26T17:30:03.537Z,
ACK,11929,2026-09-26T17:30:03.639Z,
ACK,11930,2026-09-26T17:30:03.737Z,
ACK,11931,2026-09-26T17:30:03.839Z,
ACK,11932,2026-09-26T17:30:03.943Z,
ACK,11933,2026-09-26T17:30:04.032Z,
ACK,11934,2026-09-26T17:30:04.133Z,
ACK,11935,2026-09-26T17:30:04.246Z,
ACK,11936,2026-09-26T17:30:04.338Z,
ACK,11937,2026-09-26T17:30:04.443Z,
ACK,11938,2026-09-26T17:30:04.546Z,
ACK,11939,2026-09-26T17:30:04.646Z,
ACK,11940,2026-09-26T17:30:04.738Z,
ACK,11941,2026-09-26T17:30:04.843Z,
ACK,11942,2026-09-26T17:30:04.946Z,
ACK,11943,2026-09-26T17:30:05.043Z,
ACK,11944,2026-09-26T17:30:05.140Z,
ACK,11945,2026-09-26T17:30:05.241Z,
ACK,11946,2026-09-26T17:30:05.345Z,
ACK,11947,2026-09-26T17:30:05.446Z,
ACK,11948,2026-09-26T17:30:05.549Z,
ACK,11949,2026-09-26T17:30:05.645Z,
ACK,11950,2026-09-26T17:30:05.742Z,
ACK,11951,2026-09-26T17:30:05.841Z,
ACK,11952,2026-09-26T17:30:05.944Z,
ACK,11953,2026-09-26T17:30:06.046Z,
ACK,11954,2026-09-26T17:30:06.145Z,
ACK,11955,2026-09-26T17:30:06.276Z,
ACK,11956,2026-09-26T17:30:06.347Z,
ACK,11957,2026-09-26T17:30:06.453Z,
ACK,11958,2026-09-26T17:30:06.606Z,
ACK,11959,2026-09-26T17:30:06.670Z,
ACK,11960,2026-09-26T17:30:06.769Z,
ACK,11961,2026-09-26T17:30:06.876Z,
ACK,11962,2026-09-26T17:30:06.967Z,
ACK,11963,2026-09-26T17:30:07.083Z,
ACK,11964,2026-09-26T17:30:07.224Z,
ACK,11965,2026-09-26T17:30:07.284Z,
ACK,11966,2026-09-26T17:30:07.387Z,
ACK,11967,2026-09-26T17:30:07.490Z,
ACK,11968,2026-09-26T17:30:07.616Z,
ACK,11969,2026-09-26T17:30:07.690Z,
ACK,11970,2026-09-26T17:30:07.790Z,
ACK,11971,2026-09-26T17:30:07.891Z,
ACK,11972,2026-09-26T17:30:07.992Z,
ACK,11973,2026-09-26T17:30:08.088Z,
ACK,11974,2026-09-26T17:30:08.192Z,
ACK,11975,2026-09-26T17:30:08.293Z,
ACK,11976,2026-09-26T17:30:08.393Z,
ACK,11977,2026-09-26T17:30:08.492Z,
ACK,11978,2026-09-26T17:30:08.597Z,
ACK,11979,2026-09-26T17:30:08.699Z,
ACK,11980,2026-09-26T17:30:08.796Z,
ACK,11981,2026-09-26T17:30:08.893Z,
ACK,11982,2026-09-26T17:30:09.055Z,
ACK,11983,2026-09-26T17:30:09.117Z,
ACK,11984,2026-09-26T17:30:09.218Z,
ACK,11985,2026-09-26T17:30:09.321Z,
ACK,11986,2026-09-26T17:30:09.418Z,
ACK,11987,2026-09-26T17:30:09.517Z,
ACK,11988,2026-09-26T17:30:09.625Z,
ACK,11989,2026-09-26T17:30:09.722Z,
ACK,11990,2026-09-26T17:30:09.821Z,
ACK,11991,2026-09-26T17:30:09.921Z,
ACK,11992,2026-09-26T17:30:10.023Z,
ACK,11993,2026-09-26T17:30:10.124Z,
ACK,11994,2026-09-26T17:30:10.226Z,
ACK,11995,2026-09-26T17:30:10.358Z,
ACK,11996,2026-09-26T17:30:10.424Z,
ACK,11997,2026-09-26T17:30:10.526Z,
ACK,11998,2026-09-26T17:30:10.627Z,
ACK,11999,2026-09-26T17:30:10.736Z,
ACK,12000,2026-09-26T17:30:10.833Z,
ACK,12001,2026-09-26T17:30:10.931Z,
ACK,12002,2026-09-26T17:30:11.056Z,
ACK,12003,2026-09-26T17:30:11.148Z,
ACK,12004,2026-09-26T17:30:11.251Z,
ACK,12005,2026-09-26T17:30:11.334Z,
ACK,12006,2026-09-26T17:30:11.425Z,
ACK,12007,2026-09-26T17:30:11.534Z,
ACK,12008,2026-09-26T17:30:11.626Z,
ACK,12009,2026-09-26T17:30:11.725Z,
ACK,12010,2026-09-26T17:30:11.832Z,
ACK,12011,2026-09-26T17:30:11.927Z,
ACK,12012,2026-09-26T17:30:12.034Z,
ACK,12013,2026-09-26T17:30:12.164Z,
ACK,12014,2026-09-26T17:30:12.248Z,
ACK,12015,2026-09-26T17:30:12.328Z,
ACK,12016,2026-09-26T17:30:12.435Z,
ACK,12017,2026-09-26T17:30:12.540Z,
ACK,12018,2026-09-26T17:30:12.636Z,
ACK,12019,2026-09-26T17:30:12.736Z,
ACK,12020,2026-09-26T17:30:12.845Z,
ACK,12021,2026-09-26T17:30:12.964Z,
ACK,12022,2026-09-26T17:30:13.037Z,
ACK,12023,2026-09-26T17:30:13.152Z,
ACK,12024,2026-09-26T17:30:13.239Z,
ACK,12025,2026-09-26T17:30:13.470Z,
ACK,12026,2026-09-26T17:30:13.576Z,
ACK,12027,2026-09-26T17:30:13.639Z,
ACK,12028,2026-09-26T17:30:13.743Z,
ACK,12029,2026-09-26T17:30:14.006Z,
ACK,12030,2026-09-26T17:30:14.067Z,
ACK,12031,2026-09-26T17:30:14.171Z,
ACK,12032,2026-09-26T17:30:14.271Z,
ACK,12033,2026-09-26T17:30:14.366Z,
ACK,12034,2026-09-26T17:30:14.467Z,
ACK,12035,2026-09-26T17:30:14.571Z,
ACK,12036,2026-09-26T17:30:14.668Z,
ACK,12037,2026-09-26T17:30:14.779Z,
ACK,12038,2026-09-26T17:30:14.869Z,
ACK,12039,2026-09-26T17:30:14.970Z,
ACK,12040,2026-09-26T17:30:15.072Z,
ACK,12041,2026-09-26T17:30:15.174Z,
ACK,12042,2026-09-26T17:30:15.273Z,
ACK,12043,2026-09-26T17:30:15.375Z,
ACK,12044,2026-09-26T17:30:15.472Z,
ACK,12045,2026-09-26T17:30:15.572Z,
ACK,12046,2026-09-26T17:30:15.675Z,
ACK,12047,2026-09-26T17:30:15.775Z,
ACK,12048,2026-09-26T17:30:15.888Z,
ACK,12049,2026-09-26T17:30:15.981Z,
ACK,12050,2026-09-26T17:30:16.081Z,
ACK,12051,2026-09-26T17:30:16.178Z,
ACK,12052,2026-09-26T17:30:16.277Z,
ACK,12053,2026-09-26T17:30:16.382Z,
ACK,12054,2026-09-26T17:30:16.487Z,
ACK,12055,2026-09-26T17:30:16.604Z,
ACK,12056,2026-09-26T17:30:16.682Z,
ACK,12057,2026-09-26T17:30:16.796Z,
ACK,12058,2026-09-26T17:30:16.880Z,
ACK,12059,2026-09-26T17:30:16.978Z,
ACK,12060,2026-09-26T17:30:17.082Z,
ACK,12061,2026-09-26T17:30:17.183Z,
ACK,12062,2026-09-26T17:30:17.283Z,
ACK,12063,2026-09-26T17:30:17.381Z,
ACK,12064,2026-09-26T17:30:17.486Z,
ACK,12065,2026-09-26T17:30:17.581Z,
ACK,12066,2026-09-26T17:30:17.681Z,
ACK,12067,2026-09-26T17:30:17.785Z,
ACK,12068,2026-09-26T17:30:17.891Z,
ACK,12069,2026-09-26T17:30:17.985Z,
ACK,12070,2026-09-26T17:30:18.089Z,
ACK,12071,2026-09-26T17:30:18.188Z,
ACK,12072,2026-09-26T17:30:18.345Z,
ACK,12073,2026-09-26T17:30:18.409Z,
ACK,12074,2026-09-26T17:30:18.508Z,
ACK,12075,2026-09-26T17:30:18.607Z,
ACK,12076,2026-09-26T17:30:18.709Z,
ACK,12077,2026-09-26T17:30:18.815Z,
ACK,12078,2026-09-26T17:30:18.927Z,
ACK,12079,2026-09-26T17:30:19.027Z,
ACK,12080,2026-09-26T17:30:19.112Z,
ACK,12081,2026-09-26T17:30:19.211Z,
ACK,12082,2026-09-26T17:30:19.312Z,
ACK,12083,2026-09-26T17:30:19.414Z,
ACK,12084,2026-09-26T17:30:19.515Z,
ACK,12085,2026-09-26T17:30:19.613Z,
ACK,12086,2026-09-26T17:30:19.711Z,
ACK,12087,2026-09-26T17:30:19.810Z,
ACK,12088,2026-09-26T17:30:19.913Z,
ACK,12089,2026-09-26T17:30:20.023Z,
ACK,12090,2026-09-26T17:30:20.142Z,
ACK,12091,2026-09-26T17:30:20.213Z,
ACK,12092,2026-09-26T17:30:20.318Z,
ACK,12093,2026-09-26T17:30:20.417Z,
ACK,12094,2026-09-26T17:30:20.516Z,
ACK,12095,2026-09-26T17:30:20.617Z,
ACK,12096,2026-09-26T17:30:20.713Z,
ACK,12097,2026-09-26T17:30:20.818Z,
ACK,12098,2026-09-26T17:30:20.913Z,
ACK,12099,2026-09-26T17:30:21.023Z,
ACK,12100,2026-09-26T17:30:21.126Z,
ACK,12101,2026-09-26T17:30:21.220Z,
ACK,12102,2026-09-26T17:30:21.318Z,
ACK,12103,2026-09-26T17:30:21.423Z,
ACK,12104,2026-09-26T17:30:21.525Z,
ACK,12105,2026-09-26T17:30:21.620Z,
ACK,12106,2026-09-26T17:30:21.718Z,
ACK,12107,2026-09-26T17:30:21.821Z,
ACK,12108,2026-09-26T17:30:21.918Z,
ACK,12109,2026-09-26T17:30:22.019Z,
ACK,12110,2026-09-26T17:30:22.164Z,
ACK,12111,2026-09-26T17:30:22.236Z,
ACK,12112,2026-09-26T17:30:22.335Z,
ACK,12113,2026-09-26T17:30:22.424Z,
ACK,12114,2026-09-26T17:30:22.556Z,
ACK,12115,2026-09-26T17:30:22.636Z,
ACK,12116,2026-09-26T17:30:22.742Z,
ACK,12117,2026-09-26T17:30:22.842Z,
ACK,12118,2026-09-26T17:30:22.929Z,
ACK,12119,2026-09-26T17:30:23.027Z,
ACK,12120,2026-09-26T17:30:23.160Z,
ACK,12121,2026-09-26T17:30:23.291Z,
ACK,12122,2026-09-26T17:30:23.361Z,
ACK,12123,2026-09-26T17:30:23.451Z,
ACK,12124,2026-09-26T17:30:23.560Z,
ACK,12125,2026-09-26T17:30:23.661Z,
ACK,12126,2026-09-26T17:30:23.763Z,
ACK,12127,2026-09-26T17:30:23.858Z,
ACK,12128,2026-09-26T17:30:23.952Z,
ACK,12129,2026-09-26T17:30:24.059Z,
ACK,12130,2026-09-26T17:30:24.163Z,
ACK,12131,2026-09-26T17:30:24.264Z,
ACK,12132,2026-09-26T17:30:24.359Z,
ACK,12133,2026-09-26T17:30:24.462Z,
ACK,12134,2026-09-26T17:30:24.566Z,
ACK,12135,2026-09-26T17:30:24.662Z,
ACK,12136,2026-09-26T17:30:24.767Z,
ACK,12137,2026-09-26T17:30:24.861Z,
ACK,12138,2026-09-26T17:30:24.963Z,
ACK,12139,2026-09-26T17:30:25.062Z,
ACK,12140,2026-09-26T17:30:25.162Z,
ACK,12141,2026-09-26T17:30:25.314Z,
ACK,12142,2026-09-26T17:30:25.379Z,
ACK,12143,2026-09-26T17:30:25.493Z,
ACK,12144,2026-09-26T17:30:25.578Z,
ACK,12145,2026-09-26T17:30:25.682Z,
ACK,12146,2026-09-26T17:30:25.779Z,
ACK,12147,2026-09-26T17:30:25.906Z,
ACK,12148,2026-09-26T17:30:25.983Z,
ACK,12149,2026-09-26T17:30:26.093Z,
ACK,12150,2026-09-26T17:30:26.181Z,
ACK,12151,2026-09-26T17:30:26.278Z,
ACK,12152,2026-09-26T17:30:26.382Z,
ACK,12153,2026-09-26T17:30:26.482Z,
ACK,12154,2026-09-26T17:30:26.583Z,
ACK,12155,2026-09-26T17:30:26.688Z,
ACK,12156,2026-09-26T17:30:26.786Z,
ACK,12157,2026-09-26T17:30:26.881Z,
ACK,12158,2026-09-26T17:30:26.978Z,
ACK,12159,2026-09-26T17:30:27.089Z,
ACK,12160,2026-09-26T17:30:27.186Z,
ACK,12161,2026-09-26T17:30:27.301Z,
ACK,12162,2026-09-26T17:30:27.383Z,
ACK,12163,2026-09-26T17:30:27.486Z,
ACK,12164,2026-09-26T17:30:27.586Z,
ACK,12165,2026-09-26T17:30:27.686Z,
ACK,12166,2026-09-26T17:30:27.793Z,
ACK,12167,2026-09-26T17:30:27.886Z,
ACK,12168,2026-09-26T17:30:27.992Z,
ACK,12169,2026-09-26T17:30:28.088Z,
ACK,12170,2026-09-26T17:30:28.187Z,
ACK,12171,2026-09-26T17:30:28.292Z,
ACK,12172,2026-09-26T17:30:28.438Z,
ACK,12173,2026-09-26T17:30:28.510Z,
ACK,12174,2026-09-26T17:30:28.605Z,
ACK,12175,2026-09-26T17:30:28.704Z,
ACK,12176,2026-09-26T17:30:28.804Z,
ACK,12177,2026-09-26T17:30:28.901Z,
ACK,12178,2026-09-26T17:30:29.007Z,
ACK,12179,2026-09-26T17:30:29.138Z,
ACK,12180,2026-09-26T17:30:29.207Z,
ACK,12181,2026-09-26T17:30:29.308Z,
ACK,12182,2026-09-26T17:30:29.416Z,
ACK,12183,2026-09-26T17:30:29.528Z,
ACK,12184,2026-09-26T17:30:29.605Z,
ACK,12185,2026-09-26T17:30:29.703Z,
ACK,12186,2026-09-26T17:30:29.829Z,
ACK,12187,2026-09-26T17:30:29.905Z,
ACK,12188,2026-09-26T17:30:30.008Z,
ACK,12189,2026-09-26T17:30:30.107Z,
ACK,12190,2026-09-26T17:30:30.211Z,
ACK,12191,2026-09-26T17:30:30.317Z,
ACK,12192,2026-09-26T17:30:30.424Z,
ACK,12193,2026-09-26T17:30:30.513Z,
ACK,12194,2026-09-26T17:30:30.715Z,
ACK,12195,2026-09-26T17:30:30.776Z,
ACK,12196,2026-09-26T17:30:30.893Z,
ACK,12197,2026-09-26T17:30:30.979Z,
ACK,12198,2026-09-26T17:30:31.080Z,
ACK,12199,2026-09-26T17:30:31.179Z,
ACK,12200,2026-09-26T17:30:31.282Z,
ACK,12201,2026-09-26T17:30:31.378Z,
ACK,12202,2026-09-26T17:30:31.482Z,
ACK,12203,2026-09-26T17:30:31.600Z,
ACK,12204,2026-09-26T17:30:31.681Z,
ACK,12205,2026-09-26T17:30:31.801Z,
ACK,12206,2026-09-26T17:30:32.132Z,
ACK,12207,2026-09-26T17:30:32.200Z,
ACK,12208,2026-09-26T17:30:32.295Z,
ACK,12209,2026-09-26T17:30:32.392Z,
ACK,12210,2026-09-26T17:30:32.497Z,
ACK,12211,2026-09-26T17:30:32.626Z,
ACK,12212,2026-09-26T17:30:32.714Z,
ACK,12213,2026-09-26T17:30:32.796Z,
ACK,12214,2026-09-26T17:30:32.905Z,
ACK,12215,2026-09-26T17:30:32.995Z,
ACK,12216,2026-09-26T17:30:33.098Z,
ACK,12217,2026-09-26T17:30:33.214Z,
ACK,12218,2026-09-26T17:30:33.301Z,
ACK,12219,2026-09-26T17:30:33.398Z,
ACK,12220,2026-09-26T17:30:33.504Z,
ACK,12221,2026-09-26T17:30:33.607Z,
ACK,12222,2026-09-26T17:30:33.703Z,
ACK,12223,2026-09-26T17:30:33.803Z,
ACK,12224,2026-09-26T17:30:33.901Z,
ACK,12225,2026-09-26T17:30:34.007Z,
ACK,12226,2026-09-26T17:30:34.103Z,
ACK,12227,2026-09-26T17:30:34.200Z,
ACK,12228,2026-09-26T17:30:34.306Z,
ACK,12229,2026-09-26T17:30:34.447Z,
ACK,12230,2026-09-26T17:30:34.523Z,
ACK,12231,2026-09-26T17:30:34.612Z,
ACK,12232,2026-09-26T17:30:34.759Z,
ACK,12233,2026-09-26T17:30:34.828Z,
ACK,12234,2026-09-26T17:30:34.922Z,
ACK,12235,2026-09-26T17:30:35.029Z,
ACK,12236,2026-09-26T17:30:35.132Z,
ACK,12237,2026-09-26T17:30:35.237Z,
ACK,12238,2026-09-26T17:30:35.327Z,
ACK,12239,2026-09-26T17:30:35.423Z,
ACK,12240,2026-09-26T17:30:35.524Z,
ACK,12241,2026-09-26T17:30:35.623Z,
ACK,12242,2026-09-26T17:30:35.763Z,
ACK,12243,2026-09-26T17:30:35.834Z,
ACK,12244,2026-09-26T17:30:35.930Z,
ACK,12245,2026-09-26T17:30:36.028Z,
ACK,12246,2026-09-26T17:30:36.128Z,
ACK,12247,2026-09-26T17:30:36.228Z,
ACK,12248,2026-09-26T17:30:36.333Z,
ACK,12249,2026-09-26T17:30:36.428Z,
ACK,12250,2026-09-26T17:30:36.530Z,
ACK,12251,2026-09-26T17:30:36.625Z,
ACK,12252,2026-09-26T17:30:36.735Z,
ACK,12253,2026-09-26T17:30:36.830Z,
ACK,12254,2026-09-26T17:30:36.931Z,
ACK,12255,2026-09-26T17:30:37.026Z,
ACK,12256,2026-09-26T17:30:37.127Z,
ACK,12257,2026-09-26T17:30:37.229Z,
ACK,12258,2026-09-26T17:30:37.336Z,
ACK,12259,2026-09-26T17:30:37.433Z,
ACK,12260,2026-09-26T17:30:37.532Z,
ACK,12261,2026-09-26T17:30:37.632Z,
ACK,12262,2026-09-26T17:30:37.733Z,
ACK,12263,2026-09-26T17:30:37.839Z,
ACK,12264,2026-09-26T17:30:37.941Z,
ACK,12265,2026-09-26T17:30:38.046Z,
ACK,12266,2026-09-26T17:30:38.139Z,
ACK,12267,2026-09-26T17:30:38.236Z,
ACK,12268,2026-09-26T17:30:38.337Z,
ACK,12269,2026-09-26T17:30:38.443Z,
ACK,12270,2026-09-26T17:30:38.569Z,
ACK,12271,2026-09-26T17:30:38.664Z,
ACK,12272,2026-09-26T17:30:38.748Z,
ACK,12273,2026-09-26T17:30:38.835Z,
ACK,12274,2026-09-26T17:30:38.946Z,
ACK,12275,2026-09-26T17:30:39.040Z,
ACK,12276,2026-09-26T17:30:39.146Z,
ACK,12277,2026-09-26T17:30:39.243Z,
ACK,12278,2026-09-26T17:30:39.349Z,
ACK,12279,2026-09-26T17:30:39.440Z,
ACK,12280,2026-09-26T17:30:39.549Z,
ACK,12281,2026-09-26T17:30:39.656Z,
ACK,12282,2026-09-26T17:30:39.830Z,
ACK,12283,2026-09-26T17:30:39.896Z,
ACK,12284,2026-09-26T17:30:39.992Z,
ACK,12285,2026-09-26T17:30:40.092Z,
ACK,12286,2026-09-26T17:30:40.206Z,
ACK,12287,2026-09-26T17:30:40.296Z,
ACK,12288,2026-09-26T17:30:40.398Z,
ACK,12289,2026-09-26T17:30:40.495Z,
ACK,12290,2026-09-26T17:30:40.598Z,
ACK,12291,2026-09-26T17:30:40.702Z,
ACK,12292,2026-09-26T17:30:40.805Z,
ACK,12293,2026-09-26T17:30:40.922Z,
ACK,12294,2026-09-26T17:30:41.006Z,
ACK,12295,2026-09-26T17:30:41.134Z,
ACK,12296,2026-09-26T17:30:41.195Z,
ACK,12297,2026-09-26T17:30:41.303Z,
ACK,12298,2026-09-26T17:30:41.402Z,
ACK,12299,2026-09-26T17:30:41.506Z,
ACK,12300,2026-09-26T17:30:41.701Z,
ACK,12301,2026-09-26T17:30:41.763Z,
ACK,12302,2026-09-26T17:30:41.885Z,
ACK,12303,2026-09-26T17:30:42.001Z,
ACK,12304,2026-09-26T17:30:42.071Z,
ACK,12305,2026-09-26T17:30:42.163Z,
ACK,12306,2026-09-26T17:30:42.269Z,
ACK,12307,2026-09-26T17:30:42.374Z,
ACK,12308,2026-09-26T17:30:42.473Z,
ACK,12309,2026-09-26T17:30:42.705Z,
ACK,12310,2026-09-26T17:30:42.788Z,
ACK,12311,2026-09-26T17:30:42.878Z,
ACK,12312,2026-09-26T17:30:42.967Z,
ACK,12313,2026-09-26T17:30:43.066Z,
ACK,12314,2026-09-26T17:30:43.204Z,
ACK,12315,2026-09-26T17:30:43.268Z,
ACK,12316,2026-09-26T17:30:43.372Z,
ACK,12317,2026-09-26T17:30:43.471Z,
ACK,12318,2026-09-26T17:30:43.572Z,
ACK,12319,2026-09-26T17:30:43.666Z,
ACK,12320,2026-09-26T17:30:43.771Z,
ACK,12321,2026-09-26T17:30:43.874Z,
ACK,12322,2026-09-26T17:30:43.972Z,
ACK,12323,2026-09-26T17:30:44.082Z,
ACK,12324,2026-09-26T17:30:44.171Z,
ACK,12325,2026-09-26T17:30:44.276Z,
ACK,12326,2026-09-26T17:30:44.377Z,
ACK,12327,2026-09-26T17:30:44.479Z,
ACK,12328,2026-09-26T17:30:44.583Z,
ACK,12329,2026-09-26T17:30:44.697Z,
ACK,12330,2026-09-26T17:30:44.775Z,
ACK,12331,2026-09-26T17:30:44.872Z,
ACK,12332,2026-09-26T17:30:44.972Z,
ACK,12333,2026-09-26T17:30:45.076Z,
ACK,12334,2026-09-26T17:30:45.184Z,
ACK,12335,2026-09-26T17:30:45.280Z,
ACK,12336,2026-09-26T17:30:45.376Z,
ACK,12337,2026-09-26T17:30:45.482Z,
ACK,12338,2026-09-26T17:30:45.585Z,
ACK,12339,2026-09-26T17:30:45.675Z,
ACK,12340,2026-09-26T17:30:45.866Z,
ACK,12341,2026-09-26T17:30:45.929Z,
ACK,12342,2026-09-26T17:30:46.046Z,
ACK,12343,2026-09-26T17:30:46.143Z,
ACK,12344,2026-09-26T17:30:46.275Z,
ACK,12345,2026-09-26T17:30:46.336Z,
ACK,12346,2026-09-26T17:30:46.437Z,
ACK,12347,2026-09-26T17:30:46.536Z,
ACK,12348,2026-09-26T17:30:46.655Z,
ACK,12349,2026-09-26T17:30:46.740Z,
ACK,12350,2026-09-26T17:30:46.837Z,
ACK,12351,2026-09-26T17:30:46.936Z,
ACK,12352,2026-09-26T17:30:47.041Z,
ACK,12353,2026-09-26T17:30:47.137Z,
ACK,12354,2026-09-26T17:30:47.238Z,
ACK,12355,2026-09-26T17:30:47.338Z,
ACK,12356,2026-09-26T17:30:47.508Z,
ACK,12357,2026-09-26T17:30:47.579Z,
ACK,12358,2026-09-26T17:30:47.672Z,
ACK,12359,2026-09-26T17:30:47.772Z,
ACK,12360,2026-09-26T17:30:47.888Z,
ACK,12361,2026-09-26T17:30:47.980Z,
ACK,12362,2026-09-26T17:30:48.072Z,
ACK,12363,2026-09-26T17:30:48.178Z,
ACK,12364,2026-09-26T17:30:48.277Z,
ACK,12365,2026-09-26T17:30:48.377Z,
ACK,12366,2026-09-26T17:30:48.502Z,
ACK,12367,2026-09-26T17:30:48.586Z,
ACK,12368,2026-09-26T17:30:48.676Z,
ACK,12369,2026-09-26T17:30:48.793Z,
ACK,12370,2026-09-26T17:30:48.878Z,
ACK,12371,2026-09-26T17:30:49.003Z,
ACK,12372,2026-09-26T17:30:49.079Z,
ACK,12373,2026-09-26T17:30:49.211Z,
ACK,12374,2026-09-26T17:30:49.320Z,
ACK,12375,2026-09-26T17:30:49.397Z,
ACK,12376,2026-09-26T17:30:49.499Z,
ACK,12377,2026-09-26T17:30:49.588Z,
ACK,12378,2026-09-26T17:30:49.687Z,
ACK,12379,2026-09-26T17:30:49.791Z,
ACK,12380,2026-09-26T17:30:49.882Z,
ACK,12381,2026-09-26T17:30:50.000Z,
ACK,12382,2026-09-26T17:30:50.081Z,
ACK,12383,2026-09-26T17:30:50.211Z,
ACK,12384,2026-09-26T17:30:50.290Z,
ACK,12385,2026-09-26T17:30:50.402Z,
ACK,12386,2026-09-26T17:30:50.505Z,
ACK,12387,2026-09-26T17:30:50.605Z,
ACK,12388,2026-09-26T17:30:50.710Z,
ACK,12389,2026-09-26T17:30:50.793Z,
ACK,12390,2026-09-26T17:30:50.891Z,
ACK,12391,2026-09-26T17:30:50.992Z,
ACK,12392,2026-09-26T17:30:51.090Z,
ACK,12393,2026-09-26T17:30:51.201Z,
ACK,12394,2026-09-26T17:30:51.331Z,
ACK,12395,2026-09-26T17:30:51.430Z,
ACK,12396,2026-09-26T17:30:51.495Z,
ACK,12397,2026-09-26T17:30:51.606Z,
ACK,12398,2026-09-26T17:30:51.700Z,
ACK,12399,2026-09-26T17:30:51.801Z,
ACK,12400,2026-09-26T17:30:51.900Z,
ACK,12401,2026-09-26T17:30:51.995Z,
ACK,12402,2026-09-26T17:30:52.103Z,
ACK,12403,2026-09-26T17:30:52.224Z,
ACK,12404,2026-09-26T17:30:52.301Z,
ACK,12405,2026-09-26T17:30:52.424Z,
ACK,12406,2026-09-26T17:30:52.498Z,
ACK,12407,2026-09-26T17:30:52.600Z,
ACK,12408,2026-09-26T17:30:52.750Z,
ACK,12409,2026-09-26T17:30:52.812Z,
ACK,12410,2026-09-26T17:30:52.923Z,
ACK,12411,2026-09-26T17:30:53.013Z,
ACK,12412,2026-09-26T17:30:53.118Z,
ACK,12413,2026-09-26T17:30:53.213Z,
ACK,12414,2026-09-26T17:30:53.315Z,
ACK,12415,2026-09-26T17:30:53.423Z,
ACK,12416,2026-09-26T17:30:53.513Z,
ACK,12417,2026-09-26T17:30:53.617Z,
ACK,12418,2026-09-26T17:30:53.711Z,
ACK,12419,2026-09-26T17:30:53.818Z,
ACK,12420,2026-09-26T17:30:53.913Z,
ACK,12421,2026-09-26T17:30:54.016Z,
ACK,12422,2026-09-26T17:30:54.114Z,
ACK,12423,2026-09-26T17:30:54.219Z,
ACK,12424,2026-09-26T17:30:54.320Z,
ACK,12425,2026-09-26T17:30:54.425Z,
ACK,12426,2026-09-26T17:30:54.517Z,
ACK,12427,2026-09-26T17:30:54.625Z,
ACK,12428,2026-09-26T17:30:54.724Z,
ACK,12429,2026-09-26T17:30:54.821Z,
ACK,12430,2026-09-26T17:30:54.925Z,
ACK,12431,2026-09-26T17:30:55.017Z,
ACK,12432,2026-09-26T17:30:55.123Z,
ACK,12433,2026-09-26T17:30:55.223Z,
ACK,12434,2026-09-26T17:30:55.358Z,
ACK,12435,2026-09-26T17:30:55.425Z,
ACK,12436,2026-09-26T17:30:55.521Z,
ACK,12437,2026-09-26T17:30:55.624Z,
ACK,12438,2026-09-26T17:30:55.726Z,
ACK,12439,2026-09-26T17:30:55.833Z,
ACK,12440,2026-09-26T17:30:55.926Z,
ACK,12441,2026-09-26T17:30:56.033Z,
ACK,12442,2026-09-26T17:30:56.127Z,
ACK,12443,2026-09-26T17:30:56.229Z,
ACK,12444,2026-09-26T17:30:56.331Z,
ACK,12445,2026-09-26T17:30:56.427Z,
ACK,12446,2026-09-26T17:30:56.525Z,
ACK,12447,2026-09-26T17:30:56.626Z,
ACK,12448,2026-09-26T17:30:56.730Z,
ACK,12449,2026-09-26T17:30:56.832Z,
ACK,12450,2026-09-26T17:30:56.927Z,
ACK,12451,2026-09-26T17:30:57.038Z,
ACK,12452,2026-09-26T17:30:57.131Z,
ACK,12453,2026-09-26T17:30:57.232Z,
ACK,12454,2026-09-26T17:30:57.348Z,
ACK,12455,2026-09-26T17:30:57.438Z,
ACK,12456,2026-09-26T17:30:57.569Z,
ACK,12457,2026-09-26T17:30:57.635Z,
ACK,12458,2026-09-26T17:30:57.730Z,
ACK,12459,2026-09-26T17:30:57.842Z,
ACK,12460,2026-09-26T17:30:57.938Z,
ACK,12461,2026-09-26T17:30:58.036Z,
ACK,12462,2026-09-26T17:30:58.138Z,
ACK,12463,2026-09-26T17:30:58.335Z,
ACK,12464,2026-09-26T17:30:58.455Z,
ACK,12465,2026-09-26T17:30:58.518Z,
ACK,12466,2026-09-26T17:30:58.617Z,
ACK,12467,2026-09-26T17:30:58.715Z,
ACK,12468,2026-09-26T17:30:58.865Z,
ACK,12469,2026-09-26T17:30:58.932Z,
ACK,12470,2026-09-26T17:30:59.031Z,
ACK,12471,2026-09-26T17:30:59.204Z,
ACK,12472,2026-09-26T17:30:59.301Z,
ACK,12473,2026-09-26T17:30:59.406Z,
ACK,12474,2026-09-26T17:30:59.525Z,
ACK,12475,2026-09-26T17:30:59.586Z,
ACK,12476,2026-09-26T17:30:59.691Z,
ACK,12477,2026-09-26T17:30:59.791Z,
ACK,12478,2026-09-26T17:30:59.885Z,
ACK,12479,2026-09-26T17:30:59.998Z,
ACK,12480,2026-09-26T17:31:00.086Z,
ACK,12481,2026-09-26T17:31:00.225Z,
ACK,12482,2026-09-26T17:31:00.298Z,
ACK,12483,2026-09-26T17:31:00.504Z,
ACK,12484,2026-09-26T17:31:00.592Z,
ACK,12485,2026-09-26T17:31:00.673Z,
ACK,12486,2026-09-26T17:31:00.785Z,
ACK,12487,2026-09-26T17:31:00.916Z,
ACK,12488,2026-09-26T17:31:00.987Z,
ACK,12489,2026-09-26T17:31:01.085Z,
ACK,12490,2026-09-26T17:31:01.224Z,
ACK,12491,2026-09-26T17:31:01.303Z,
ACK,12492,2026-09-26T17:31:01.402Z,
ACK,12493,2026-09-26T17:31:01.491Z,
ACK,12494,2026-09-26T17:31:01.587Z,
ACK,12495,2026-09-26T17:31:01.690Z,
ACK,12496,2026-09-26T17:31:01.787Z,
ACK,12497,2026-09-26T17:31:01.890Z,
ACK,12498,2026-09-26T17:31:01.987Z,
ACK,12499,2026-09-26T17:31:02.110Z,
ACK,12500,2026-09-26T17:31:02.191Z,
ACK,12501,2026-09-26T17:31:02.308Z,
ACK,12502,2026-09-26T17:31:02.389Z,
ACK,12503,2026-09-26T17:31:02.487Z,
ACK,12504,2026-09-26T17:31:02.591Z,
ACK,12505,2026-09-26T17:31:02.707Z,
ACK,12506,2026-09-26T17:31:02.795Z,
ACK,12507,2026-09-26T17:31:02.893Z,
ACK,12508,2026-09-26T17:31:02.993Z,
ACK,12509,2026-09-26T17:31:03.116Z,
ACK,12510,2026-09-26T17:31:03.199Z,
ACK,12511,2026-09-26T17:31:03.292Z,
ACK,12512,2026-09-26T17:31:03.429Z,
ACK,12513,2026-09-26T17:31:03.528Z,
ACK,12514,2026-09-26T17:31:03.599Z,
ACK,12515,2026-09-26T17:31:03.736Z,
ACK,12516,2026-09-26T17:31:03.864Z,
ACK,12517,2026-09-26T17:31:03.930Z,
ACK,12518,2026-09-26T17:31:04.039Z,
ACK,12519,2026-09-26T17:31:04.147Z,
ACK,12520,2026-09-26T17:31:04.228Z,
ACK,12521,2026-09-26T17:31:04.353Z,
ACK,12522,2026-09-26T17:31:04.479Z,
ACK,12523,2026-09-26T17:31:04.545Z,
ACK,12524,2026-09-26T17:31:04.650Z,
ACK,12525,2026-09-26T17:31:04.787Z,
ACK,12526,2026-09-26T17:31:04.860Z,
ACK,12527,2026-09-26T17:31:04.962Z,
ACK,12528,2026-09-26T17:31:05.099Z,
ACK,12529,2026-09-26T17:31:05.171Z,
ACK,12530,2026-09-26T17:31:05.265Z,
ACK,12531,2026-09-26T17:31:05.361Z,
ACK,12532,2026-09-26T17:31:05.463Z,
ACK,12533,2026-09-26T17:31:05.560Z,
ACK,12534,2026-09-26T17:31:05.661Z,
ACK,12535,2026-09-26T17:31:05.764Z,
ACK,12536,2026-09-26T17:31:05.862Z,
ACK,12537,2026-09-26T17:31:05.967Z,
ACK,12538,2026-09-26T17:31:06.068Z,
ACK,12539,2026-09-26T17:31:06.166Z,
ACK,12540,2026-09-26T17:31:06.285Z,
ACK,12541,2026-09-26T17:31:06.442Z,
ACK,12542,2026-09-26T17:31:06.506Z,
ACK,12543,2026-09-26T17:31:06.631Z,
ACK,12544,2026-09-26T17:31:06.788Z,
ACK,12545,2026-09-26T17:31:06.851Z,
ACK,12546,2026-09-26T17:31:07.017Z,
ACK,12547,2026-09-26T17:31:07.088Z,
ACK,12548,2026-09-26T17:31:07.178Z,
ACK,12549,2026-09-26T17:31:07.324Z,
ACK,12550,2026-09-26T17:31:07.391Z,
ACK,12551,2026-09-26T17:31:07.502Z,
ACK,12552,2026-09-26T17:31:07.601Z,
ACK,12553,2026-09-26T17:31:07.686Z,
ACK,12554,2026-09-26T17:31:07.793Z,
ACK,12555,2026-09-26T17:31:07.891Z,
ACK,12556,2026-09-26T17:31:07.992Z,
ACK,12557,2026-09-26T17:31:08.103Z,
ACK,12558,2026-09-26T17:31:08.191Z,
ACK,12559,2026-09-26T17:31:08.291Z,
ACK,12560,2026-09-26T17:31:08.419Z,
ACK,12561,2026-09-26T17:31:08.496Z,
ACK,12562,2026-09-26T17:31:08.596Z,
ACK,12563,2026-09-26T17:31:08.691Z,
ACK,12564,2026-09-26T17:31:08.800Z,
ACK,12565,2026-09-26T17:31:08.894Z,
ACK,12566,2026-09-26T17:31:09.225Z,
ACK,12567,2026-09-26T17:31:09.286Z,
ACK,12568,2026-09-26T17:31:09.416Z,
ACK,12569,2026-09-26T17:31:09.532Z,
ACK,12570,2026-09-26T17:31:09.594Z,
ACK,12571,2026-09-26T17:31:09.692Z,
ACK,12572,2026-09-26T17:31:09.796Z,
ACK,12573,2026-09-26T17:31:09.894Z,
ACK,12574,2026-09-26T17:31:09.996Z,
ACK,12575,2026-09-26T17:31:10.096Z,
ACK,12576,2026-09-26T17:31:10.198Z,
ACK,12577,2026-09-26T17:31:10.298Z,
ACK,12578,2026-09-26T17:31:10.416Z,
ACK,12579,2026-09-26T17:31:10.513Z,
ACK,12580,2026-09-26T17:31:10.604Z,
ACK,12581,2026-09-26T17:31:10.702Z,
ACK,12582,2026-09-26T17:31:10.807Z,
ACK,12583,2026-09-26T17:31:10.897Z,
ACK,12584,2026-09-26T17:31:11.006Z,
ACK,12585,2026-09-26T17:31:11.128Z,
ACK,12586,2026-09-26T17:31:11.213Z,
ACK,12587,2026-09-26T17:31:11.313Z,
ACK,12588,2026-09-26T17:31:11.406Z,
ACK,12589,2026-09-26T17:31:11.505Z,
ACK,12590,2026-09-26T17:31:11.601Z,
ACK,12591,2026-09-26T17:31:11.705Z,
ACK,12592,2026-09-26T17:31:11.806Z,
ACK,12593,2026-09-26T17:31:11.921Z,
ACK,12594,2026-09-26T17:31:12.006Z,
ACK,12595,2026-09-26T17:31:12.214Z,
ACK,12596,2026-09-26T17:31:12.278Z,
ACK,12597,2026-09-26T17:31:12.377Z,
ACK,12598,2026-09-26T17:31:12.475Z,
ACK,12599,2026-09-26T17:31:12.594Z,
ACK,12600,2026-09-26T17:31:12.678Z,
ACK,12601,2026-09-26T17:31:12.795Z,
ACK,12602,2026-09-26T17:31:12.880Z,
ACK,12603,2026-09-26T17:31:12.982Z,
ACK,12604,2026-09-26T17:31:13.077Z,
ACK,12605,2026-09-26T17:31:13.181Z,
ACK,12606,2026-09-26T17:31:13.286Z,
ACK,12607,2026-09-26T17:31:13.380Z,
ACK,12608,2026-09-26T17:31:13.501Z,
ACK,12609,2026-09-26T17:31:13.582Z,
ACK,12610,2026-09-26T17:31:13.690Z,
ACK,12611,2026-09-26T17:31:13.786Z,
ACK,12612,2026-09-26T17:31:13.882Z,
ACK,12613,2026-09-26T17:31:14.043Z,
ACK,12614,2026-09-26T17:31:14.112Z,
ACK,12615,2026-09-26T17:31:14.214Z,
ACK,12616,2026-09-26T17:31:14.319Z,
ACK,12617,2026-09-26T17:31:14.408Z,
ACK,12618,2026-09-26T17:31:14.512Z,
ACK,12619,2026-09-26T17:31:14.607Z,
ACK,12620,2026-09-26T17:31:14.757Z,
ACK,12621,2026-09-26T17:31:14.822Z,
ACK,12622,2026-09-26T17:31:14.916Z,
ACK,12623,2026-09-26T17:31:15.022Z,
ACK,12624,2026-09-26T17:31:15.124Z,
ACK,12625,2026-09-26T17:31:15.240Z,
ACK,12626,2026-09-26T17:31:15.342Z,
ACK,12627,2026-09-26T17:31:15.539Z,
ACK,12628,2026-09-26T17:31:15.603Z,
ACK,12629,2026-09-26T17:31:15.715Z,
ACK,12630,2026-09-26T17:31:15.810Z,
ACK,12631,2026-09-26T17:31:16.151Z,
ACK,12632,2026-09-26T17:31:16.245Z,
ACK,12633,2026-09-26T17:31:16.556Z,
ACK,12634,2026-09-26T17:31:16.714Z,
ACK,12635,2026-09-26T17:31:16.774Z,
ACK,12636,2026-09-26T17:31:16.878Z,
ACK,12637,2026-09-26T17:31:16.982Z,
ACK,12638,2026-09-26T17:31:17.080Z,
ACK,12639,2026-09-26T17:31:17.183Z,
ACK,12640,2026-09-26T17:31:17.284Z,
ACK,12641,2026-09-26T17:31:17.543Z,
ACK,12642,2026-09-26T17:31:17.610Z,
ACK,12643,2026-09-26T17:31:17.714Z,
ACK,12644,2026-09-26T17:31:17.808Z,
ACK,12645,2026-09-26T17:31:17.922Z,
ACK,12646,2026-09-26T17:31:18.005Z,
ACK,12647,2026-09-26T17:31:18.108Z,
ACK,12648,2026-09-26T17:31:18.210Z,
ACK,12649,2026-09-26T17:31:18.305Z,
ACK,12650,2026-09-26T17:31:18.422Z,
ACK,12651,2026-09-26T17:31:18.508Z,
ACK,12652,2026-09-26T17:31:18.620Z,
ACK,12653,2026-09-26T17:31:18.716Z,
ACK,12654,2026-09-26T17:31:18.832Z,
ACK,12655,2026-09-26T17:31:18.915Z,
ACK,12656,2026-09-26T17:31:19.015Z,
ACK,12657,2026-09-26T17:31:19.141Z,
ACK,12658,2026-09-26T17:31:19.361Z,
ACK,12659,2026-09-26T17:31:19.454Z,
ACK,12660,2026-09-26T17:31:19.521Z,
ACK,12661,2026-09-26T17:31:19.716Z,
ACK,12662,2026-09-26T17:31:19.775Z,
ACK,12663,2026-09-26T17:31:19.890Z,
ACK,12664,2026-09-26T17:31:19.989Z,
ACK,12665,2026-09-26T17:31:20.080Z,
ACK,12666,2026-09-26T17:31:20.178Z,
ACK,12667,2026-09-26T17:31:20.273Z,
ACK,12668,2026-09-26T17:31:20.387Z,
ACK,12669,2026-09-26T17:31:20.495Z,
ACK,12670,2026-09-26T17:31:20.583Z,
ACK,12671,2026-09-26T17:31:20.683Z,
ACK,12672,2026-09-26T17:31:20.797Z,
ACK,12673,2026-09-26T17:31:20.906Z,
ACK,12674,2026-09-26T17:31:20.979Z,
ACK,12675,2026-09-26T17:31:21.085Z,
ACK,12676,2026-09-26T17:31:21.181Z,
ACK,12677,2026-09-26T17:31:21.281Z,
ACK,12678,2026-09-26T17:31:21.383Z,
ACK,12679,2026-09-26T17:31:21.483Z,
ACK,12680,2026-09-26T17:31:21.586Z,
ACK,12681,2026-09-26T17:31:21.683Z,
ACK,12682,2026-09-26T17:31:21.782Z,
ACK,12683,2026-09-26T17:31:22.131Z,
ACK,12684,2026-09-26T17:31:22.192Z,
ACK,12685,2026-09-26T17:31:22.293Z,
ACK,12686,2026-09-26T17:31:22.416Z,
ACK,12687,2026-09-26T17:31:22.489Z,
ACK,12688,2026-09-26T17:31:22.714Z,
ACK,12689,2026-09-26T17:31:22.776Z,
ACK,12690,2026-09-26T17:31:22.879Z,
ACK,12691,2026-09-26T17:31:22.974Z,
ACK,12692,2026-09-26T17:31:23.071Z,
ACK,12693,2026-09-26T17:31:23.176Z,
ACK,12694,2026-09-26T17:31:23.289Z,
ACK,12695,2026-09-26T17:31:23.384Z,
ACK,12696,2026-09-26T17:31:23.472Z,
ACK,12697,2026-09-26T17:31:23.577Z,
ACK,12698,2026-09-26T17:31:23.688Z,
ACK,12699,2026-09-26T17:31:23.772Z,
ACK,12700,2026-09-26T17:31:23.886Z,
ACK,12701,2026-09-26T17:31:23.972Z,
ACK,12702,2026-09-26T17:31:24.088Z,
ACK,12703,2026-09-26T17:31:24.192Z,
ACK,12704,2026-09-26T17:31:24.287Z,
ACK,12705,2026-09-26T17:31:24.418Z,
ACK,12706,2026-09-26T17:31:24.478Z,
ACK,12707,2026-09-26T17:31:24.583Z,
ACK,12708,2026-09-26T17:31:24.691Z,
ACK,12709,2026-09-26T17:31:24.822Z,
ACK,12710,2026-09-26T17:31:24.879Z,
ACK,12711,2026-09-26T17:31:24.988Z,
ACK,12712,2026-09-26T17:31:25.085Z,
ACK,12713,2026-09-26T17:31:25.188Z,
ACK,12714,2026-09-26T17:31:25.282Z,
ACK,12715,2026-09-26T17:31:25.386Z,
ACK,12716,2026-09-26T17:31:25.488Z,
ACK,12717,2026-09-26T17:31:25.589Z,
ACK,12718,2026-09-26T17:31:25.698Z,
ACK,12719,2026-09-26T17:31:25.789Z,
ACK,12720,2026-09-26T17:31:25.894Z,
ACK,12721,2026-09-26T17:31:26.035Z,
ACK,12722,2026-09-26T17:31:26.102Z,
ACK,12723,2026-09-26T17:31:26.200Z,
ACK,12724,2026-09-26T17:31:26.302Z,
ACK,12725,2026-09-26T17:31:26.397Z,
ACK,12726,2026-09-26T17:31:26.496Z,
ACK,12727,2026-09-26T17:31:26.615Z,
ACK,12728,2026-09-26T17:31:26.697Z,
ACK,12729,2026-09-26T17:31:26.801Z,
ACK,12730,2026-09-26T17:31:26.903Z,
ACK,12731,2026-09-26T17:31:27.077Z,
ACK,12732,2026-09-26T17:31:27.145Z,
ACK,12733,2026-09-26T17:31:27.235Z,
ACK,12734,2026-09-26T17:31:27.338Z,
ACK,12735,2026-09-26T17:31:27.444Z,
ACK,12736,2026-09-26T17:31:27.548Z,
ACK,12737,2026-09-26T17:31:27.638Z,
ACK,12738,2026-09-26T17:31:27.753Z,
ACK,12739,2026-09-26T17:31:27.845Z,
ACK,12740,2026-09-26T17:31:27.937Z,
ACK,12741,2026-09-26T17:31:28.074Z,
ACK,12742,2026-09-26T17:31:28.144Z,
ACK,12743,2026-09-26T17:31:28.239Z,
ACK,12744,2026-09-26T17:31:28.361Z,
ACK,12745,2026-09-26T17:31:28.442Z,
ACK,12746,2026-09-26T17:31:28.544Z,
ACK,12747,2026-09-26T17:31:28.640Z,
ACK,12748,2026-09-26T17:31:28.744Z,
ACK,12749,2026-09-26T17:31:28.856Z,
ACK,12750,2026-09-26T17:31:28.947Z,
ACK,12751,2026-09-26T17:31:29.083Z,
ACK,12752,2026-09-26T17:31:29.188Z,
ACK,12753,2026-09-26T17:31:29.299Z,
ACK,12754,2026-09-26T17:31:29.360Z,
ACK,12755,2026-09-26T17:31:29.460Z,
ACK,12756,2026-09-26T17:31:29.559Z,
ACK,12757,2026-09-26T17:31:29.662Z,
ACK,12758,2026-09-26T17:31:29.763Z,
ACK,12759,2026-09-26T17:31:29.859Z,
ACK,12760,2026-09-26T17:31:29.960Z,
ACK,12761,2026-09-26T17:31:30.083Z,
ACK,12762,2026-09-26T17:31:30.163Z,
ACK,12763,2026-09-26T17:31:30.258Z,
ACK,12764,2026-09-26T17:31:30.362Z,
ACK,12765,2026-09-26T17:31:30.466Z,
ACK,12766,2026-09-26T17:31:30.564Z,
ACK,12767,2026-09-26T17:31:30.700Z,
ACK,12768,2026-09-26T17:31:30.771Z,
ACK,12769,2026-09-26T17:31:30.861Z,
ACK,12770,2026-09-26T17:31:30.989Z,
ACK,12771,2026-09-26T17:31:31.066Z,
ACK,12772,2026-09-26T17:31:31.168Z,
ACK,12773,2026-09-26T17:31:31.266Z,
ACK,12774,2026-09-26T17:31:31.365Z,
ACK,12775,2026-09-26T17:31:31.467Z,
ACK,12776,2026-09-26T17:31:31.567Z,
ACK,12777,2026-09-26T17:31:31.676Z,
ACK,12778,2026-09-26T17:31:31.768Z,
ACK,12779,2026-09-26T17:31:31.872Z,
ACK,12780,2026-09-26T17:31:31.967Z,
ACK,12781,2026-09-26T17:31:32.094Z,
ACK,12782,2026-09-26T17:31:32.168Z,
ACK,12783,2026-09-26T17:31:32.273Z,
ACK,12784,2026-09-26T17:31:32.405Z,
ACK,12785,2026-09-26T17:31:32.470Z,
ACK,12786,2026-09-26T17:31:32.575Z,
ACK,12787,2026-09-26T17:31:32.671Z,
ACK,12788,2026-09-26T17:31:32.771Z,
ACK,12789,2026-09-26T17:31:32.872Z,
ACK,12790,2026-09-26T17:31:32.976Z,
ACK,12791,2026-09-26T17:31:33.112Z,
ACK,12792,2026-09-26T17:31:33.178Z,
ACK,12793,2026-09-26T17:31:33.277Z,
ACK,12794,2026-09-26T17:31:33.376Z,
ACK,12795,2026-09-26T17:31:33.476Z,
ACK,12796,2026-09-26T17:31:33.578Z,
ACK,12797,2026-09-26T17:31:33.702Z,
ACK,12798,2026-09-26T17:31:33.776Z,
ACK,12799,2026-09-26T17:31:33.878Z,
ACK,12800,2026-09-26T17:31:33.992Z,
ACK,12801,2026-09-26T17:31:34.090Z,
ACK,12802,2026-09-26T17:31:34.181Z,
ACK,12803,2026-09-26T17:31:34.281Z,
ACK,12804,2026-09-26T17:31:34.409Z,
ACK,12805,2026-09-26T17:31:34.495Z,
ACK,12806,2026-09-26T17:31:34.608Z,
ACK,12807,2026-09-26T17:31:34.685Z,
ACK,12808,2026-09-26T17:31:34.788Z,
ACK,12809,2026-09-26T17:31:34.886Z,
ACK,12810,2026-09-26T17:31:34.985Z,
ACK,12811,2026-09-26T17:31:35.081Z,
ACK,12812,2026-09-26T17:31:35.224Z,
ACK,12813,2026-09-26T17:31:35.298Z,
ACK,12814,2026-09-26T17:31:35.393Z,
ACK,12815,2026-09-26T17:31:35.488Z,
ACK,12816,2026-09-26T17:31:35.603Z,
ACK,12817,2026-09-26T17:31:35.691Z,
ACK,12818,2026-09-26T17:31:35.803Z,
ACK,12819,2026-09-26T17:31:35.919Z,
ACK,12820,2026-09-26T17:31:36.045Z,
ACK,12821,2026-09-26T17:31:36.107Z,
ACK,12822,2026-09-26T17:31:36.213Z,
ACK,12823,2026-09-26T17:31:36.305Z,
ACK,12824,2026-09-26T17:31:36.408Z,
ACK,12825,2026-09-26T17:31:36.503Z,
ACK,12826,2026-09-26T17:31:36.614Z,
ACK,12827,2026-09-26T17:31:36.710Z,
ACK,12828,2026-09-26T17:31:36.811Z,
ACK,12829,2026-09-26T17:31:36.908Z,
ACK,12830,2026-09-26T17:31:37.009Z,
ACK,12831,2026-09-26T17:31:37.110Z,
ACK,12832,2026-09-26T17:31:37.224Z,
ACK,12833,2026-09-26T17:31:37.308Z,
ACK,12834,2026-09-26T17:31:37.410Z,
ACK,12835,2026-09-26T17:31:37.507Z,
ACK,12836,2026-09-26T17:31:37.612Z,
ACK,12837,2026-09-26T17:31:37.719Z,
ACK,12838,2026-09-26T17:31:37.822Z,
ACK,12839,2026-09-26T17:31:37.914Z,
ACK,12840,2026-09-26T17:31:38.013Z,
ACK,12841,2026-09-26T17:31:38.122Z,
ACK,12842,2026-09-26T17:31:38.237Z,
ACK,12843,2026-09-26T17:31:38.314Z,
ACK,12844,2026-09-26T17:31:38.415Z,
ACK,12845,2026-09-26T17:31:38.545Z,
ACK,12846,2026-09-26T17:31:38.619Z,
ACK,12847,2026-09-26T17:31:38.716Z,
ACK,12848,2026-09-26T17:31:38.816Z,
ACK,12849,2026-09-26T17:31:38.917Z,
ACK,12850,2026-09-26T17:31:39.017Z,
ACK,12851,2026-09-26T17:31:39.116Z,
ACK,12852,2026-09-26T17:31:39.225Z,
ACK,12853,2026-09-26T17:31:39.360Z,
ACK,12854,2026-09-26T17:31:39.425Z,
ACK,12855,2026-09-26T17:31:39.525Z,
ACK,12856,2026-09-26T17:31:39.704Z,
ACK,12857,2026-09-26T17:31:39.826Z,
ACK,12858,2026-09-26T17:31:39.887Z,
ACK,12859,2026-09-26T17:31:39.982Z,
ACK,12860,2026-09-26T17:31:40.087Z,
ACK,12861,2026-09-26T17:31:40.186Z,
ACK,12862,2026-09-26T17:31:40.294Z,
ACK,12863,2026-09-26T17:31:40.397Z,
ACK,12864,2026-09-26T17:31:40.524Z,
ACK,12865,2026-09-26T17:31:40.589Z,
ACK,12866,2026-09-26T17:31:40.697Z,
ACK,12867,2026-09-26T17:31:40.791Z,
ACK,12868,2026-09-26T17:31:40.886Z,
ACK,12869,2026-09-26T17:31:40.992Z,
ACK,12870,2026-09-26T17:31:41.091Z,
ACK,12871,2026-09-26T17:31:41.224Z,
ACK,12872,2026-09-26T17:31:41.295Z,
ACK,12873,2026-09-26T17:31:41.391Z,
ACK,12874,2026-09-26T17:31:41.532Z,
ACK,12875,2026-09-26T17:31:41.597Z,
ACK,12876,2026-09-26T17:31:41.697Z,
ACK,12877,2026-09-26T17:31:41.792Z,
ACK,12878,2026-09-26T17:31:41.896Z,
ACK,12879,2026-09-26T17:31:41.993Z,
ACK,12880,2026-09-26T17:31:42.224Z,
ACK,12881,2026-09-26T17:31:42.282Z,
ACK,12882,2026-09-26T17:31:42.384Z,
ACK,12883,2026-09-26T17:31:42.481Z,
ACK,12884,2026-09-26T17:31:42.599Z,
ACK,12885,2026-09-26T17:31:42.686Z,
ACK,12886,2026-09-26T17:31:42.783Z,
ACK,12887,2026-09-26T17:31:42.883Z,
ACK,12888,2026-09-26T17:31:42.993Z,
ACK,12889,2026-09-26T17:31:43.086Z,
ACK,12890,2026-09-26T17:31:43.187Z,
ACK,12891,2026-09-26T17:31:43.288Z,
ACK,12892,2026-09-26T17:31:43.387Z,
ACK,12893,2026-09-26T17:31:43.491Z,
ACK,12894,2026-09-26T17:31:43.592Z,
ACK,12895,2026-09-26T17:31:43.687Z,
ACK,12896,2026-09-26T17:31:43.787Z,
ACK,12897,2026-09-26T17:31:43.915Z,
ACK,12898,2026-09-26T17:31:43.988Z,
ACK,12899,2026-09-26T17:31:44.097Z,
ACK,12900,2026-09-26T17:31:44.193Z,
ACK,12901,2026-09-26T17:31:44.321Z,
ACK,12902,2026-09-26T17:31:44.395Z,
ACK,12903,2026-09-26T17:31:44.488Z,
ACK,12904,2026-09-26T17:31:44.660Z,
ACK,12905,2026-09-26T17:31:44.721Z,
ACK,12906,2026-09-26T17:31:44.830Z,
ACK,12907,2026-09-26T17:31:44.951Z,
ACK,12908,2026-09-26T17:31:45.016Z,
ACK,12909,2026-09-26T17:31:45.117Z,
ACK,12910,2026-09-26T17:31:45.372Z,
ACK,12911,2026-09-26T17:31:45.433Z,
ACK,12912,2026-09-26T17:31:45.535Z,
ACK,12913,2026-09-26T17:31:45.703Z,
ACK,12914,2026-09-26T17:31:45.767Z,
ACK,12915,2026-09-26T17:31:45.875Z,
ACK,12916,2026-09-26T17:31:45.960Z,
ACK,12917,2026-09-26T17:31:46.070Z,
ACK,12918,2026-09-26T17:31:46.167Z,
ACK,12919,2026-09-26T17:31:46.272Z,
ACK,12920,2026-09-26T17:31:46.365Z,
ACK,12921,2026-09-26T17:31:46.462Z,
ACK,12922,2026-09-26T17:31:46.563Z,
ACK,12923,2026-09-26T17:31:46.668Z,
ACK,12924,2026-09-26T17:31:46.763Z,
ACK,12925,2026-09-26T17:31:46.874Z,
ACK,12926,2026-09-26T17:31:46.967Z,
ACK,12927,2026-09-26T17:31:47.065Z,
ACK,12928,2026-09-26T17:31:47.203Z,
ACK,12929,2026-09-26T17:31:47.266Z,
ACK,12930,2026-09-26T17:31:47.370Z,
ACK,12931,2026-09-26T17:31:47.464Z,
ACK,12932,2026-09-26T17:31:47.569Z,
ACK,12933,2026-09-26T17:31:47.667Z,
ACK,12934,2026-09-26T17:31:47.768Z,
ACK,12935,2026-09-26T17:31:47.880Z,
ACK,12936,2026-09-26T17:31:47.972Z,
ACK,12937,2026-09-26T17:31:48.070Z,
ACK,12938,2026-09-26T17:31:48.214Z,
ACK,12939,2026-09-26T17:31:48.272Z,
ACK,12940,2026-09-26T17:31:48.371Z,
ACK,12941,2026-09-26T17:31:48.476Z,
ACK,12942,2026-09-26T17:31:48.571Z,
ACK,12943,2026-09-26T17:31:48.682Z,
ACK,12944,2026-09-26T17:31:48.801Z,
ACK,12945,2026-09-26T17:31:48.874Z,
ACK,12946,2026-09-26T17:31:48.976Z,
ACK,12947,2026-09-26T17:31:49.073Z,
ACK,12948,2026-09-26T17:31:49.176Z,
ACK,12949,2026-09-26T17:31:49.277Z,
ACK,12950,2026-09-26T17:31:49.397Z,
ACK,12951,2026-09-26T17:31:49.474Z,
ACK,12952,2026-09-26T17:31:49.578Z,
ACK,12953,2026-09-26T17:31:49.686Z,
ACK,12954,2026-09-26T17:31:49.891Z,
ACK,12955,2026-09-26T17:31:50.031Z,
ACK,12956,2026-09-26T17:31:50.200Z,
ACK,12957,2026-09-26T17:31:50.359Z,
ACK,12958,2026-09-26T17:31:50.422Z,
ACK,12959,2026-09-26T17:31:50.668Z,
ACK,12960,2026-09-26T17:31:50.726Z,
ACK,12961,2026-09-26T17:31:50.931Z,
ACK,12962,2026-09-26T17:31:51.113Z,
ACK,12963,2026-09-26T17:31:51.172Z,
ACK,12964,2026-09-26T17:31:51.292Z,
ACK,12965,2026-09-26T17:31:51.373Z,
ACK,12966,2026-09-26T17:31:51.477Z,
ACK,12967,2026-09-26T17:31:51.579Z,
ACK,12968,2026-09-26T17:31:51.675Z,
ACK,12969,2026-09-26T17:31:51.771Z,
ACK,12970,2026-09-26T17:31:51.875Z,
ACK,12971,2026-09-26T17:31:51.972Z,
ACK,12972,2026-09-26T17:31:52.081Z,
ACK,12973,2026-09-26T17:31:52.214Z,
ACK,12974,2026-09-26T17:31:52.283Z,
ACK,12975,2026-09-26T17:31:52.379Z,
ACK,12976,2026-09-26T17:31:52.482Z,
ACK,12977,2026-09-26T17:31:52.587Z,
ACK,12978,2026-09-26T17:31:52.681Z,
ACK,12979,2026-09-26T17:31:52.781Z,
ACK,12980,2026-09-26T17:31:52.934Z,
ACK,12981,2026-09-26T17:31:52.992Z,
ACK,12982,2026-09-26T17:31:53.092Z,
ACK,12983,2026-09-26T17:31:53.197Z,
ACK,12984,2026-09-26T17:31:53.303Z,
ACK,12985,2026-09-26T17:31:53.391Z,
ACK,12986,2026-09-26T17:31:53.497Z,
ACK,12987,2026-09-26T17:31:53.593Z,
ACK,12988,2026-09-26T17:31:53.697Z,
ACK,12989,2026-09-26T17:31:53.797Z,
ACK,12990,2026-09-26T17:31:53.900Z,
ACK,12991,2026-09-26T17:31:54.005Z,
ACK,12992,2026-09-26T17:31:54.097Z,
ACK,12993,2026-09-26T17:31:54.215Z,
ACK,12994,2026-09-26T17:31:54.307Z,
ACK,12995,2026-09-26T17:31:54.431Z,
ACK,12996,2026-09-26T17:31:54.503Z,
ACK,12997,2026-09-26T17:31:54.602Z,
ACK,12998,2026-09-26T17:31:54.742Z,
ACK,12999,2026-09-26T17:31:54.806Z,
ACK,13000,2026-09-26T17:31:54.904Z,
ACK,13001,2026-09-26T17:31:55.203Z,
ACK,13002,2026-09-26T17:31:55.283Z,
ACK,13003,2026-09-26T17:31:55.361Z,
ACK,13004,2026-09-26T17:31:55.467Z,
ACK,13005,2026-09-26T17:31:55.562Z,
ACK,13006,2026-09-26T17:31:55.667Z,
ACK,13007,2026-09-26T17:31:55.765Z,
ACK,13008,2026-09-26T17:31:55.875Z,
ACK,13009,2026-09-26T17:31:55.964Z,
ACK,13010,2026-09-26T17:31:56.155Z,
ACK,13011,2026-09-26T17:31:56.213Z,
ACK,13012,2026-09-26T17:31:56.319Z,
ACK,13013,2026-09-26T17:31:56.667Z,
ACK,13014,2026-09-26T17:31:56.767Z,
ACK,13015,2026-09-26T17:31:56.835Z,
ACK,13016,2026-09-26T17:31:56.929Z,
ACK,13017,2026-09-26T17:31:57.027Z,
ACK,13018,2026-09-26T17:31:57.129Z,
ACK,13019,2026-09-26T17:31:57.353Z,
ACK,13020,2026-09-26T17:31:57.424Z,
ACK,13021,2026-09-26T17:31:57.511Z,
ACK,13022,2026-09-26T17:31:57.724Z,
ACK,13023,2026-09-26T17:31:57.781Z,
ACK,13024,2026-09-26T17:31:57.882Z,
ACK,13025,2026-09-26T17:31:57.986Z,
ACK,13026,2026-09-26T17:31:58.083Z,
ACK,13027,2026-09-26T17:31:58.181Z,
ACK,13028,2026-09-26T17:31:58.428Z,
ACK,13029,2026-09-26T17:31:58.494Z,
ACK,13030,2026-09-26T17:31:58.589Z,
ACK,13031,2026-09-26T17:31:58.693Z,
ACK,13032,2026-09-26T17:31:58.824Z,
ACK,13033,2026-09-26T17:31:58.995Z,
ACK,13034,2026-09-26T17:31:59.196Z,
ACK,13035,2026-09-26T17:31:59.280Z,
ACK,13036,2026-09-26T17:31:59.366Z,
ACK,13037,2026-09-26T17:31:59.456Z,
ACK,13038,2026-09-26T17:31:59.576Z,
ACK,13039,2026-09-26T17:31:59.655Z,
ACK,13040,2026-09-26T17:31:59.757Z,
ACK,13041,2026-09-26T17:31:59.854Z,
ACK,13042,2026-09-26T17:32:00.224Z,
ACK,13043,2026-09-26T17:32:00.349Z,
ACK,13044,2026-09-26T17:32:00.490Z,
ACK,13045,2026-09-26T17:32:00.550Z,
ACK,13046,2026-09-26T17:32:00.649Z,
ACK,13047,2026-09-26T17:32:00.746Z,
ACK,13048,2026-09-26T17:32:00.897Z,
ACK,13049,2026-09-26T17:32:00.961Z,
ACK,13050,2026-09-26T17:32:01.072Z,
ACK,13051,2026-09-26T17:32:01.162Z,
ACK,13052,2026-09-26T17:32:01.262Z,
ACK,13053,2026-09-26T17:32:01.367Z,
ACK,13054,2026-09-26T17:32:01.461Z,
ACK,13055,2026-09-26T17:32:01.557Z,
ACK,13056,2026-09-26T17:32:01.714Z,
ACK,13057,2026-09-26T17:32:01.769Z,
ACK,13058,2026-09-26T17:32:01.877Z,
ACK,13059,2026-09-26T17:32:01.974Z,
ACK,13060,2026-09-26T17:32:02.101Z,
ACK,13061,2026-09-26T17:32:02.174Z,
ACK,13062,2026-09-26T17:32:02.289Z,
ACK,13063,2026-09-26T17:32:02.376Z,
ACK,13064,2026-09-26T17:32:02.472Z,
ACK,13065,2026-09-26T17:32:02.572Z,
ACK,13066,2026-09-26T17:32:02.687Z,
ACK,13067,2026-09-26T17:32:02.784Z,
ACK,13068,2026-09-26T17:32:02.883Z,
ACK,13069,2026-09-26T17:32:02.986Z,
ACK,13070,2026-09-26T17:32:03.112Z,
ACK,13071,2026-09-26T17:32:03.176Z,
ACK,13072,2026-09-26T17:32:03.279Z,
ACK,13073,2026-09-26T17:32:03.379Z,
ACK,13074,2026-09-26T17:32:03.481Z,
ACK,13075,2026-09-26T17:32:03.581Z,
ACK,13076,2026-09-26T17:32:03.713Z,
ACK,13077,2026-09-26T17:32:03.834Z,
ACK,13078,2026-09-26T17:32:03.895Z,
ACK,13079,2026-09-26T17:32:03.994Z,
ACK,13080,2026-09-26T17:32:04.217Z,
ACK,13081,2026-09-26T17:32:04.522Z,
ACK,13082,2026-09-26T17:32:04.587Z,
ACK,13083,2026-09-26T17:32:04.683Z,
ACK,13084,2026-09-26T17:32:04.791Z,
ACK,13085,2026-09-26T17:32:04.883Z,
ACK,13086,2026-09-26T17:32:04.982Z,
ACK,13087,2026-09-26T17:32:05.083Z,
ACK,13088,2026-09-26T17:32:05.185Z,
ACK,13089,2026-09-26T17:32:05.295Z,
ACK,13090,2026-09-26T17:32:05.385Z,
ACK,13091,2026-09-26T17:32:05.487Z,
ACK,13092,2026-09-26T17:32:05.586Z,
ACK,13093,2026-09-26T17:32:05.683Z,
ACK,13094,2026-09-26T17:32:05.791Z,
ACK,13095,2026-09-26T17:32:05.883Z,
ACK,13096,2026-09-26T17:32:06.025Z,
ACK,13097,2026-09-26T17:32:06.087Z,
ACK,13098,2026-09-26T17:32:06.227Z,
ACK,13099,2026-09-26T17:32:06.292Z,
ACK,13100,2026-09-26T17:32:06.389Z,
ACK,13101,2026-09-26T17:32:06.497Z,
ACK,13102,2026-09-26T17:32:06.590Z,
ACK,13103,2026-09-26T17:32:06.698Z,
ACK,13104,2026-09-26T17:32:06.786Z,
ACK,13105,2026-09-26T17:32:06.983Z,
ACK,13106,2026-09-26T17:32:07.041Z,
ACK,13107,2026-09-26T17:32:07.141Z,
ACK,13108,2026-09-26T17:32:07.248Z,
ACK,13109,2026-09-26T17:32:07.346Z,
ACK,13110,2026-09-26T17:32:07.442Z,
ACK,13111,2026-09-26T17:32:07.543Z,
ACK,13112,2026-09-26T17:32:07.653Z,
ACK,13113,2026-09-26T17:32:07.746Z,
ACK,13114,2026-09-26T17:32:07.843Z,
ACK,13115,2026-09-26T17:32:07.999Z,
ACK,13116,2026-09-26T17:32:08.058Z,
ACK,13117,2026-09-26T17:32:08.188Z,
ACK,13118,2026-09-26T17:32:08.262Z,
ACK,13119,2026-09-26T17:32:08.359Z,
ACK,13120,2026-09-26T17:32:08.456Z,
ACK,13121,2026-09-26T17:32:08.561Z,
ACK,13122,2026-09-26T17:32:08.658Z,
ACK,13123,2026-09-26T17:32:08.762Z,
ACK,13124,2026-09-26T17:32:08.862Z,
ACK,13125,2026-09-26T17:32:08.981Z,
ACK,13126,2026-09-26T17:32:09.060Z,
ACK,13127,2026-09-26T17:32:09.166Z,
ACK,13128,2026-09-26T17:32:09.267Z,
ACK,13129,2026-09-26T17:32:09.365Z,
ACK,13130,2026-09-26T17:32:09.462Z,
ACK,13131,2026-09-26T17:32:09.570Z,
ACK,13132,2026-09-26T17:32:09.678Z,
ACK,13133,2026-09-26T17:32:09.767Z,
ACK,13134,2026-09-26T17:32:09.874Z,
ACK,13135,2026-09-26T17:32:10.014Z,
ACK,13136,2026-09-26T17:32:10.072Z,
ACK,13137,2026-09-26T17:32:10.172Z,
ACK,13138,2026-09-26T17:32:10.296Z,
ACK,13139,2026-09-26T17:32:10.373Z,
ACK,13140,2026-09-26T17:32:10.472Z,
ACK,13141,2026-09-26T17:32:10.574Z,
ACK,13142,2026-09-26T17:32:10.714Z,
ACK,13143,2026-09-26T17:32:10.781Z,
ACK,13144,2026-09-26T17:32:10.876Z,
ACK,13145,2026-09-26T17:32:10.978Z,
ACK,13146,2026-09-26T17:32:11.081Z,
ACK,13147,2026-09-26T17:32:11.176Z,
ACK,13148,2026-09-26T17:32:11.276Z,
ACK,13149,2026-09-26T17:32:11.382Z,
ACK,13150,2026-09-26T17:32:11.478Z,
ACK,13151,2026-09-26T17:32:11.577Z,
ACK,13152,2026-09-26T17:32:11.677Z,
ACK,13153,2026-09-26T17:32:11.780Z,
ACK,13154,2026-09-26T17:32:11.877Z,
ACK,13155,2026-09-26T17:32:12.013Z,
ACK,13156,2026-09-26T17:32:12.091Z,
ACK,13157,2026-09-26T17:32:12.214Z,
ACK,13158,2026-09-26T17:32:12.286Z,
ACK,13159,2026-09-26T17:32:12.382Z,
ACK,13160,2026-09-26T17:32:12.480Z,
ACK,13161,2026-09-26T17:32:12.580Z,
ACK,13162,2026-09-26T17:32:12.683Z,
ACK,13163,2026-09-26T17:32:12.901Z,
ACK,13164,2026-09-26T17:32:12.959Z,
ACK,13165,2026-09-26T17:32:13.065Z,
ACK,13166,2026-09-26T17:32:13.163Z,
ACK,13167,2026-09-26T17:32:13.265Z,
ACK,13168,2026-09-26T17:32:13.383Z,
ACK,13169,2026-09-26T17:32:13.462Z,
ACK,13170,2026-09-26T17:32:13.561Z,
ACK,13171,2026-09-26T17:32:13.714Z,
ACK,13172,2026-09-26T17:32:13.778Z,
ACK,13173,2026-09-26T17:32:13.871Z,
ACK,13174,2026-09-26T17:32:13.974Z,
ACK,13175,2026-09-26T17:32:14.071Z,
ACK,13176,2026-09-26T17:32:14.179Z,
ACK,13177,2026-09-26T17:32:14.295Z,
ACK,13178,2026-09-26T17:32:14.375Z,
ACK,13179,2026-09-26T17:32:14.478Z,
ACK,13180,2026-09-26T17:32:14.583Z,
ACK,13181,2026-09-26T17:32:14.684Z,
ACK,13182,2026-09-26T17:32:14.779Z,
ACK,13183,2026-09-26T17:32:14.897Z,
ACK,13184,2026-09-26T17:32:14.991Z,
ACK,13185,2026-09-26T17:32:15.078Z,
ACK,13186,2026-09-26T17:32:15.177Z,
ACK,13187,2026-09-26T17:32:15.282Z,
ACK,13188,2026-09-26T17:32:15.380Z,
ACK,13189,2026-09-26T17:32:15.481Z,
ACK,13190,2026-09-26T17:32:15.589Z,
ACK,13191,2026-09-26T17:32:15.682Z,
ACK,13192,2026-09-26T17:32:15.782Z,
ACK,13193,2026-09-26T17:32:15.917Z,
ACK,13194,2026-09-26T17:32:15.996Z,
ACK,13195,2026-09-26T17:32:16.086Z,
ACK,13196,2026-09-26T17:32:16.183Z,
ACK,13197,2026-09-26T17:32:16.286Z,
ACK,13198,2026-09-26T17:32:16.488Z,
ACK,13199,2026-09-26T17:32:16.546Z,
ACK,13200,2026-09-26T17:32:16.663Z,
ACK,13201,2026-09-26T17:32:16.760Z,
ACK,13202,2026-09-26T17:32:16.857Z,
ACK,13203,2026-09-26T17:32:16.958Z,
ACK,13204,2026-09-26T17:32:17.057Z,
ACK,13205,2026-09-26T17:32:17.149Z,
ACK,13206,2026-09-26T17:32:17.248Z,
ACK,13207,2026-09-26T17:32:17.353Z,
ACK,13208,2026-09-26T17:32:17.446Z,
ACK,13209,2026-09-26T17:32:17.560Z,
ACK,13210,2026-09-26T17:32:17.652Z,
ACK,13211,2026-09-26T17:32:17.751Z,
ACK,13212,2026-09-26T17:32:17.881Z,
ACK,13213,2026-09-26T17:32:17.972Z,
ACK,13214,2026-09-26T17:32:18.057Z,
ACK,13215,2026-09-26T17:32:18.152Z,
ACK,13216,2026-09-26T17:32:18.258Z,
ACK,13217,2026-09-26T17:32:18.358Z,
ACK,13218,2026-09-26T17:32:18.467Z,
ACK,13219,2026-09-26T17:32:18.554Z,
ACK,13220,2026-09-26T17:32:18.656Z,
ACK,13221,2026-09-26T17:32:18.792Z,
ACK,13222,2026-09-26T17:32:18.855Z,
ACK,13223,2026-09-26T17:32:18.966Z,
ACK,13224,2026-09-26T17:32:19.061Z,
ACK,13225,2026-09-26T17:32:19.178Z,
ACK,13226,2026-09-26T17:32:19.258Z,
ACK,13227,2026-09-26T17:32:19.358Z,
ACK,13228,2026-09-26T17:32:19.466Z,
ACK,13229,2026-09-26T17:32:19.558Z,
ACK,13230,2026-09-26T17:32:19.661Z,
ACK,13231,2026-09-26T17:32:19.763Z,
ACK,13232,2026-09-26T17:32:19.879Z,
ACK,13233,2026-09-26T17:32:19.960Z,
ACK,13234,2026-09-26T17:32:20.061Z,
ACK,13235,2026-09-26T17:32:20.163Z,
ACK,13236,2026-09-26T17:32:20.271Z,
ACK,13237,2026-09-26T17:32:20.380Z,
ACK,13238,2026-09-26T17:32:20.478Z,
ACK,13239,2026-09-26T17:32:20.588Z,
ACK,13240,2026-09-26T17:32:20.667Z,
ACK,13241,2026-09-26T17:32:20.764Z,
ACK,13242,2026-09-26T17:32:20.878Z,
ACK,13243,2026-09-26T17:32:20.971Z,
ACK,13244,2026-09-26T17:32:21.071Z,
ACK,13245,2026-09-26T17:32:21.167Z,
ACK,13246,2026-09-26T17:32:21.276Z,
ACK,13247,2026-09-26T17:32:21.371Z,
ACK,13248,2026-09-26T17:32:21.468Z,
ACK,13249,2026-09-26T17:32:21.573Z,
ACK,13250,2026-09-26T17:32:21.665Z,
ACK,13251,2026-09-26T17:32:21.782Z,
ACK,13252,2026-09-26T17:32:21.881Z,
ACK,13253,2026-09-26T17:32:21.966Z,
ACK,13254,2026-09-26T17:32:22.068Z,
ACK,13255,2026-09-26T17:32:22.174Z,
ACK,13256,2026-09-26T17:32:22.277Z,
ACK,13257,2026-09-26T17:32:22.371Z,
ACK,13258,2026-09-26T17:32:22.495Z,
ACK,13259,2026-09-26T17:32:22.577Z,
ACK,13260,2026-09-26T17:32:22.672Z,
ACK,13261,2026-09-26T17:32:22.773Z,
ACK,13262,2026-09-26T17:32:22.870Z,
ACK,13263,2026-09-26T17:32:22.978Z,
ACK,13264,2026-09-26T17:32:23.082Z,
ACK,13265,2026-09-26T17:32:23.175Z,
ACK,13266,2026-09-26T17:32:23.275Z,
ACK,13267,2026-09-26T17:32:23.429Z,
ACK,13268,2026-09-26T17:32:23.596Z,
ACK,13269,2026-09-26T17:32:23.657Z,
ACK,13270,2026-09-26T17:32:23.762Z,
ACK,13271,2026-09-26T17:32:23.868Z,
ACK,13272,2026-09-26T17:32:24.167Z,
ACK,13273,2026-09-26T17:32:24.230Z,
ACK,13274,2026-09-26T17:32:24.328Z,
ACK,13275,2026-09-26T17:32:24.432Z,
ACK,13276,2026-09-26T17:32:24.535Z,
ACK,13277,2026-09-26T17:32:24.632Z,
ACK,13278,2026-09-26T17:32:24.730Z,
ACK,13279,2026-09-26T17:32:24.834Z,
ACK,13280,2026-09-26T17:32:24.956Z,
ACK,13281,2026-09-26T17:32:25.033Z,
ACK,13282,2026-09-26T17:32:25.128Z,
ACK,13283,2026-09-26T17:32:25.231Z,
ACK,13284,2026-09-26T17:32:25.327Z,
ACK,13285,2026-09-26T17:32:25.438Z,
ACK,13286,2026-09-26T17:32:25.533Z,
ACK,13287,2026-09-26T17:32:25.661Z,
ACK,13288,2026-09-26T17:32:25.731Z,
ACK,13289,2026-09-26T17:32:25.842Z,
ACK,13290,2026-09-26T17:32:25.936Z,
ACK,13291,2026-09-26T17:32:26.037Z,
ACK,13292,2026-09-26T17:32:26.135Z,
ACK,13293,2026-09-26T17:32:26.274Z,
ACK,13294,2026-09-26T17:32:26.334Z,
ACK,13295,2026-09-26T17:32:26.432Z,
ACK,13296,2026-09-26T17:32:26.539Z,
ACK,13297,2026-09-26T17:32:26.637Z,
ACK,13298,2026-09-26T17:32:26.746Z,
ACK,13299,2026-09-26T17:32:26.846Z,
ACK,13300,2026-09-26T17:32:26.940Z,
ACK,13301,2026-09-26T17:32:27.061Z,
ACK,13302,2026-09-26T17:32:27.135Z,
ACK,13303,2026-09-26T17:32:27.238Z,
ACK,13304,2026-09-26T17:32:27.407Z,
ACK,13305,2026-09-26T17:32:27.466Z,
ACK,13306,2026-09-26T17:32:27.567Z,
ACK,13307,2026-09-26T17:32:27.671Z,
ACK,13308,2026-09-26T17:32:27.787Z,
ACK,13309,2026-09-26T17:32:27.894Z,
ACK,13310,2026-09-26T17:32:27.971Z,
ACK,13311,2026-09-26T17:32:28.101Z,
ACK,13312,2026-09-26T17:32:28.167Z,
ACK,13313,2026-09-26T17:32:28.269Z,
ACK,13314,2026-09-26T17:32:28.378Z,
ACK,13315,2026-09-26T17:32:28.480Z,
ACK,13316,2026-09-26T17:32:28.572Z,
ACK,13317,2026-09-26T17:32:28.683Z,
ACK,13318,2026-09-26T17:32:28.772Z,
ACK,13319,2026-09-26T17:32:28.873Z,
ACK,13320,2026-09-26T17:32:28.983Z,
ACK,13321,2026-09-26T17:32:29.072Z,
ACK,13322,2026-09-26T17:32:29.178Z,
ACK,13323,2026-09-26T17:32:29.277Z,
ACK,13324,2026-09-26T17:32:29.378Z,
ACK,13325,2026-09-26T17:32:29.472Z,
ACK,13326,2026-09-26T17:32:29.588Z,
ACK,13327,2026-09-26T17:32:29.681Z,
ACK,13328,2026-09-26T17:32:29.772Z,
ACK,13329,2026-09-26T17:32:29.879Z,
ACK,13330,2026-09-26T17:32:30.002Z,
ACK,13331,2026-09-26T17:32:30.081Z,
ACK,13332,2026-09-26T17:32:30.178Z,
ACK,13333,2026-09-26T17:32:30.278Z,
ACK,13334,2026-09-26T17:32:30.383Z,
ACK,13335,2026-09-26T17:32:30.478Z,
ACK,13336,2026-09-26T17:32:30.579Z,
ACK,13337,2026-09-26T17:32:30.682Z,
ACK,13338,2026-09-26T17:32:30.782Z,
ACK,13339,2026-09-26T17:32:30.881Z,
ACK,13340,2026-09-26T17:32:30.981Z,
ACK,13341,2026-09-26T17:32:31.093Z,
ACK,13342,2026-09-26T17:32:31.196Z,
ACK,13343,2026-09-26T17:32:31.289Z,
ACK,13344,2026-09-26T17:32:31.391Z,
ACK,13345,2026-09-26T17:32:31.486Z,
ACK,13346,2026-09-26T17:32:31.595Z,
ACK,13347,2026-09-26T17:32:31.685Z,
ACK,13348,2026-09-26T17:32:31.787Z,
ACK,13349,2026-09-26T17:32:31.885Z,
ACK,13350,2026-09-26T17:32:31.987Z,
ACK,13351,2026-09-26T17:32:32.158Z,
ACK,13352,2026-09-26T17:32:32.217Z,
ACK,13353,2026-09-26T17:32:32.317Z,
ACK,13354,2026-09-26T17:32:32.424Z,
ACK,13355,2026-09-26T17:32:32.517Z,
ACK,13356,2026-09-26T17:32:32.631Z,
ACK,13357,2026-09-26T17:32:32.732Z,
ACK,13358,2026-09-26T17:32:32.821Z,
ACK,13359,2026-09-26T17:32:33.049Z,
ACK,13360,2026-09-26T17:32:33.116Z,
ACK,13361,2026-09-26T17:32:33.206Z,
ACK,13362,2026-09-26T17:32:33.312Z,
ACK,13363,2026-09-26T17:32:33.408Z,
ACK,13364,2026-09-26T17:32:33.512Z,
ACK,13365,2026-09-26T17:32:33.612Z,
ACK,13366,2026-09-26T17:32:33.711Z,
ACK,13367,2026-09-26T17:32:33.819Z,
ACK,13368,2026-09-26T17:32:33.909Z,
ACK,13369,2026-09-26T17:32:34.015Z,
ACK,13370,2026-09-26T17:32:34.115Z,
ACK,13371,2026-09-26T17:32:34.215Z,
ACK,13372,2026-09-26T17:32:34.315Z,
ACK,13373,2026-09-26T17:32:34.413Z,
ACK,13374,2026-09-26T17:32:34.532Z,
ACK,13375,2026-09-26T17:32:34.623Z,
ACK,13376,2026-09-26T17:32:34.723Z,
ACK,13377,2026-09-26T17:32:34.814Z,
ACK,13378,2026-09-26T17:32:34.915Z,
ACK,13379,2026-09-26T17:32:35.017Z,
ACK,13380,2026-09-26T17:32:35.138Z,
ACK,13381,2026-09-26T17:32:35.225Z,
ACK,13382,2026-09-26T17:32:35.319Z,
ACK,13383,2026-09-26T17:32:35.459Z,
ACK,13384,2026-09-26T17:32:35.517Z,
ACK,13385,2026-09-26T17:32:35.626Z,
ACK,13386,2026-09-26T17:32:35.743Z,
ACK,13387,2026-09-26T17:32:35.821Z,
ACK,13388,2026-09-26T17:32:35.922Z,
ACK,13389,2026-09-26T17:32:36.027Z,
ACK,13390,2026-09-26T17:32:36.141Z,
ACK,13391,2026-09-26T17:32:36.254Z,
ACK,13392,2026-09-26T17:32:36.333Z,
ACK,13393,2026-09-26T17:32:36.423Z,
ACK,13394,2026-09-26T17:32:36.542Z,
ACK,13395,2026-09-26T17:32:36.627Z,
ACK,13396,2026-09-26T17:32:36.726Z,
ACK,13397,2026-09-26T17:32:36.862Z,
ACK,13398,2026-09-26T17:32:36.927Z,
ACK,13399,2026-09-26T17:32:37.026Z,
ACK,13400,2026-09-26T17:32:37.131Z,
ACK,13401,2026-09-26T17:32:37.231Z,
ACK,13402,2026-09-26T17:32:37.326Z,
ACK,13403,2026-09-26T17:32:37.437Z,
ACK,13404,2026-09-26T17:32:37.528Z,
ACK,13405,2026-09-26T17:32:37.631Z,
ACK,13406,2026-09-26T17:32:37.730Z,
ACK,13407,2026-09-26T17:32:37.841Z,
ACK,13408,2026-09-26T17:32:37.930Z,
ACK,13409,2026-09-26T17:32:38.031Z,
ACK,13410,2026-09-26T17:32:38.135Z,
ACK,13411,2026-09-26T17:32:38.230Z,
ACK,13412,2026-09-26T17:32:38.539Z,
ACK,13413,2026-09-26T17:32:38.608Z,
ACK,13414,2026-09-26T17:32:38.699Z,
ACK,13415,2026-09-26T17:32:38.795Z,
ACK,13416,2026-09-26T17:32:38.908Z,
ACK,13417,2026-09-26T17:32:38.996Z,
ACK,13418,2026-09-26T17:32:39.103Z,
ACK,13419,2026-09-26T17:32:39.201Z,
ACK,13420,2026-09-26T17:32:39.313Z,
ACK,13421,2026-09-26T17:32:39.403Z,
ACK,13422,2026-09-26T17:32:39.616Z,
ACK,13423,2026-09-26T17:32:39.677Z,
ACK,13424,2026-09-26T17:32:39.790Z,
ACK,13425,2026-09-26T17:32:39.874Z,
ACK,13426,2026-09-26T17:32:39.976Z,
ACK,13427,2026-09-26T17:32:40.075Z,
ACK,13428,2026-09-26T17:32:40.181Z,
ACK,13429,2026-09-26T17:32:40.277Z,
ACK,13430,2026-09-26T17:32:40.413Z,
ACK,13431,2026-09-26T17:32:40.473Z,
ACK,13432,2026-09-26T17:32:40.578Z,
ACK,13433,2026-09-26T17:32:40.677Z,
ACK,13434,2026-09-26T17:32:40.798Z,
ACK,13435,2026-09-26T17:32:40.890Z,
ACK,13436,2026-09-26T17:32:40.989Z,
ACK,13437,2026-09-26T17:32:41.107Z,
ACK,13438,2026-09-26T17:32:41.183Z,
ACK,13439,2026-09-26T17:32:41.290Z,
ACK,13440,2026-09-26T17:32:41.380Z,
ACK,13441,2026-09-26T17:32:41.618Z,
ACK,13442,2026-09-26T17:32:41.679Z,
ACK,13443,2026-09-26T17:32:41.780Z,
ACK,13444,2026-09-26T17:32:41.880Z,
ACK,13445,2026-09-26T17:32:41.980Z,
ACK,13446,2026-09-26T17:32:42.078Z,
ACK,13447,2026-09-26T17:32:42.180Z,
ACK,13448,2026-09-26T17:32:42.287Z,
ACK,13449,2026-09-26T17:32:42.413Z,
ACK,13450,2026-09-26T17:32:42.508Z,
ACK,13451,2026-09-26T17:32:42.580Z,
ACK,13452,2026-09-26T17:32:42.683Z,
ACK,13453,2026-09-26T17:32:42.784Z,
ACK,13454,2026-09-26T17:32:42.886Z,
ACK,13455,2026-09-26T17:32:43.115Z,
ACK,13456,2026-09-26T17:32:43.202Z,
ACK,13457,2026-09-26T17:32:43.274Z,
ACK,13458,2026-09-26T17:32:43.397Z,
ACK,13459,2026-09-26T17:32:43.475Z,
ACK,13460,2026-09-26T17:32:43.619Z,
ACK,13461,2026-09-26T17:32:43.677Z,
ACK,13462,2026-09-26T17:32:43.790Z,
ACK,13463,2026-09-26T17:32:43.883Z,
ACK,13464,2026-09-26T17:32:43.984Z,
ACK,13465,2026-09-26T17:32:44.078Z,
ACK,13466,2026-09-26T17:32:44.186Z,
ACK,13467,2026-09-26T17:32:44.308Z,
ACK,13468,2026-09-26T17:32:44.375Z,
ACK,13469,2026-09-26T17:32:44.482Z,
ACK,13470,2026-09-26T17:32:44.586Z,
ACK,13471,2026-09-26T17:32:44.677Z,
ACK,13472,2026-09-26T17:32:44.790Z,
ACK,13473,2026-09-26T17:32:44.887Z,
ACK,13474,2026-09-26T17:32:44.982Z,
ACK,13475,2026-09-26T17:32:45.095Z,
ACK,13476,2026-09-26T17:32:45.183Z,
ACK,13477,2026-09-26T17:32:45.292Z,
ACK,13478,2026-09-26T17:32:45.384Z,
ACK,13479,2026-09-26T17:32:45.482Z,
ACK,13480,2026-09-26T17:32:45.586Z,
ACK,13481,2026-09-26T17:32:45.714Z,
ACK,13482,2026-09-26T17:32:45.787Z,
ACK,13483,2026-09-26T17:32:46.109Z,
ACK,13484,2026-09-26T17:32:46.194Z,
ACK,13485,2026-09-26T17:32:46.269Z,
ACK,13486,2026-09-26T17:32:46.365Z,
ACK,13487,2026-09-26T17:32:46.600Z,
ACK,13488,2026-09-26T17:32:46.666Z,
ACK,13489,2026-09-26T17:32:46.796Z,
ACK,13490,2026-09-26T17:32:46.866Z,
ACK,13491,2026-09-26T17:32:46.959Z,
ACK,13492,2026-09-26T17:32:47.060Z,
ACK,13493,2026-09-26T17:32:47.197Z,
ACK,13494,2026-09-26T17:32:47.267Z,
ACK,13495,2026-09-26T17:32:47.366Z,
ACK,13496,2026-09-26T17:32:47.467Z,
ACK,13497,2026-09-26T17:32:47.561Z,
ACK,13498,2026-09-26T17:32:47.662Z,
ACK,13499,2026-09-26T17:32:48.006Z,
ACK,13500,2026-09-26T17:32:48.067Z,
ACK,13501,2026-09-26T17:32:48.164Z,
ACK,13502,2026-09-26T17:32:48.275Z,
ACK,13503,2026-09-26T17:32:48.364Z,
ACK,13504,2026-09-26T17:32:48.465Z,
ACK,13505,2026-09-26T17:32:48.566Z,
ACK,13506,2026-09-26T17:32:48.667Z,
ACK,13507,2026-09-26T17:32:48.774Z,
ACK,13508,2026-09-26T17:32:48.866Z,
ACK,13509,2026-09-26T17:32:48.992Z,
ACK,13510,2026-09-26T17:32:49.067Z,
ACK,13511,2026-09-26T17:32:49.167Z,
ACK,13512,2026-09-26T17:32:49.269Z,
ACK,13513,2026-09-26T17:32:49.371Z,
ACK,13514,2026-09-26T17:32:49.477Z,
ACK,13515,2026-09-26T17:32:49.573Z,
ACK,13516,2026-09-26T17:32:49.681Z,
ACK,13517,2026-09-26T17:32:49.771Z,
ACK,13518,2026-09-26T17:32:49.979Z,
ACK,13519,2026-09-26T17:32:50.043Z,
ACK,13520,2026-09-26T17:32:50.140Z,
ACK,13521,2026-09-26T17:32:50.236Z,
ACK,13522,2026-09-26T17:32:50.338Z,
ACK,13523,2026-09-26T17:32:50.437Z,
ACK,13524,2026-09-26T17:32:50.539Z,
ACK,13525,2026-09-26T17:32:50.685Z,
ACK,13526,2026-09-26T17:32:50.741Z,
ACK,13527,2026-09-26T17:32:50.847Z,
ACK,13528,2026-09-26T17:32:50.942Z,
ACK,13529,2026-09-26T17:32:51.058Z,
ACK,13530,2026-09-26T17:32:51.145Z,
ACK,13531,2026-09-26T17:32:51.250Z,
ACK,13532,2026-09-26T17:32:51.355Z,
ACK,13533,2026-09-26T17:32:51.470Z,
ACK,13534,2026-09-26T17:32:51.547Z,
ACK,13535,2026-09-26T17:32:51.651Z,
ACK,13536,2026-09-26T17:32:51.745Z,
ACK,13537,2026-09-26T17:32:51.850Z,
ACK,13538,2026-09-26T17:32:51.947Z,
ACK,13539,2026-09-26T17:32:52.050Z,
ACK,13540,2026-09-26T17:32:52.154Z,
ACK,13541,2026-09-26T17:32:52.252Z,
ACK,13542,2026-09-26T17:32:52.351Z,
ACK,13543,2026-09-26T17:32:52.455Z,
ACK,13544,2026-09-26T17:32:52.552Z,
ACK,13545,2026-09-26T17:32:52.656Z,
ACK,13546,2026-09-26T17:32:52.757Z,
ACK,13547,2026-09-26T17:32:52.854Z,
ACK,13548,2026-09-26T17:32:52.953Z,
ACK,13549,2026-09-26T17:32:53.223Z,
ACK,13550,2026-09-26T17:32:53.291Z,
ACK,13551,2026-09-26T17:32:53.381Z,
ACK,13552,2026-09-26T17:32:53.509Z,
ACK,13553,2026-09-26T17:32:53.583Z,
ACK,13554,2026-09-26T17:32:53.686Z,
ACK,13555,2026-09-26T17:32:53.789Z,
ACK,13556,2026-09-26T17:32:53.887Z,
ACK,13557,2026-09-26T17:32:53.985Z,
ACK,13558,2026-09-26T17:32:54.225Z,
ACK,13559,2026-09-26T17:32:54.282Z,
ACK,13560,2026-09-26T17:32:54.419Z,
ACK,13561,2026-09-26T17:32:54.494Z,
ACK,13562,2026-09-26T17:32:54.586Z,
ACK,13563,2026-09-26T17:32:54.682Z,
ACK,13564,2026-09-26T17:32:54.783Z,
ACK,13565,2026-09-26T17:32:54.889Z,
ACK,13566,2026-09-26T17:32:55.003Z,
ACK,13567,2026-09-26T17:32:55.100Z,
ACK,13568,2026-09-26T17:32:55.237Z,
ACK,13569,2026-09-26T17:32:55.298Z,
ACK,13570,2026-09-26T17:32:55.430Z,
ACK,13571,2026-09-26T17:32:55.496Z,
ACK,13572,2026-09-26T17:32:55.641Z,
ACK,13573,2026-09-26T17:32:55.723Z,
ACK,13574,2026-09-26T17:32:55.799Z,
ACK,13575,2026-09-26T17:32:55.930Z,
ACK,13576,2026-09-26T17:32:56.000Z,
ACK,13577,2026-09-26T17:32:56.166Z,
ACK,13578,2026-09-26T17:32:56.234Z,
ACK,13579,2026-09-26T17:32:56.359Z,
ACK,13580,2026-09-26T17:32:56.478Z,
ACK,13581,2026-09-26T17:32:56.546Z,
ACK,13582,2026-09-26T17:32:56.646Z,
ACK,13583,2026-09-26T17:32:56.808Z,
ACK,13584,2026-09-26T17:32:56.920Z,
ACK,13585,2026-09-26T17:32:56.990Z,
ACK,13586,2026-09-26T17:32:57.087Z,
ACK,13587,2026-09-26T17:32:57.236Z,
ACK,13588,2026-09-26T17:32:57.331Z,
ACK,13589,2026-09-26T17:32:57.400Z,
ACK,13590,2026-09-26T17:32:57.567Z,
ACK,13591,2026-09-26T17:32:57.635Z,
ACK,13592,2026-09-26T17:32:57.842Z,
ACK,13593,2026-09-26T17:32:57.912Z,
ACK,13594,2026-09-26T17:32:58.009Z,
ACK,13595,2026-09-26T17:32:58.155Z,
ACK,13596,2026-09-26T17:32:58.253Z,
ACK,13597,2026-09-26T17:32:58.328Z,
ACK,13598,2026-09-26T17:32:58.488Z,
ACK,13599,2026-09-26T17:32:58.557Z,
ACK,13600,2026-09-26T17:32:58.695Z,
ACK,13601,2026-09-26T17:32:58.764Z,
ACK,13602,2026-09-26T17:32:58.931Z,
ACK,13603,2026-09-26T17:32:58.999Z,
ACK,13604,2026-09-26T17:32:59.174Z,
ACK,13605,2026-09-26T17:32:59.267Z,
ACK,13606,2026-09-26T17:32:59.383Z,
ACK,13607,2026-09-26T17:32:59.449Z,
ACK,13608,2026-09-26T17:32:59.566Z,
ACK,13609,2026-09-26T17:32:59.643Z,
ACK,13610,2026-09-26T17:32:59.745Z,
ACK,13611,2026-09-26T17:32:59.862Z,
ACK,13612,2026-09-26T17:32:59.957Z,
ACK,13613,2026-09-26T17:33:00.043Z,
ACK,13614,2026-09-26T17:33:00.147Z,
ACK,13615,2026-09-26T17:33:00.246Z,
ACK,13616,2026-09-26T17:33:00.347Z,
ACK,13617,2026-09-26T17:33:00.456Z,
ACK,13618,2026-09-26T17:33:00.556Z,
ACK,13619,2026-09-26T17:33:00.647Z,
ACK,13620,2026-09-26T17:33:00.849Z,
ACK,13621,2026-09-26T17:33:00.907Z,
ACK,13622,2026-09-26T17:33:01.011Z,
ACK,13623,2026-09-26T17:33:01.107Z,
ACK,13624,2026-09-26T17:33:01.207Z,
ACK,13625,2026-09-26T17:33:01.320Z,
ACK,13626,2026-09-26T17:33:01.432Z,
ACK,13627,2026-09-26T17:33:01.514Z,
ACK,13628,2026-09-26T17:33:01.625Z,
ACK,13629,2026-09-26T17:33:01.715Z,
ACK,13630,2026-09-26T17:33:01.811Z,
ACK,13631,2026-09-26T17:33:01.910Z,
ACK,13632,2026-09-26T17:33:02.042Z,
ACK,13633,2026-09-26T17:33:02.116Z,
ACK,13634,2026-09-26T17:33:02.213Z,
ACK,13635,2026-09-26T17:33:02.320Z,
ACK,13636,2026-09-26T17:33:02.419Z,
ACK,13637,2026-09-26T17:33:02.515Z,
ACK,13638,2026-09-26T17:33:02.725Z,
ACK,13639,2026-09-26T17:33:02.781Z,
ACK,13640,2026-09-26T17:33:02.915Z,
ACK,13641,2026-09-26T17:33:02.994Z,
ACK,13642,2026-09-26T17:33:03.082Z,
ACK,13643,2026-09-26T17:33:03.184Z,
ACK,13644,2026-09-26T17:33:03.284Z,
ACK,13645,2026-09-26T17:33:03.606Z,
ACK,13646,2026-09-26T17:33:03.726Z,
ACK,13647,2026-09-26T17:33:03.785Z,
ACK,13648,2026-09-26T17:33:03.886Z,
ACK,13649,2026-09-26T17:33:03.986Z,
ACK,13650,2026-09-26T17:33:04.087Z,
ACK,13651,2026-09-26T17:33:04.195Z,
ACK,13652,2026-09-26T17:33:04.292Z,
ACK,13653,2026-09-26T17:33:04.387Z,
ACK,13654,2026-09-26T17:33:04.486Z,
ACK,13655,2026-09-26T17:33:04.587Z,
ACK,13656,2026-09-26T17:33:04.800Z,
ACK,13657,2026-09-26T17:33:04.867Z,
ACK,13658,2026-09-26T17:33:04.970Z,
ACK,13659,2026-09-26T17:33:05.056Z,
ACK,13660,2026-09-26T17:33:05.167Z,
ACK,13661,2026-09-26T17:33:05.260Z,
ACK,13662,2026-09-26T17:33:05.379Z,
ACK,13663,2026-09-26T17:33:05.460Z,
ACK,13664,2026-09-26T17:33:05.564Z,
ACK,13665,2026-09-26T17:33:05.661Z,
ACK,13666,2026-09-26T17:33:05.766Z,
ACK,13667,2026-09-26T17:33:05.871Z,
ACK,13668,2026-09-26T17:33:05.964Z,
ACK,13669,2026-09-26T17:33:06.076Z,
ACK,13670,2026-09-26T17:33:06.172Z,
ACK,13671,2026-09-26T17:33:06.335Z,
ACK,13672,2026-09-26T17:33:06.602Z,
ACK,13673,2026-09-26T17:33:06.666Z,
ACK,13674,2026-09-26T17:33:06.863Z,
ACK,13675,2026-09-26T17:33:06.927Z,
ACK,13676,2026-09-26T17:33:07.024Z,
ACK,13677,2026-09-26T17:33:07.128Z,
ACK,13678,2026-09-26T17:33:07.344Z,
ACK,13679,2026-09-26T17:33:07.444Z,
ACK,13680,2026-09-26T17:33:07.507Z,
ACK,13681,2026-09-26T17:33:07.617Z,
ACK,13682,2026-09-26T17:33:07.703Z,
ACK,13683,2026-09-26T17:33:08.025Z,
ACK,13684,2026-09-26T17:33:08.164Z,
ACK,13685,2026-09-26T17:33:08.226Z,
ACK,13686,2026-09-26T17:33:08.361Z,
ACK,13687,2026-09-26T17:33:08.451Z,
ACK,13688,2026-09-26T17:33:08.525Z,
ACK,13689,2026-09-26T17:33:08.648Z,
ACK,13690,2026-09-26T17:33:08.725Z,
ACK,13691,2026-09-26T17:33:08.864Z,
ACK,13692,2026-09-26T17:33:08.948Z,
ACK,13693,2026-09-26T17:33:09.026Z,
ACK,13694,2026-09-26T17:33:09.157Z,
ACK,13695,2026-09-26T17:33:09.242Z,
ACK,13696,2026-09-26T17:33:09.357Z,
ACK,13697,2026-09-26T17:33:09.451Z,
ACK,13698,2026-09-26T17:33:09.525Z,
ACK,13699,2026-09-26T17:33:09.643Z,
ACK,13700,2026-09-26T17:33:09.743Z,
ACK,13701,2026-09-26T17:33:09.840Z,
ACK,13702,2026-09-26T17:33:09.981Z,
ACK,13703,2026-09-26T17:33:10.076Z,
ACK,13704,2026-09-26T17:33:10.200Z,
ACK,13705,2026-09-26T17:33:10.274Z,
ACK,13706,2026-09-26T17:33:10.385Z,
ACK,13707,2026-09-26T17:33:10.455Z,
ACK,13708,2026-09-26T17:33:10.560Z,
ACK,13709,2026-09-26T17:33:10.667Z,
ACK,13710,2026-09-26T17:33:10.761Z,
ACK,13711,2026-09-26T17:33:10.861Z,
ACK,13712,2026-09-26T17:33:10.972Z,
ACK,13713,2026-09-26T17:33:11.059Z,
ACK,13714,2026-09-26T17:33:11.170Z,
ACK,13715,2026-09-26T17:33:11.261Z,
ACK,13716,2026-09-26T17:33:11.361Z,
ACK,13717,2026-09-26T17:33:11.465Z,
ACK,13718,2026-09-26T17:33:11.567Z,
ACK,13719,2026-09-26T17:33:11.662Z,
ACK,13720,2026-09-26T17:33:11.810Z,
ACK,13721,2026-09-26T17:33:11.965Z,
ACK,13722,2026-09-26T17:33:12.037Z,
ACK,13723,2026-09-26T17:33:12.123Z,
ACK,13724,2026-09-26T17:33:12.245Z,
ACK,13725,2026-09-26T17:33:12.324Z,
ACK,13726,2026-09-26T17:33:12.425Z,
ACK,13727,2026-09-26T17:33:12.545Z,
ACK,13728,2026-09-26T17:33:12.625Z,
ACK,13729,2026-09-26T17:33:12.728Z,
ACK,13730,2026-09-26T17:33:12.839Z,
ACK,13731,2026-09-26T17:33:12.958Z,
ACK,13732,2026-09-26T17:33:13.100Z,
ACK,13733,2026-09-26T17:33:13.189Z,
ACK,13734,2026-09-26T17:33:13.267Z,
ACK,13735,2026-09-26T17:33:13.366Z,
ACK,13736,2026-09-26T17:33:13.473Z,
ACK,13737,2026-09-26T17:33:13.610Z,
ACK,13738,2026-09-26T17:33:13.666Z,
ACK,13739,2026-09-26T17:33:13.766Z,
ACK,13740,2026-09-26T17:33:14.044Z,
ACK,13741,2026-09-26T17:33:14.153Z,
ACK,13742,2026-09-26T17:33:14.211Z,
ACK,13743,2026-09-26T17:33:14.312Z,
ACK,13744,2026-09-26T17:33:14.409Z,
ACK,13745,2026-09-26T17:33:14.517Z,
ACK,13746,2026-09-26T17:33:14.610Z,
ACK,13747,2026-09-26T17:33:14.744Z,
ACK,13748,2026-09-26T17:33:14.840Z,
ACK,13749,2026-09-26T17:33:14.930Z,
ACK,13750,2026-09-26T17:33:15.014Z,
ACK,13751,2026-09-26T17:33:15.121Z,
ACK,13752,2026-09-26T17:33:15.236Z,
ACK,13753,2026-09-26T17:33:15.325Z,
ACK,13754,2026-09-26T17:33:15.484Z,
ACK,13755,2026-09-26T17:33:15.553Z,
ACK,13756,2026-09-26T17:33:15.645Z,
ACK,13757,2026-09-26T17:33:15.768Z,
ACK,13758,2026-09-26T17:33:15.842Z,
ACK,13759,2026-09-26T17:33:15.963Z,
ACK,13760,2026-09-26T17:33:16.046Z,
ACK,13761,2026-09-26T17:33:16.160Z,
ACK,13762,2026-09-26T17:33:16.245Z,
ACK,13763,2026-09-26T17:33:16.361Z,
ACK,13764,2026-09-26T17:33:16.477Z,
ACK,13765,2026-09-26T17:33:16.555Z,
ACK,13766,2026-09-26T17:33:16.647Z,
ACK,13767,2026-09-26T17:33:16.761Z,
ACK,13768,2026-09-26T17:33:16.852Z,
ACK,13769,2026-09-26T17:33:16.946Z,
ACK,13770,2026-09-26T17:33:17.063Z,
ACK,13771,2026-09-26T17:33:17.148Z,
ACK,13772,2026-09-26T17:33:17.259Z,
ACK,13773,2026-09-26T17:33:17.353Z,
ACK,13774,2026-09-26T17:33:17.449Z,
ACK,13775,2026-09-26T17:33:17.555Z,
ACK,13776,2026-09-26T17:33:17.682Z,
ACK,13777,2026-09-26T17:33:17.782Z,
ACK,13778,2026-09-26T17:33:17.852Z,
ACK,13779,2026-09-26T17:33:17.950Z,
ACK,13780,2026-09-26T17:33:18.054Z,
ACK,13781,2026-09-26T17:33:18.152Z,
ACK,13782,2026-09-26T17:33:18.257Z,
ACK,13783,2026-09-26T17:33:18.356Z,
ACK,13784,2026-09-26T17:33:18.453Z,
ACK,13785,2026-09-26T17:33:18.555Z,
ACK,13786,2026-09-26T17:33:18.682Z,
ACK,13787,2026-09-26T17:33:18.762Z,
ACK,13788,2026-09-26T17:33:19.099Z,
ACK,13789,2026-09-26T17:33:19.228Z,
ACK,13790,2026-09-26T17:33:19.287Z,
ACK,13791,2026-09-26T17:33:19.388Z,
ACK,13792,2026-09-26T17:33:19.491Z,
ACK,13793,2026-09-26T17:33:19.590Z,
ACK,13794,2026-09-26T17:33:19.739Z,
ACK,13795,2026-09-26T17:33:19.799Z,
ACK,13796,2026-09-26T17:33:19.897Z,
ACK,13797,2026-09-26T17:33:20.004Z,
ACK,13798,2026-09-26T17:33:20.097Z,
ACK,13799,2026-09-26T17:33:20.207Z,
ACK,13800,2026-09-26T17:33:20.299Z,
ACK,13801,2026-09-26T17:33:20.412Z,
ACK,13802,2026-09-26T17:33:20.496Z,
ACK,13803,2026-09-26T17:33:20.622Z,
ACK,13804,2026-09-26T17:33:20.701Z,
ACK,13805,2026-09-26T17:33:20.804Z,
ACK,13806,2026-09-26T17:33:20.901Z,
ACK,13807,2026-09-26T17:33:21.002Z,
FAIL,13808,2026-09-26T17:33:24.018Z,no response within 3s (worker killed)
RECONNECT,13808,2026-09-26T17:33:26.078Z,connected
ACK,13808,2026-09-26T17:33:26.185Z,
ACK,13809,2026-09-26T17:33:26.285Z,
ACK,13810,2026-09-26T17:33:26.385Z,
ACK,13811,2026-09-26T17:33:26.484Z,
ACK,13812,2026-09-26T17:33:26.599Z,
ACK,13813,2026-09-26T17:33:26.724Z,
ACK,13814,2026-09-26T17:33:26.821Z,
ACK,13815,2026-09-26T17:33:26.928Z,
ACK,13816,2026-09-26T17:33:27.027Z,
ACK,13817,2026-09-26T17:33:27.131Z,
ACK,13818,2026-09-26T17:33:27.248Z,
ACK,13819,2026-09-26T17:33:27.345Z,
ACK,13820,2026-09-26T17:33:27.450Z,
ACK,13821,2026-09-26T17:33:27.549Z,
ACK,13822,2026-09-26T17:33:27.651Z,
ACK,13823,2026-09-26T17:33:27.745Z,
ACK,13824,2026-09-26T17:33:28.061Z,
ACK,13825,2026-09-26T17:33:28.162Z,
ACK,13826,2026-09-26T17:33:28.265Z,
ACK,13827,2026-09-26T17:33:28.364Z,
ACK,13828,2026-09-26T17:33:28.486Z,
ACK,13829,2026-09-26T17:33:28.590Z,
ACK,13830,2026-09-26T17:33:28.689Z,
ACK,13831,2026-09-26T17:33:28.795Z,
ACK,13832,2026-09-26T17:33:28.901Z,
ACK,13833,2026-09-26T17:33:28.998Z,
ACK,13834,2026-09-26T17:33:29.100Z,
ACK,13835,2026-09-26T17:33:29.214Z,
ACK,13836,2026-09-26T17:33:29.314Z,
ACK,13837,2026-09-26T17:33:29.429Z,
ACK,13838,2026-09-26T17:33:29.575Z,
ACK,13839,2026-09-26T17:33:29.682Z,
ACK,13840,2026-09-26T17:33:29.782Z,
ACK,13841,2026-09-26T17:33:29.897Z,
ACK,13842,2026-09-26T17:33:30.000Z,
ACK,13843,2026-09-26T17:33:30.111Z,
ACK,13844,2026-09-26T17:33:30.208Z,
ACK,13845,2026-09-26T17:33:30.317Z,
ACK,13846,2026-09-26T17:33:30.429Z,
ACK,13847,2026-09-26T17:33:30.562Z,
ACK,13848,2026-09-26T17:33:30.673Z,
ACK,13849,2026-09-26T17:33:30.782Z,
ACK,13850,2026-09-26T17:33:30.960Z,
ACK,13851,2026-09-26T17:33:31.056Z,
ACK,13852,2026-09-26T17:33:31.187Z,
ACK,13853,2026-09-26T17:33:31.292Z,
ACK,13854,2026-09-26T17:33:31.404Z,
ACK,13855,2026-09-26T17:33:31.525Z,
ACK,13856,2026-09-26T17:33:31.621Z,
ACK,13857,2026-09-26T17:33:31.747Z,
ACK,13858,2026-09-26T17:33:31.869Z,
ACK,13859,2026-09-26T17:33:31.984Z,
ACK,13860,2026-09-26T17:33:32.106Z,
ACK,13861,2026-09-26T17:33:32.224Z,
ACK,13862,2026-09-26T17:33:32.345Z,
ACK,13863,2026-09-26T17:33:32.440Z,
ACK,13864,2026-09-26T17:33:32.540Z,
ACK,13865,2026-09-26T17:33:32.645Z,
ACK,13866,2026-09-26T17:33:32.744Z,
ACK,13867,2026-09-26T17:33:32.842Z,
ACK,13868,2026-09-26T17:33:32.945Z,
ACK,13869,2026-09-26T17:33:33.078Z,
ACK,13870,2026-09-26T17:33:33.173Z,
ACK,13871,2026-09-26T17:33:33.274Z,
ACK,13872,2026-09-26T17:33:33.377Z,
ACK,13873,2026-09-26T17:33:33.478Z,
ACK,13874,2026-09-26T17:33:33.580Z,
ACK,13875,2026-09-26T17:33:33.685Z,
ACK,13876,2026-09-26T17:33:33.782Z,
ACK,13877,2026-09-26T17:33:33.881Z,
ACK,13878,2026-09-26T17:33:33.980Z,
ACK,13879,2026-09-26T17:33:34.117Z,
ACK,13880,2026-09-26T17:33:34.216Z,
ACK,13881,2026-09-26T17:33:34.312Z,
ACK,13882,2026-09-26T17:33:34.413Z,
ACK,13883,2026-09-26T17:33:34.521Z,
ACK,13884,2026-09-26T17:33:34.624Z,
ACK,13885,2026-09-26T17:33:34.720Z,
ACK,13886,2026-09-26T17:33:34.827Z,
ACK,13887,2026-09-26T17:33:34.950Z,
ACK,13888,2026-09-26T17:33:35.049Z,
ACK,13889,2026-09-26T17:33:35.213Z,
ACK,13890,2026-09-26T17:33:35.318Z,
ACK,13891,2026-09-26T17:33:35.420Z,
ACK,13892,2026-09-26T17:33:35.599Z,
ACK,13893,2026-09-26T17:33:35.699Z,
ACK,13894,2026-09-26T17:33:35.803Z,
ACK,13895,2026-09-26T17:33:35.903Z,
ACK,13896,2026-09-26T17:33:36.020Z,
ACK,13897,2026-09-26T17:33:36.134Z,
ACK,13898,2026-09-26T17:33:36.249Z,
ACK,13899,2026-09-26T17:33:36.371Z,
ACK,13900,2026-09-26T17:33:36.475Z,
ACK,13901,2026-09-26T17:33:36.577Z,
ACK,13902,2026-09-26T17:33:36.672Z,
ACK,13903,2026-09-26T17:33:36.774Z,
ACK,13904,2026-09-26T17:33:36.961Z,
ACK,13905,2026-09-26T17:33:37.061Z,
ACK,13906,2026-09-26T17:33:37.166Z,
ACK,13907,2026-09-26T17:33:37.294Z,
ACK,13908,2026-09-26T17:33:37.390Z,
ACK,13909,2026-09-26T17:33:37.490Z,
ACK,13910,2026-09-26T17:33:37.599Z,
ACK,13911,2026-09-26T17:33:37.699Z,
ACK,13912,2026-09-26T17:33:37.800Z,
ACK,13913,2026-09-26T17:33:37.900Z,
ACK,13914,2026-09-26T17:33:38.006Z,
ACK,13915,2026-09-26T17:33:38.136Z,
ACK,13916,2026-09-26T17:33:38.238Z,
ACK,13917,2026-09-26T17:33:38.368Z,
ACK,13918,2026-09-26T17:33:38.467Z,
ACK,13919,2026-09-26T17:33:38.565Z,
ACK,13920,2026-09-26T17:33:38.665Z,
ACK,13921,2026-09-26T17:33:38.770Z,
ACK,13922,2026-09-26T17:33:38.868Z,
ACK,13923,2026-09-26T17:33:38.966Z,
ACK,13924,2026-09-26T17:33:39.066Z,
ACK,13925,2026-09-26T17:33:39.192Z,
ACK,13926,2026-09-26T17:33:39.307Z,
ACK,13927,2026-09-26T17:33:39.418Z,
ACK,13928,2026-09-26T17:33:39.616Z,
ACK,13929,2026-09-26T17:33:39.718Z,
ACK,13930,2026-09-26T17:33:39.820Z,
ACK,13931,2026-09-26T17:33:39.924Z,
ACK,13932,2026-09-26T17:33:40.024Z,
ACK,13933,2026-09-26T17:33:40.224Z,
ACK,13934,2026-09-26T17:33:40.325Z,
ACK,13935,2026-09-26T17:33:40.426Z,
ACK,13936,2026-09-26T17:33:40.523Z,
ACK,13937,2026-09-26T17:33:40.622Z,
ACK,13938,2026-09-26T17:33:40.725Z,
ACK,13939,2026-09-26T17:33:40.832Z,
ACK,13940,2026-09-26T17:33:40.948Z,
ACK,13941,2026-09-26T17:33:41.110Z,
ACK,13942,2026-09-26T17:33:41.208Z,
ACK,13943,2026-09-26T17:33:41.382Z,
ACK,13944,2026-09-26T17:33:41.489Z,
ACK,13945,2026-09-26T17:33:41.590Z,
ACK,13946,2026-09-26T17:33:41.724Z,
ACK,13947,2026-09-26T17:33:41.821Z,
ACK,13948,2026-09-26T17:33:41.928Z,
ACK,13949,2026-09-26T17:33:42.122Z,
ACK,13950,2026-09-26T17:33:42.217Z,
ACK,13951,2026-09-26T17:33:42.322Z,
ACK,13952,2026-09-26T17:33:42.446Z,
ACK,13953,2026-09-26T17:33:42.541Z,
ACK,13954,2026-09-26T17:33:42.661Z,
ACK,13955,2026-09-26T17:33:42.780Z,
ACK,13956,2026-09-26T17:33:42.889Z,
ACK,13957,2026-09-26T17:33:42.988Z,
ACK,13958,2026-09-26T17:33:43.105Z,
ACK,13959,2026-09-26T17:33:43.207Z,
ACK,13960,2026-09-26T17:33:43.309Z,
ACK,13961,2026-09-26T17:33:43.413Z,
ACK,13962,2026-09-26T17:33:43.511Z,
ACK,13963,2026-09-26T17:33:43.610Z,
ACK,13964,2026-09-26T17:33:43.710Z,
ACK,13965,2026-09-26T17:33:43.814Z,
ACK,13966,2026-09-26T17:33:43.911Z,
ACK,13967,2026-09-26T17:33:44.019Z,
ACK,13968,2026-09-26T17:33:44.116Z,
ACK,13969,2026-09-26T17:33:44.218Z,
ACK,13970,2026-09-26T17:33:44.326Z,
ACK,13971,2026-09-26T17:33:44.426Z,
ACK,13972,2026-09-26T17:33:44.530Z,
ACK,13973,2026-09-26T17:33:44.640Z,
ACK,13974,2026-09-26T17:33:44.752Z,
ACK,13975,2026-09-26T17:33:44.856Z,
ACK,13976,2026-09-26T17:33:45.002Z,
ACK,13977,2026-09-26T17:33:45.138Z,
ACK,13978,2026-09-26T17:33:45.236Z,
ACK,13979,2026-09-26T17:33:45.346Z,
ACK,13980,2026-09-26T17:33:45.462Z,
ACK,13981,2026-09-26T17:33:45.568Z,
ACK,13982,2026-09-26T17:33:45.685Z,
ACK,13983,2026-09-26T17:33:45.812Z,
ACK,13984,2026-09-26T17:33:45.911Z,
ACK,13985,2026-09-26T17:33:46.047Z,
ACK,13986,2026-09-26T17:33:46.151Z,
ACK,13987,2026-09-26T17:33:46.256Z,
ACK,13988,2026-09-26T17:33:46.422Z,
ACK,13989,2026-09-26T17:33:46.552Z,
ACK,13990,2026-09-26T17:33:46.654Z,
ACK,13991,2026-09-26T17:33:46.754Z,
ACK,13992,2026-09-26T17:33:46.850Z,
ACK,13993,2026-09-26T17:33:46.951Z,
ACK,13994,2026-09-26T17:33:47.054Z,
ACK,13995,2026-09-26T17:33:47.154Z,
ACK,13996,2026-09-26T17:33:47.253Z,
ACK,13997,2026-09-26T17:33:47.362Z,
ACK,13998,2026-09-26T17:33:47.456Z,
ACK,13999,2026-09-26T17:33:47.561Z,
ACK,14000,2026-09-26T17:33:47.666Z,
ACK,14001,2026-09-26T17:33:47.770Z,
ACK,14002,2026-09-26T17:33:47.867Z,
ACK,14003,2026-09-26T17:33:47.980Z,
ACK,14004,2026-09-26T17:33:48.223Z,
ACK,14005,2026-09-26T17:33:48.322Z,
ACK,14006,2026-09-26T17:33:48.421Z,
ACK,14007,2026-09-26T17:33:48.522Z,
ACK,14008,2026-09-26T17:33:48.626Z,
ACK,14009,2026-09-26T17:33:48.721Z,
ACK,14010,2026-09-26T17:33:48.827Z,
ACK,14011,2026-09-26T17:33:48.926Z,
ACK,14012,2026-09-26T17:33:49.042Z,
ACK,14013,2026-09-26T17:33:49.166Z,
ACK,14014,2026-09-26T17:33:49.286Z,
ACK,14015,2026-09-26T17:33:49.387Z,
ACK,14016,2026-09-26T17:33:49.486Z,
ACK,14017,2026-09-26T17:33:49.599Z,
ACK,14018,2026-09-26T17:33:49.699Z,
ACK,14019,2026-09-26T17:33:49.795Z,
ACK,14020,2026-09-26T17:33:49.899Z,
ACK,14021,2026-09-26T17:33:49.999Z,
ACK,14022,2026-09-26T17:33:50.125Z,
ACK,14023,2026-09-26T17:33:50.221Z,
ACK,14024,2026-09-26T17:33:50.321Z,
ACK,14025,2026-09-26T17:33:50.427Z,
ACK,14026,2026-09-26T17:33:50.525Z,
ACK,14027,2026-09-26T17:33:50.632Z,
ACK,14028,2026-09-26T17:33:50.731Z,
ACK,14029,2026-09-26T17:33:50.830Z,
ACK,14030,2026-09-26T17:33:50.939Z,
ACK,14031,2026-09-26T17:33:51.037Z,
ACK,14032,2026-09-26T17:33:51.139Z,
ACK,14033,2026-09-26T17:33:51.244Z,
ACK,14034,2026-09-26T17:33:51.344Z,
ACK,14035,2026-09-26T17:33:51.461Z,
ACK,14036,2026-09-26T17:33:51.561Z,
ACK,14037,2026-09-26T17:33:51.677Z,
ACK,14038,2026-09-26T17:33:51.782Z,
ACK,14039,2026-09-26T17:33:52.095Z,
ACK,14040,2026-09-26T17:33:52.194Z,
ACK,14041,2026-09-26T17:33:52.294Z,
ACK,14042,2026-09-26T17:33:52.391Z,
ACK,14043,2026-09-26T17:33:52.488Z,
ACK,14044,2026-09-26T17:33:52.624Z,
ACK,14045,2026-09-26T17:33:52.728Z,
ACK,14046,2026-09-26T17:33:52.863Z,
ACK,14047,2026-09-26T17:33:52.971Z,
ACK,14048,2026-09-26T17:33:53.071Z,
ACK,14049,2026-09-26T17:33:53.170Z,
ACK,14050,2026-09-26T17:33:53.400Z,
ACK,14051,2026-09-26T17:33:53.500Z,
ACK,14052,2026-09-26T17:33:53.599Z,
ACK,14053,2026-09-26T17:33:53.707Z,
ACK,14054,2026-09-26T17:33:53.831Z,
ACK,14055,2026-09-26T17:33:53.934Z,
ACK,14056,2026-09-26T17:33:54.035Z,
ACK,14057,2026-09-26T17:33:54.135Z,
ACK,14058,2026-09-26T17:33:54.232Z,
ACK,14059,2026-09-26T17:33:54.347Z,
ACK,14060,2026-09-26T17:33:54.456Z,
ACK,14061,2026-09-26T17:33:54.564Z,
ACK,14062,2026-09-26T17:33:54.665Z,
ACK,14063,2026-09-26T17:33:54.779Z,
ACK,14064,2026-09-26T17:33:54.899Z,
ACK,14065,2026-09-26T17:33:55.022Z,
ACK,14066,2026-09-26T17:33:55.122Z,
ACK,14067,2026-09-26T17:33:55.223Z,
ACK,14068,2026-09-26T17:33:55.321Z,
ACK,14069,2026-09-26T17:33:55.425Z,
ACK,14070,2026-09-26T17:33:55.532Z,
ACK,14071,2026-09-26T17:33:55.632Z,
ACK,14072,2026-09-26T17:33:55.745Z,
ACK,14073,2026-09-26T17:33:55.844Z,
ACK,14074,2026-09-26T17:33:55.947Z,
ACK,14075,2026-09-26T17:33:56.046Z,
ACK,14076,2026-09-26T17:33:56.151Z,
ACK,14077,2026-09-26T17:33:56.283Z,
ACK,14078,2026-09-26T17:33:56.379Z,
ACK,14079,2026-09-26T17:33:56.485Z,
ACK,14080,2026-09-26T17:33:56.582Z,
ACK,14081,2026-09-26T17:33:56.687Z,
ACK,14082,2026-09-26T17:33:56.793Z,
ACK,14083,2026-09-26T17:33:57.100Z,
ACK,14084,2026-09-26T17:33:57.205Z,
ACK,14085,2026-09-26T17:33:57.494Z,
ACK,14086,2026-09-26T17:33:57.598Z,
ACK,14087,2026-09-26T17:33:57.695Z,
ACK,14088,2026-09-26T17:33:57.796Z,
ACK,14089,2026-09-26T17:33:58.105Z,
ACK,14090,2026-09-26T17:33:58.223Z,
ACK,14091,2026-09-26T17:33:58.372Z,
ACK,14092,2026-09-26T17:33:58.477Z,
ACK,14093,2026-09-26T17:33:58.572Z,
ACK,14094,2026-09-26T17:33:58.678Z,
ACK,14095,2026-09-26T17:33:58.799Z,
ACK,14096,2026-09-26T17:33:58.923Z,
ACK,14097,2026-09-26T17:33:59.037Z,
ACK,14098,2026-09-26T17:33:59.132Z,
ACK,14099,2026-09-26T17:33:59.235Z,
ACK,14100,2026-09-26T17:33:59.336Z,
ACK,14101,2026-09-26T17:33:59.434Z,
ACK,14102,2026-09-26T17:33:59.535Z,
ACK,14103,2026-09-26T17:33:59.663Z,
ACK,14104,2026-09-26T17:33:59.764Z,
ACK,14105,2026-09-26T17:33:59.865Z,
ACK,14106,2026-09-26T17:33:59.966Z,
ACK,14107,2026-09-26T17:34:00.065Z,
ACK,14108,2026-09-26T17:34:00.163Z,
ACK,14109,2026-09-26T17:34:00.266Z,
ACK,14110,2026-09-26T17:34:00.376Z,
ACK,14111,2026-09-26T17:34:00.508Z,
ACK,14112,2026-09-26T17:34:00.612Z,
ACK,14113,2026-09-26T17:34:00.726Z,
ACK,14114,2026-09-26T17:34:00.833Z,
ACK,14115,2026-09-26T17:34:00.953Z,
ACK,14116,2026-09-26T17:34:01.140Z,
ACK,14117,2026-09-26T17:34:01.281Z,
ACK,14118,2026-09-26T17:34:01.411Z,
ACK,14119,2026-09-26T17:34:01.650Z,
ACK,14120,2026-09-26T17:34:01.745Z,
ACK,14121,2026-09-26T17:34:02.128Z,
ACK,14122,2026-09-26T17:34:02.235Z,
ACK,14123,2026-09-26T17:34:02.345Z,
ACK,14124,2026-09-26T17:34:02.448Z,
ACK,14125,2026-09-26T17:34:02.541Z,
ACK,14126,2026-09-26T17:34:02.651Z,
ACK,14127,2026-09-26T17:34:02.752Z,
ACK,14128,2026-09-26T17:34:02.868Z,
ACK,14129,2026-09-26T17:34:02.965Z,
ACK,14130,2026-09-26T17:34:03.070Z,
ACK,14131,2026-09-26T17:34:03.166Z,
ACK,14132,2026-09-26T17:34:03.270Z,
ACK,14133,2026-09-26T17:34:03.365Z,
ACK,14134,2026-09-26T17:34:03.490Z,
ACK,14135,2026-09-26T17:34:03.625Z,
ACK,14136,2026-09-26T17:34:03.752Z,
ACK,14137,2026-09-26T17:34:03.890Z,
ACK,14138,2026-09-26T17:34:03.997Z,
ACK,14139,2026-09-26T17:34:04.115Z,
ACK,14140,2026-09-26T17:34:04.247Z,
ACK,14141,2026-09-26T17:34:04.380Z,
ACK,14142,2026-09-26T17:34:04.486Z,
ACK,14143,2026-09-26T17:34:04.604Z,
ACK,14144,2026-09-26T17:34:04.744Z,
